title,description,status,priority,due_date,assigned_email
Performance task 1,Generated test row 1,todo,medium,2026-12-31,
Performance task 2,Generated test row 2,todo,medium,2026-12-31,
Performance task 3,Generated test row 3,in_progress,medium,2026-12-31,
Performance task 4,Generated test row 4,todo,medium,2026-12-31,
Performance task 5,Generated test row 5,todo,medium,2026-12-31,
Performance task 6,Generated test row 6,in_progress,medium,2026-12-31,
Performance task 7,Generated test row 7,todo,medium,2026-12-31,
Performance task 8,Generated test row 8,todo,medium,2026-12-31,
Performance task 9,Generated test row 9,in_progress,medium,2026-12-31,
Performance task 10,Generated test row 10,todo,high,2026-12-31,
Performance task 11,Generated test row 11,todo,medium,2026-12-31,
Performance task 12,Generated test row 12,in_progress,medium,2026-12-31,
Performance task 13,Generated test row 13,todo,medium,2026-12-31,
Performance task 14,Generated test row 14,todo,medium,2026-12-31,
Performance task 15,Generated test row 15,in_progress,medium,2026-12-31,
Performance task 16,Generated test row 16,todo,medium,2026-12-31,
Performance task 17,Generated test row 17,todo,medium,2026-12-31,
Performance task 18,Generated test row 18,in_progress,medium,2026-12-31,
Performance task 19,Generated test row 19,todo,medium,2026-12-31,
Performance task 20,Generated test row 20,todo,high,2026-12-31,
Performance task 21,Generated test row 21,in_progress,medium,2026-12-31,
Performance task 22,Generated test row 22,todo,medium,2026-12-31,
Performance task 23,Generated test row 23,todo,medium,2026-12-31,
Performance task 24,Generated test row 24,in_progress,medium,2026-12-31,
Performance task 25,Generated test row 25,todo,medium,2026-12-31,
Performance task 26,Generated test row 26,todo,medium,2026-12-31,
Performance task 27,Generated test row 27,in_progress,medium,2026-12-31,
Performance task 28,Generated test row 28,todo,medium,2026-12-31,
Performance task 29,Generated test row 29,todo,medium,2026-12-31,
Performance task 30,Generated test row 30,in_progress,high,2026-12-31,
Performance task 31,Generated test row 31,todo,medium,2026-12-31,
Performance task 32,Generated test row 32,todo,medium,2026-12-31,
Performance task 33,Generated test row 33,in_progress,medium,2026-12-31,
Performance task 34,Generated test row 34,todo,medium,2026-12-31,
Performance task 35,Generated test row 35,todo,medium,2026-12-31,
Performance task 36,Generated test row 36,in_progress,medium,2026-12-31,
Performance task 37,Generated test row 37,todo,medium,2026-12-31,
Performance task 38,Generated test row 38,todo,medium,2026-12-31,
Performance task 39,Generated test row 39,in_progress,medium,2026-12-31,
Performance task 40,Generated test row 40,todo,high,2026-12-31,
Performance task 41,Generated test row 41,todo,medium,2026-12-31,
Performance task 42,Generated test row 42,in_progress,medium,2026-12-31,
Performance task 43,Generated test row 43,todo,medium,2026-12-31,
Performance task 44,Generated test row 44,todo,medium,2026-12-31,
Performance task 45,Generated test row 45,in_progress,medium,2026-12-31,
Performance task 46,Generated test row 46,todo,medium,2026-12-31,
Performance task 47,Generated test row 47,todo,medium,2026-12-31,
Performance task 48,Generated test row 48,in_progress,medium,2026-12-31,
Performance task 49,Generated test row 49,todo,medium,2026-12-31,
Performance task 50,Generated test row 50,todo,high,2026-12-31,
Performance task 51,Generated test row 51,in_progress,medium,2026-12-31,
Performance task 52,Generated test row 52,todo,medium,2026-12-31,
Performance task 53,Generated test row 53,todo,medium,2026-12-31,
Performance task 54,Generated test row 54,in_progress,medium,2026-12-31,
Performance task 55,Generated test row 55,todo,medium,2026-12-31,
Performance task 56,Generated test row 56,todo,medium,2026-12-31,
Performance task 57,Generated test row 57,in_progress,medium,2026-12-31,
Performance task 58,Generated test row 58,todo,medium,2026-12-31,
Performance task 59,Generated test row 59,todo,medium,2026-12-31,
Performance task 60,Generated test row 60,in_progress,high,2026-12-31,
Performance task 61,Generated test row 61,todo,medium,2026-12-31,
Performance task 62,Generated test row 62,todo,medium,2026-12-31,
Performance task 63,Generated test row 63,in_progress,medium,2026-12-31,
Performance task 64,Generated test row 64,todo,medium,2026-12-31,
Performance task 65,Generated test row 65,todo,medium,2026-12-31,
Performance task 66,Generated test row 66,in_progress,medium,2026-12-31,
Performance task 67,Generated test row 67,todo,medium,2026-12-31,
Performance task 68,Generated test row 68,todo,medium,2026-12-31,
Performance task 69,Generated test row 69,in_progress,medium,2026-12-31,
Performance task 70,Generated test row 70,todo,high,2026-12-31,
Performance task 71,Generated test row 71,todo,medium,2026-12-31,
Performance task 72,Generated test row 72,in_progress,medium,2026-12-31,
Performance task 73,Generated test row 73,todo,medium,2026-12-31,
Performance task 74,Generated test row 74,todo,medium,2026-12-31,
Performance task 75,Generated test row 75,in_progress,medium,2026-12-31,
Performance task 76,Generated test row 76,todo,medium,2026-12-31,
Performance task 77,Generated test row 77,todo,medium,2026-12-31,
Performance task 78,Generated test row 78,in_progress,medium,2026-12-31,
Performance task 79,Generated test row 79,todo,medium,2026-12-31,
Performance task 80,Generated test row 80,todo,high,2026-12-31,
Performance task 81,Generated test row 81,in_progress,medium,2026-12-31,
Performance task 82,Generated test row 82,todo,medium,2026-12-31,
Performance task 83,Generated test row 83,todo,medium,2026-12-31,
Performance task 84,Generated test row 84,in_progress,medium,2026-12-31,
Performance task 85,Generated test row 85,todo,medium,2026-12-31,
Performance task 86,Generated test row 86,todo,medium,2026-12-31,
Performance task 87,Generated test row 87,in_progress,medium,2026-12-31,
Performance task 88,Generated test row 88,todo,medium,2026-12-31,
Performance task 89,Generated test row 89,todo,medium,2026-12-31,
Performance task 90,Generated test row 90,in_progress,high,2026-12-31,
Performance task 91,Generated test row 91,todo,medium,2026-12-31,
Performance task 92,Generated test row 92,todo,medium,2026-12-31,
Performance task 93,Generated test row 93,in_progress,medium,2026-12-31,
Performance task 94,Generated test row 94,todo,medium,2026-12-31,
Performance task 95,Generated test row 95,todo,medium,2026-12-31,
Performance task 96,Generated test row 96,in_progress,medium,2026-12-31,
Performance task 97,Generated test row 97,todo,medium,2026-12-31,
Performance task 98,Generated test row 98,todo,medium,2026-12-31,
Performance task 99,Generated test row 99,in_progress,medium,2026-12-31,
Performance task 100,Generated test row 100,invalid_status,high,2026-12-31,
Performance task 101,Generated test row 101,todo,medium,2026-12-31,
Performance task 102,Generated test row 102,in_progress,medium,2026-12-31,
Performance task 103,Generated test row 103,todo,medium,2026-12-31,
Performance task 104,Generated test row 104,todo,medium,2026-12-31,
Performance task 105,Generated test row 105,in_progress,medium,2026-12-31,
Performance task 106,Generated test row 106,todo,medium,2026-12-31,
Performance task 107,Generated test row 107,todo,medium,2026-12-31,
Performance task 108,Generated test row 108,in_progress,medium,2026-12-31,
Performance task 109,Generated test row 109,todo,medium,2026-12-31,
Performance task 110,Generated test row 110,todo,high,2026-12-31,
Performance task 111,Generated test row 111,in_progress,medium,2026-12-31,
Performance task 112,Generated test row 112,todo,medium,2026-12-31,
Performance task 113,Generated test row 113,todo,medium,2026-12-31,
Performance task 114,Generated test row 114,in_progress,medium,2026-12-31,
Performance task 115,Generated test row 115,todo,medium,2026-12-31,
Performance task 116,Generated test row 116,todo,medium,2026-12-31,
Performance task 117,Generated test row 117,in_progress,medium,2026-12-31,
Performance task 118,Generated test row 118,todo,medium,2026-12-31,
Performance task 119,Generated test row 119,todo,medium,2026-12-31,
Performance task 120,Generated test row 120,in_progress,high,2026-12-31,
Performance task 121,Generated test row 121,todo,medium,2026-12-31,
Performance task 122,Generated test row 122,todo,medium,2026-12-31,
Performance task 123,Generated test row 123,in_progress,medium,2026-12-31,
Performance task 124,Generated test row 124,todo,medium,2026-12-31,
Performance task 125,Generated test row 125,todo,medium,2026-12-31,
Performance task 126,Generated test row 126,in_progress,medium,2026-12-31,
Performance task 127,Generated test row 127,todo,medium,2026-12-31,
Performance task 128,Generated test row 128,todo,medium,2026-12-31,
Performance task 129,Generated test row 129,in_progress,medium,2026-12-31,
Performance task 130,Generated test row 130,todo,high,2026-12-31,
Performance task 131,Generated test row 131,todo,medium,2026-12-31,
Performance task 132,Generated test row 132,in_progress,medium,2026-12-31,
Performance task 133,Generated test row 133,todo,medium,2026-12-31,
Performance task 134,Generated test row 134,todo,medium,2026-12-31,
Performance task 135,Generated test row 135,in_progress,medium,2026-12-31,
Performance task 136,Generated test row 136,todo,medium,2026-12-31,
Performance task 137,Generated test row 137,todo,medium,2026-12-31,
Performance task 138,Generated test row 138,in_progress,medium,2026-12-31,
Performance task 139,Generated test row 139,todo,medium,2026-12-31,
Performance task 140,Generated test row 140,todo,high,2026-12-31,
Performance task 141,Generated test row 141,in_progress,medium,2026-12-31,
Performance task 142,Generated test row 142,todo,medium,2026-12-31,
Performance task 143,Generated test row 143,todo,medium,2026-12-31,
Performance task 144,Generated test row 144,in_progress,medium,2026-12-31,
Performance task 145,Generated test row 145,todo,medium,2026-12-31,
Performance task 146,Generated test row 146,todo,medium,2026-12-31,
Performance task 147,Generated test row 147,in_progress,medium,2026-12-31,
Performance task 148,Generated test row 148,todo,medium,2026-12-31,
Performance task 149,Generated test row 149,todo,medium,2026-12-31,
Performance task 150,Generated test row 150,in_progress,high,2026-12-31,
Performance task 151,Generated test row 151,todo,medium,2026-12-31,
Performance task 152,Generated test row 152,todo,medium,2026-12-31,
Performance task 153,Generated test row 153,in_progress,medium,2026-12-31,
Performance task 154,Generated test row 154,todo,medium,2026-12-31,
Performance task 155,Generated test row 155,todo,medium,2026-12-31,
Performance task 156,Generated test row 156,in_progress,medium,2026-12-31,
Performance task 157,Generated test row 157,todo,medium,2026-12-31,
Performance task 158,Generated test row 158,todo,medium,2026-12-31,
Performance task 159,Generated test row 159,in_progress,medium,2026-12-31,
Performance task 160,Generated test row 160,todo,high,2026-12-31,
Performance task 161,Generated test row 161,todo,medium,2026-12-31,
Performance task 162,Generated test row 162,in_progress,medium,2026-12-31,
Performance task 163,Generated test row 163,todo,medium,2026-12-31,
Performance task 164,Generated test row 164,todo,medium,2026-12-31,
Performance task 165,Generated test row 165,in_progress,medium,2026-12-31,
Performance task 166,Generated test row 166,todo,medium,2026-12-31,
Performance task 167,Generated test row 167,todo,medium,2026-12-31,
Performance task 168,Generated test row 168,in_progress,medium,2026-12-31,
Performance task 169,Generated test row 169,todo,medium,2026-12-31,
Performance task 170,Generated test row 170,todo,high,2026-12-31,
Performance task 171,Generated test row 171,in_progress,medium,2026-12-31,
Performance task 172,Generated test row 172,todo,medium,2026-12-31,
Performance task 173,Generated test row 173,todo,medium,2026-12-31,
Performance task 174,Generated test row 174,in_progress,medium,2026-12-31,
Performance task 175,Generated test row 175,todo,medium,2026-12-31,
Performance task 176,Generated test row 176,todo,medium,2026-12-31,
Performance task 177,Generated test row 177,in_progress,medium,2026-12-31,
Performance task 178,Generated test row 178,todo,medium,2026-12-31,
Performance task 179,Generated test row 179,todo,medium,2026-12-31,
Performance task 180,Generated test row 180,in_progress,high,2026-12-31,
Performance task 181,Generated test row 181,todo,medium,2026-12-31,
Performance task 182,Generated test row 182,todo,medium,2026-12-31,
Performance task 183,Generated test row 183,in_progress,medium,2026-12-31,
Performance task 184,Generated test row 184,todo,medium,2026-12-31,
Performance task 185,Generated test row 185,todo,medium,2026-12-31,
Performance task 186,Generated test row 186,in_progress,medium,2026-12-31,
Performance task 187,Generated test row 187,todo,medium,2026-12-31,
Performance task 188,Generated test row 188,todo,medium,2026-12-31,
Performance task 189,Generated test row 189,in_progress,medium,2026-12-31,
Performance task 190,Generated test row 190,todo,high,2026-12-31,
Performance task 191,Generated test row 191,todo,medium,2026-12-31,
Performance task 192,Generated test row 192,in_progress,medium,2026-12-31,
Performance task 193,Generated test row 193,todo,medium,2026-12-31,
Performance task 194,Generated test row 194,todo,medium,2026-12-31,
Performance task 195,Generated test row 195,in_progress,medium,2026-12-31,
Performance task 196,Generated test row 196,todo,medium,2026-12-31,
Performance task 197,Generated test row 197,todo,medium,2026-12-31,
Performance task 198,Generated test row 198,in_progress,medium,2026-12-31,
Performance task 199,Generated test row 199,todo,medium,2026-12-31,
Performance task 200,Generated test row 200,invalid_status,high,2026-12-31,
Performance task 201,Generated test row 201,in_progress,medium,2026-12-31,
Performance task 202,Generated test row 202,todo,medium,2026-12-31,
Performance task 203,Generated test row 203,todo,medium,2026-12-31,
Performance task 204,Generated test row 204,in_progress,medium,2026-12-31,
Performance task 205,Generated test row 205,todo,medium,2026-12-31,
Performance task 206,Generated test row 206,todo,medium,2026-12-31,
Performance task 207,Generated test row 207,in_progress,medium,2026-12-31,
Performance task 208,Generated test row 208,todo,medium,2026-12-31,
Performance task 209,Generated test row 209,todo,medium,2026-12-31,
Performance task 210,Generated test row 210,in_progress,high,2026-12-31,
Performance task 211,Generated test row 211,todo,medium,2026-12-31,
Performance task 212,Generated test row 212,todo,medium,2026-12-31,
Performance task 213,Generated test row 213,in_progress,medium,2026-12-31,
Performance task 214,Generated test row 214,todo,medium,2026-12-31,
Performance task 215,Generated test row 215,todo,medium,2026-12-31,
Performance task 216,Generated test row 216,in_progress,medium,2026-12-31,
Performance task 217,Generated test row 217,todo,medium,2026-12-31,
Performance task 218,Generated test row 218,todo,medium,2026-12-31,
Performance task 219,Generated test row 219,in_progress,medium,2026-12-31,
Performance task 220,Generated test row 220,todo,high,2026-12-31,
Performance task 221,Generated test row 221,todo,medium,2026-12-31,
Performance task 222,Generated test row 222,in_progress,medium,2026-12-31,
Performance task 223,Generated test row 223,todo,medium,2026-12-31,
Performance task 224,Generated test row 224,todo,medium,2026-12-31,
Performance task 225,Generated test row 225,in_progress,medium,2026-12-31,
Performance task 226,Generated test row 226,todo,medium,2026-12-31,
Performance task 227,Generated test row 227,todo,medium,2026-12-31,
Performance task 228,Generated test row 228,in_progress,medium,2026-12-31,
Performance task 229,Generated test row 229,todo,medium,2026-12-31,
Performance task 230,Generated test row 230,todo,high,2026-12-31,
Performance task 231,Generated test row 231,in_progress,medium,2026-12-31,
Performance task 232,Generated test row 232,todo,medium,2026-12-31,
Performance task 233,Generated test row 233,todo,medium,2026-12-31,
Performance task 234,Generated test row 234,in_progress,medium,2026-12-31,
Performance task 235,Generated test row 235,todo,medium,2026-12-31,
Performance task 236,Generated test row 236,todo,medium,2026-12-31,
Performance task 237,Generated test row 237,in_progress,medium,2026-12-31,
Performance task 238,Generated test row 238,todo,medium,2026-12-31,
Performance task 239,Generated test row 239,todo,medium,2026-12-31,
Performance task 240,Generated test row 240,in_progress,high,2026-12-31,
Performance task 241,Generated test row 241,todo,medium,2026-12-31,
Performance task 242,Generated test row 242,todo,medium,2026-12-31,
Performance task 243,Generated test row 243,in_progress,medium,2026-12-31,
Performance task 244,Generated test row 244,todo,medium,2026-12-31,
Performance task 245,Generated test row 245,todo,medium,2026-12-31,
Performance task 246,Generated test row 246,in_progress,medium,2026-12-31,
Performance task 247,Generated test row 247,todo,medium,2026-12-31,
Performance task 248,Generated test row 248,todo,medium,2026-12-31,
Performance task 249,Generated test row 249,in_progress,medium,2026-12-31,
Performance task 250,Generated test row 250,todo,high,2026-12-31,
Performance task 251,Generated test row 251,todo,medium,2026-12-31,
Performance task 252,Generated test row 252,in_progress,medium,2026-12-31,
Performance task 253,Generated test row 253,todo,medium,2026-12-31,
Performance task 254,Generated test row 254,todo,medium,2026-12-31,
Performance task 255,Generated test row 255,in_progress,medium,2026-12-31,
Performance task 256,Generated test row 256,todo,medium,2026-12-31,
Performance task 257,Generated test row 257,todo,medium,2026-12-31,
Performance task 258,Generated test row 258,in_progress,medium,2026-12-31,
Performance task 259,Generated test row 259,todo,medium,2026-12-31,
Performance task 260,Generated test row 260,todo,high,2026-12-31,
Performance task 261,Generated test row 261,in_progress,medium,2026-12-31,
Performance task 262,Generated test row 262,todo,medium,2026-12-31,
Performance task 263,Generated test row 263,todo,medium,2026-12-31,
Performance task 264,Generated test row 264,in_progress,medium,2026-12-31,
Performance task 265,Generated test row 265,todo,medium,2026-12-31,
Performance task 266,Generated test row 266,todo,medium,2026-12-31,
Performance task 267,Generated test row 267,in_progress,medium,2026-12-31,
Performance task 268,Generated test row 268,todo,medium,2026-12-31,
Performance task 269,Generated test row 269,todo,medium,2026-12-31,
Performance task 270,Generated test row 270,in_progress,high,2026-12-31,
Performance task 271,Generated test row 271,todo,medium,2026-12-31,
Performance task 272,Generated test row 272,todo,medium,2026-12-31,
Performance task 273,Generated test row 273,in_progress,medium,2026-12-31,
Performance task 274,Generated test row 274,todo,medium,2026-12-31,
Performance task 275,Generated test row 275,todo,medium,2026-12-31,
Performance task 276,Generated test row 276,in_progress,medium,2026-12-31,
Performance task 277,Generated test row 277,todo,medium,2026-12-31,
Performance task 278,Generated test row 278,todo,medium,2026-12-31,
Performance task 279,Generated test row 279,in_progress,medium,2026-12-31,
Performance task 280,Generated test row 280,todo,high,2026-12-31,
Performance task 281,Generated test row 281,todo,medium,2026-12-31,
Performance task 282,Generated test row 282,in_progress,medium,2026-12-31,
Performance task 283,Generated test row 283,todo,medium,2026-12-31,
Performance task 284,Generated test row 284,todo,medium,2026-12-31,
Performance task 285,Generated test row 285,in_progress,medium,2026-12-31,
Performance task 286,Generated test row 286,todo,medium,2026-12-31,
Performance task 287,Generated test row 287,todo,medium,2026-12-31,
Performance task 288,Generated test row 288,in_progress,medium,2026-12-31,
Performance task 289,Generated test row 289,todo,medium,2026-12-31,
Performance task 290,Generated test row 290,todo,high,2026-12-31,
Performance task 291,Generated test row 291,in_progress,medium,2026-12-31,
Performance task 292,Generated test row 292,todo,medium,2026-12-31,
Performance task 293,Generated test row 293,todo,medium,2026-12-31,
Performance task 294,Generated test row 294,in_progress,medium,2026-12-31,
Performance task 295,Generated test row 295,todo,medium,2026-12-31,
Performance task 296,Generated test row 296,todo,medium,2026-12-31,
Performance task 297,Generated test row 297,in_progress,medium,2026-12-31,
Performance task 298,Generated test row 298,todo,medium,2026-12-31,
Performance task 299,Generated test row 299,todo,medium,2026-12-31,
Performance task 300,Generated test row 300,invalid_status,high,2026-12-31,
Performance task 301,Generated test row 301,todo,medium,2026-12-31,
Performance task 302,Generated test row 302,todo,medium,2026-12-31,
Performance task 303,Generated test row 303,in_progress,medium,2026-12-31,
Performance task 304,Generated test row 304,todo,medium,2026-12-31,
Performance task 305,Generated test row 305,todo,medium,2026-12-31,
Performance task 306,Generated test row 306,in_progress,medium,2026-12-31,
Performance task 307,Generated test row 307,todo,medium,2026-12-31,
Performance task 308,Generated test row 308,todo,medium,2026-12-31,
Performance task 309,Generated test row 309,in_progress,medium,2026-12-31,
Performance task 310,Generated test row 310,todo,high,2026-12-31,
Performance task 311,Generated test row 311,todo,medium,2026-12-31,
Performance task 312,Generated test row 312,in_progress,medium,2026-12-31,
Performance task 313,Generated test row 313,todo,medium,2026-12-31,
Performance task 314,Generated test row 314,todo,medium,2026-12-31,
Performance task 315,Generated test row 315,in_progress,medium,2026-12-31,
Performance task 316,Generated test row 316,todo,medium,2026-12-31,
Performance task 317,Generated test row 317,todo,medium,2026-12-31,
Performance task 318,Generated test row 318,in_progress,medium,2026-12-31,
Performance task 319,Generated test row 319,todo,medium,2026-12-31,
Performance task 320,Generated test row 320,todo,high,2026-12-31,
Performance task 321,Generated test row 321,in_progress,medium,2026-12-31,
Performance task 322,Generated test row 322,todo,medium,2026-12-31,
Performance task 323,Generated test row 323,todo,medium,2026-12-31,
Performance task 324,Generated test row 324,in_progress,medium,2026-12-31,
Performance task 325,Generated test row 325,todo,medium,2026-12-31,
Performance task 326,Generated test row 326,todo,medium,2026-12-31,
Performance task 327,Generated test row 327,in_progress,medium,2026-12-31,
Performance task 328,Generated test row 328,todo,medium,2026-12-31,
Performance task 329,Generated test row 329,todo,medium,2026-12-31,
Performance task 330,Generated test row 330,in_progress,high,2026-12-31,
Performance task 331,Generated test row 331,todo,medium,2026-12-31,
Performance task 332,Generated test row 332,todo,medium,2026-12-31,
Performance task 333,Generated test row 333,in_progress,medium,2026-12-31,
Performance task 334,Generated test row 334,todo,medium,2026-12-31,
Performance task 335,Generated test row 335,todo,medium,2026-12-31,
Performance task 336,Generated test row 336,in_progress,medium,2026-12-31,
Performance task 337,Generated test row 337,todo,medium,2026-12-31,
Performance task 338,Generated test row 338,todo,medium,2026-12-31,
Performance task 339,Generated test row 339,in_progress,medium,2026-12-31,
Performance task 340,Generated test row 340,todo,high,2026-12-31,
Performance task 341,Generated test row 341,todo,medium,2026-12-31,
Performance task 342,Generated test row 342,in_progress,medium,2026-12-31,
Performance task 343,Generated test row 343,todo,medium,2026-12-31,
Performance task 344,Generated test row 344,todo,medium,2026-12-31,
Performance task 345,Generated test row 345,in_progress,medium,2026-12-31,
Performance task 346,Generated test row 346,todo,medium,2026-12-31,
Performance task 347,Generated test row 347,todo,medium,2026-12-31,
Performance task 348,Generated test row 348,in_progress,medium,2026-12-31,
Performance task 349,Generated test row 349,todo,medium,2026-12-31,
Performance task 350,Generated test row 350,todo,high,2026-12-31,
Performance task 351,Generated test row 351,in_progress,medium,2026-12-31,
Performance task 352,Generated test row 352,todo,medium,2026-12-31,
Performance task 353,Generated test row 353,todo,medium,2026-12-31,
Performance task 354,Generated test row 354,in_progress,medium,2026-12-31,
Performance task 355,Generated test row 355,todo,medium,2026-12-31,
Performance task 356,Generated test row 356,todo,medium,2026-12-31,
Performance task 357,Generated test row 357,in_progress,medium,2026-12-31,
Performance task 358,Generated test row 358,todo,medium,2026-12-31,
Performance task 359,Generated test row 359,todo,medium,2026-12-31,
Performance task 360,Generated test row 360,in_progress,high,2026-12-31,
Performance task 361,Generated test row 361,todo,medium,2026-12-31,
Performance task 362,Generated test row 362,todo,medium,2026-12-31,
Performance task 363,Generated test row 363,in_progress,medium,2026-12-31,
Performance task 364,Generated test row 364,todo,medium,2026-12-31,
Performance task 365,Generated test row 365,todo,medium,2026-12-31,
Performance task 366,Generated test row 366,in_progress,medium,2026-12-31,
Performance task 367,Generated test row 367,todo,medium,2026-12-31,
Performance task 368,Generated test row 368,todo,medium,2026-12-31,
Performance task 369,Generated test row 369,in_progress,medium,2026-12-31,
Performance task 370,Generated test row 370,todo,high,2026-12-31,
Performance task 371,Generated test row 371,todo,medium,2026-12-31,
Performance task 372,Generated test row 372,in_progress,medium,2026-12-31,
Performance task 373,Generated test row 373,todo,medium,2026-12-31,
Performance task 374,Generated test row 374,todo,medium,2026-12-31,
Performance task 375,Generated test row 375,in_progress,medium,2026-12-31,
Performance task 376,Generated test row 376,todo,medium,2026-12-31,
Performance task 377,Generated test row 377,todo,medium,2026-12-31,
Performance task 378,Generated test row 378,in_progress,medium,2026-12-31,
Performance task 379,Generated test row 379,todo,medium,2026-12-31,
Performance task 380,Generated test row 380,todo,high,2026-12-31,
Performance task 381,Generated test row 381,in_progress,medium,2026-12-31,
Performance task 382,Generated test row 382,todo,medium,2026-12-31,
Performance task 383,Generated test row 383,todo,medium,2026-12-31,
Performance task 384,Generated test row 384,in_progress,medium,2026-12-31,
Performance task 385,Generated test row 385,todo,medium,2026-12-31,
Performance task 386,Generated test row 386,todo,medium,2026-12-31,
Performance task 387,Generated test row 387,in_progress,medium,2026-12-31,
Performance task 388,Generated test row 388,todo,medium,2026-12-31,
Performance task 389,Generated test row 389,todo,medium,2026-12-31,
Performance task 390,Generated test row 390,in_progress,high,2026-12-31,
Performance task 391,Generated test row 391,todo,medium,2026-12-31,
Performance task 392,Generated test row 392,todo,medium,2026-12-31,
Performance task 393,Generated test row 393,in_progress,medium,2026-12-31,
Performance task 394,Generated test row 394,todo,medium,2026-12-31,
Performance task 395,Generated test row 395,todo,medium,2026-12-31,
Performance task 396,Generated test row 396,in_progress,medium,2026-12-31,
Performance task 397,Generated test row 397,todo,medium,2026-12-31,
Performance task 398,Generated test row 398,todo,medium,2026-12-31,
Performance task 399,Generated test row 399,in_progress,medium,2026-12-31,
Performance task 400,Generated test row 400,invalid_status,high,2026-12-31,
Performance task 401,Generated test row 401,todo,medium,2026-12-31,
Performance task 402,Generated test row 402,in_progress,medium,2026-12-31,
Performance task 403,Generated test row 403,todo,medium,2026-12-31,
Performance task 404,Generated test row 404,todo,medium,2026-12-31,
Performance task 405,Generated test row 405,in_progress,medium,2026-12-31,
Performance task 406,Generated test row 406,todo,medium,2026-12-31,
Performance task 407,Generated test row 407,todo,medium,2026-12-31,
Performance task 408,Generated test row 408,in_progress,medium,2026-12-31,
Performance task 409,Generated test row 409,todo,medium,2026-12-31,
Performance task 410,Generated test row 410,todo,high,2026-12-31,
Performance task 411,Generated test row 411,in_progress,medium,2026-12-31,
Performance task 412,Generated test row 412,todo,medium,2026-12-31,
Performance task 413,Generated test row 413,todo,medium,2026-12-31,
Performance task 414,Generated test row 414,in_progress,medium,2026-12-31,
Performance task 415,Generated test row 415,todo,medium,2026-12-31,
Performance task 416,Generated test row 416,todo,medium,2026-12-31,
Performance task 417,Generated test row 417,in_progress,medium,2026-12-31,
Performance task 418,Generated test row 418,todo,medium,2026-12-31,
Performance task 419,Generated test row 419,todo,medium,2026-12-31,
Performance task 420,Generated test row 420,in_progress,high,2026-12-31,
Performance task 421,Generated test row 421,todo,medium,2026-12-31,
Performance task 422,Generated test row 422,todo,medium,2026-12-31,
Performance task 423,Generated test row 423,in_progress,medium,2026-12-31,
Performance task 424,Generated test row 424,todo,medium,2026-12-31,
Performance task 425,Generated test row 425,todo,medium,2026-12-31,
Performance task 426,Generated test row 426,in_progress,medium,2026-12-31,
Performance task 427,Generated test row 427,todo,medium,2026-12-31,
Performance task 428,Generated test row 428,todo,medium,2026-12-31,
Performance task 429,Generated test row 429,in_progress,medium,2026-12-31,
Performance task 430,Generated test row 430,todo,high,2026-12-31,
Performance task 431,Generated test row 431,todo,medium,2026-12-31,
Performance task 432,Generated test row 432,in_progress,medium,2026-12-31,
Performance task 433,Generated test row 433,todo,medium,2026-12-31,
Performance task 434,Generated test row 434,todo,medium,2026-12-31,
Performance task 435,Generated test row 435,in_progress,medium,2026-12-31,
Performance task 436,Generated test row 436,todo,medium,2026-12-31,
Performance task 437,Generated test row 437,todo,medium,2026-12-31,
Performance task 438,Generated test row 438,in_progress,medium,2026-12-31,
Performance task 439,Generated test row 439,todo,medium,2026-12-31,
Performance task 440,Generated test row 440,todo,high,2026-12-31,
Performance task 441,Generated test row 441,in_progress,medium,2026-12-31,
Performance task 442,Generated test row 442,todo,medium,2026-12-31,
Performance task 443,Generated test row 443,todo,medium,2026-12-31,
Performance task 444,Generated test row 444,in_progress,medium,2026-12-31,
Performance task 445,Generated test row 445,todo,medium,2026-12-31,
Performance task 446,Generated test row 446,todo,medium,2026-12-31,
Performance task 447,Generated test row 447,in_progress,medium,2026-12-31,
Performance task 448,Generated test row 448,todo,medium,2026-12-31,
Performance task 449,Generated test row 449,todo,medium,2026-12-31,
Performance task 450,Generated test row 450,in_progress,high,2026-12-31,
Performance task 451,Generated test row 451,todo,medium,2026-12-31,
Performance task 452,Generated test row 452,todo,medium,2026-12-31,
Performance task 453,Generated test row 453,in_progress,medium,2026-12-31,
Performance task 454,Generated test row 454,todo,medium,2026-12-31,
Performance task 455,Generated test row 455,todo,medium,2026-12-31,
Performance task 456,Generated test row 456,in_progress,medium,2026-12-31,
Performance task 457,Generated test row 457,todo,medium,2026-12-31,
Performance task 458,Generated test row 458,todo,medium,2026-12-31,
Performance task 459,Generated test row 459,in_progress,medium,2026-12-31,
Performance task 460,Generated test row 460,todo,high,2026-12-31,
Performance task 461,Generated test row 461,todo,medium,2026-12-31,
Performance task 462,Generated test row 462,in_progress,medium,2026-12-31,
Performance task 463,Generated test row 463,todo,medium,2026-12-31,
Performance task 464,Generated test row 464,todo,medium,2026-12-31,
Performance task 465,Generated test row 465,in_progress,medium,2026-12-31,
Performance task 466,Generated test row 466,todo,medium,2026-12-31,
Performance task 467,Generated test row 467,todo,medium,2026-12-31,
Performance task 468,Generated test row 468,in_progress,medium,2026-12-31,
Performance task 469,Generated test row 469,todo,medium,2026-12-31,
Performance task 470,Generated test row 470,todo,high,2026-12-31,
Performance task 471,Generated test row 471,in_progress,medium,2026-12-31,
Performance task 472,Generated test row 472,todo,medium,2026-12-31,
Performance task 473,Generated test row 473,todo,medium,2026-12-31,
Performance task 474,Generated test row 474,in_progress,medium,2026-12-31,
Performance task 475,Generated test row 475,todo,medium,2026-12-31,
Performance task 476,Generated test row 476,todo,medium,2026-12-31,
Performance task 477,Generated test row 477,in_progress,medium,2026-12-31,
Performance task 478,Generated test row 478,todo,medium,2026-12-31,
Performance task 479,Generated test row 479,todo,medium,2026-12-31,
Performance task 480,Generated test row 480,in_progress,high,2026-12-31,
Performance task 481,Generated test row 481,todo,medium,2026-12-31,
Performance task 482,Generated test row 482,todo,medium,2026-12-31,
Performance task 483,Generated test row 483,in_progress,medium,2026-12-31,
Performance task 484,Generated test row 484,todo,medium,2026-12-31,
Performance task 485,Generated test row 485,todo,medium,2026-12-31,
Performance task 486,Generated test row 486,in_progress,medium,2026-12-31,
Performance task 487,Generated test row 487,todo,medium,2026-12-31,
Performance task 488,Generated test row 488,todo,medium,2026-12-31,
Performance task 489,Generated test row 489,in_progress,medium,2026-12-31,
Performance task 490,Generated test row 490,todo,high,2026-12-31,
Performance task 491,Generated test row 491,todo,medium,2026-12-31,
Performance task 492,Generated test row 492,in_progress,medium,2026-12-31,
Performance task 493,Generated test row 493,todo,medium,2026-12-31,
Performance task 494,Generated test row 494,todo,medium,2026-12-31,
Performance task 495,Generated test row 495,in_progress,medium,2026-12-31,
Performance task 496,Generated test row 496,todo,medium,2026-12-31,
Performance task 497,Generated test row 497,todo,medium,2026-12-31,
Performance task 498,Generated test row 498,in_progress,medium,2026-12-31,
Performance task 499,Generated test row 499,todo,medium,2026-12-31,
Performance task 500,Generated test row 500,invalid_status,high,2026-12-31,
Performance task 501,Generated test row 501,in_progress,medium,2026-12-31,
Performance task 502,Generated test row 502,todo,medium,2026-12-31,
Performance task 503,Generated test row 503,todo,medium,2026-12-31,
Performance task 504,Generated test row 504,in_progress,medium,2026-12-31,
Performance task 505,Generated test row 505,todo,medium,2026-12-31,
Performance task 506,Generated test row 506,todo,medium,2026-12-31,
Performance task 507,Generated test row 507,in_progress,medium,2026-12-31,
Performance task 508,Generated test row 508,todo,medium,2026-12-31,
Performance task 509,Generated test row 509,todo,medium,2026-12-31,
Performance task 510,Generated test row 510,in_progress,high,2026-12-31,
Performance task 511,Generated test row 511,todo,medium,2026-12-31,
Performance task 512,Generated test row 512,todo,medium,2026-12-31,
Performance task 513,Generated test row 513,in_progress,medium,2026-12-31,
Performance task 514,Generated test row 514,todo,medium,2026-12-31,
Performance task 515,Generated test row 515,todo,medium,2026-12-31,
Performance task 516,Generated test row 516,in_progress,medium,2026-12-31,
Performance task 517,Generated test row 517,todo,medium,2026-12-31,
Performance task 518,Generated test row 518,todo,medium,2026-12-31,
Performance task 519,Generated test row 519,in_progress,medium,2026-12-31,
Performance task 520,Generated test row 520,todo,high,2026-12-31,
Performance task 521,Generated test row 521,todo,medium,2026-12-31,
Performance task 522,Generated test row 522,in_progress,medium,2026-12-31,
Performance task 523,Generated test row 523,todo,medium,2026-12-31,
Performance task 524,Generated test row 524,todo,medium,2026-12-31,
Performance task 525,Generated test row 525,in_progress,medium,2026-12-31,
Performance task 526,Generated test row 526,todo,medium,2026-12-31,
Performance task 527,Generated test row 527,todo,medium,2026-12-31,
Performance task 528,Generated test row 528,in_progress,medium,2026-12-31,
Performance task 529,Generated test row 529,todo,medium,2026-12-31,
Performance task 530,Generated test row 530,todo,high,2026-12-31,
Performance task 531,Generated test row 531,in_progress,medium,2026-12-31,
Performance task 532,Generated test row 532,todo,medium,2026-12-31,
Performance task 533,Generated test row 533,todo,medium,2026-12-31,
Performance task 534,Generated test row 534,in_progress,medium,2026-12-31,
Performance task 535,Generated test row 535,todo,medium,2026-12-31,
Performance task 536,Generated test row 536,todo,medium,2026-12-31,
Performance task 537,Generated test row 537,in_progress,medium,2026-12-31,
Performance task 538,Generated test row 538,todo,medium,2026-12-31,
Performance task 539,Generated test row 539,todo,medium,2026-12-31,
Performance task 540,Generated test row 540,in_progress,high,2026-12-31,
Performance task 541,Generated test row 541,todo,medium,2026-12-31,
Performance task 542,Generated test row 542,todo,medium,2026-12-31,
Performance task 543,Generated test row 543,in_progress,medium,2026-12-31,
Performance task 544,Generated test row 544,todo,medium,2026-12-31,
Performance task 545,Generated test row 545,todo,medium,2026-12-31,
Performance task 546,Generated test row 546,in_progress,medium,2026-12-31,
Performance task 547,Generated test row 547,todo,medium,2026-12-31,
Performance task 548,Generated test row 548,todo,medium,2026-12-31,
Performance task 549,Generated test row 549,in_progress,medium,2026-12-31,
Performance task 550,Generated test row 550,todo,high,2026-12-31,
Performance task 551,Generated test row 551,todo,medium,2026-12-31,
Performance task 552,Generated test row 552,in_progress,medium,2026-12-31,
Performance task 553,Generated test row 553,todo,medium,2026-12-31,
Performance task 554,Generated test row 554,todo,medium,2026-12-31,
Performance task 555,Generated test row 555,in_progress,medium,2026-12-31,
Performance task 556,Generated test row 556,todo,medium,2026-12-31,
Performance task 557,Generated test row 557,todo,medium,2026-12-31,
Performance task 558,Generated test row 558,in_progress,medium,2026-12-31,
Performance task 559,Generated test row 559,todo,medium,2026-12-31,
Performance task 560,Generated test row 560,todo,high,2026-12-31,
Performance task 561,Generated test row 561,in_progress,medium,2026-12-31,
Performance task 562,Generated test row 562,todo,medium,2026-12-31,
Performance task 563,Generated test row 563,todo,medium,2026-12-31,
Performance task 564,Generated test row 564,in_progress,medium,2026-12-31,
Performance task 565,Generated test row 565,todo,medium,2026-12-31,
Performance task 566,Generated test row 566,todo,medium,2026-12-31,
Performance task 567,Generated test row 567,in_progress,medium,2026-12-31,
Performance task 568,Generated test row 568,todo,medium,2026-12-31,
Performance task 569,Generated test row 569,todo,medium,2026-12-31,
Performance task 570,Generated test row 570,in_progress,high,2026-12-31,
Performance task 571,Generated test row 571,todo,medium,2026-12-31,
Performance task 572,Generated test row 572,todo,medium,2026-12-31,
Performance task 573,Generated test row 573,in_progress,medium,2026-12-31,
Performance task 574,Generated test row 574,todo,medium,2026-12-31,
Performance task 575,Generated test row 575,todo,medium,2026-12-31,
Performance task 576,Generated test row 576,in_progress,medium,2026-12-31,
Performance task 577,Generated test row 577,todo,medium,2026-12-31,
Performance task 578,Generated test row 578,todo,medium,2026-12-31,
Performance task 579,Generated test row 579,in_progress,medium,2026-12-31,
Performance task 580,Generated test row 580,todo,high,2026-12-31,
Performance task 581,Generated test row 581,todo,medium,2026-12-31,
Performance task 582,Generated test row 582,in_progress,medium,2026-12-31,
Performance task 583,Generated test row 583,todo,medium,2026-12-31,
Performance task 584,Generated test row 584,todo,medium,2026-12-31,
Performance task 585,Generated test row 585,in_progress,medium,2026-12-31,
Performance task 586,Generated test row 586,todo,medium,2026-12-31,
Performance task 587,Generated test row 587,todo,medium,2026-12-31,
Performance task 588,Generated test row 588,in_progress,medium,2026-12-31,
Performance task 589,Generated test row 589,todo,medium,2026-12-31,
Performance task 590,Generated test row 590,todo,high,2026-12-31,
Performance task 591,Generated test row 591,in_progress,medium,2026-12-31,
Performance task 592,Generated test row 592,todo,medium,2026-12-31,
Performance task 593,Generated test row 593,todo,medium,2026-12-31,
Performance task 594,Generated test row 594,in_progress,medium,2026-12-31,
Performance task 595,Generated test row 595,todo,medium,2026-12-31,
Performance task 596,Generated test row 596,todo,medium,2026-12-31,
Performance task 597,Generated test row 597,in_progress,medium,2026-12-31,
Performance task 598,Generated test row 598,todo,medium,2026-12-31,
Performance task 599,Generated test row 599,todo,medium,2026-12-31,
Performance task 600,Generated test row 600,invalid_status,high,2026-12-31,
Performance task 601,Generated test row 601,todo,medium,2026-12-31,
Performance task 602,Generated test row 602,todo,medium,2026-12-31,
Performance task 603,Generated test row 603,in_progress,medium,2026-12-31,
Performance task 604,Generated test row 604,todo,medium,2026-12-31,
Performance task 605,Generated test row 605,todo,medium,2026-12-31,
Performance task 606,Generated test row 606,in_progress,medium,2026-12-31,
Performance task 607,Generated test row 607,todo,medium,2026-12-31,
Performance task 608,Generated test row 608,todo,medium,2026-12-31,
Performance task 609,Generated test row 609,in_progress,medium,2026-12-31,
Performance task 610,Generated test row 610,todo,high,2026-12-31,
Performance task 611,Generated test row 611,todo,medium,2026-12-31,
Performance task 612,Generated test row 612,in_progress,medium,2026-12-31,
Performance task 613,Generated test row 613,todo,medium,2026-12-31,
Performance task 614,Generated test row 614,todo,medium,2026-12-31,
Performance task 615,Generated test row 615,in_progress,medium,2026-12-31,
Performance task 616,Generated test row 616,todo,medium,2026-12-31,
Performance task 617,Generated test row 617,todo,medium,2026-12-31,
Performance task 618,Generated test row 618,in_progress,medium,2026-12-31,
Performance task 619,Generated test row 619,todo,medium,2026-12-31,
Performance task 620,Generated test row 620,todo,high,2026-12-31,
Performance task 621,Generated test row 621,in_progress,medium,2026-12-31,
Performance task 622,Generated test row 622,todo,medium,2026-12-31,
Performance task 623,Generated test row 623,todo,medium,2026-12-31,
Performance task 624,Generated test row 624,in_progress,medium,2026-12-31,
Performance task 625,Generated test row 625,todo,medium,2026-12-31,
Performance task 626,Generated test row 626,todo,medium,2026-12-31,
Performance task 627,Generated test row 627,in_progress,medium,2026-12-31,
Performance task 628,Generated test row 628,todo,medium,2026-12-31,
Performance task 629,Generated test row 629,todo,medium,2026-12-31,
Performance task 630,Generated test row 630,in_progress,high,2026-12-31,
Performance task 631,Generated test row 631,todo,medium,2026-12-31,
Performance task 632,Generated test row 632,todo,medium,2026-12-31,
Performance task 633,Generated test row 633,in_progress,medium,2026-12-31,
Performance task 634,Generated test row 634,todo,medium,2026-12-31,
Performance task 635,Generated test row 635,todo,medium,2026-12-31,
Performance task 636,Generated test row 636,in_progress,medium,2026-12-31,
Performance task 637,Generated test row 637,todo,medium,2026-12-31,
Performance task 638,Generated test row 638,todo,medium,2026-12-31,
Performance task 639,Generated test row 639,in_progress,medium,2026-12-31,
Performance task 640,Generated test row 640,todo,high,2026-12-31,
Performance task 641,Generated test row 641,todo,medium,2026-12-31,
Performance task 642,Generated test row 642,in_progress,medium,2026-12-31,
Performance task 643,Generated test row 643,todo,medium,2026-12-31,
Performance task 644,Generated test row 644,todo,medium,2026-12-31,
Performance task 645,Generated test row 645,in_progress,medium,2026-12-31,
Performance task 646,Generated test row 646,todo,medium,2026-12-31,
Performance task 647,Generated test row 647,todo,medium,2026-12-31,
Performance task 648,Generated test row 648,in_progress,medium,2026-12-31,
Performance task 649,Generated test row 649,todo,medium,2026-12-31,
Performance task 650,Generated test row 650,todo,high,2026-12-31,
Performance task 651,Generated test row 651,in_progress,medium,2026-12-31,
Performance task 652,Generated test row 652,todo,medium,2026-12-31,
Performance task 653,Generated test row 653,todo,medium,2026-12-31,
Performance task 654,Generated test row 654,in_progress,medium,2026-12-31,
Performance task 655,Generated test row 655,todo,medium,2026-12-31,
Performance task 656,Generated test row 656,todo,medium,2026-12-31,
Performance task 657,Generated test row 657,in_progress,medium,2026-12-31,
Performance task 658,Generated test row 658,todo,medium,2026-12-31,
Performance task 659,Generated test row 659,todo,medium,2026-12-31,
Performance task 660,Generated test row 660,in_progress,high,2026-12-31,
Performance task 661,Generated test row 661,todo,medium,2026-12-31,
Performance task 662,Generated test row 662,todo,medium,2026-12-31,
Performance task 663,Generated test row 663,in_progress,medium,2026-12-31,
Performance task 664,Generated test row 664,todo,medium,2026-12-31,
Performance task 665,Generated test row 665,todo,medium,2026-12-31,
Performance task 666,Generated test row 666,in_progress,medium,2026-12-31,
Performance task 667,Generated test row 667,todo,medium,2026-12-31,
Performance task 668,Generated test row 668,todo,medium,2026-12-31,
Performance task 669,Generated test row 669,in_progress,medium,2026-12-31,
Performance task 670,Generated test row 670,todo,high,2026-12-31,
Performance task 671,Generated test row 671,todo,medium,2026-12-31,
Performance task 672,Generated test row 672,in_progress,medium,2026-12-31,
Performance task 673,Generated test row 673,todo,medium,2026-12-31,
Performance task 674,Generated test row 674,todo,medium,2026-12-31,
Performance task 675,Generated test row 675,in_progress,medium,2026-12-31,
Performance task 676,Generated test row 676,todo,medium,2026-12-31,
Performance task 677,Generated test row 677,todo,medium,2026-12-31,
Performance task 678,Generated test row 678,in_progress,medium,2026-12-31,
Performance task 679,Generated test row 679,todo,medium,2026-12-31,
Performance task 680,Generated test row 680,todo,high,2026-12-31,
Performance task 681,Generated test row 681,in_progress,medium,2026-12-31,
Performance task 682,Generated test row 682,todo,medium,2026-12-31,
Performance task 683,Generated test row 683,todo,medium,2026-12-31,
Performance task 684,Generated test row 684,in_progress,medium,2026-12-31,
Performance task 685,Generated test row 685,todo,medium,2026-12-31,
Performance task 686,Generated test row 686,todo,medium,2026-12-31,
Performance task 687,Generated test row 687,in_progress,medium,2026-12-31,
Performance task 688,Generated test row 688,todo,medium,2026-12-31,
Performance task 689,Generated test row 689,todo,medium,2026-12-31,
Performance task 690,Generated test row 690,in_progress,high,2026-12-31,
Performance task 691,Generated test row 691,todo,medium,2026-12-31,
Performance task 692,Generated test row 692,todo,medium,2026-12-31,
Performance task 693,Generated test row 693,in_progress,medium,2026-12-31,
Performance task 694,Generated test row 694,todo,medium,2026-12-31,
Performance task 695,Generated test row 695,todo,medium,2026-12-31,
Performance task 696,Generated test row 696,in_progress,medium,2026-12-31,
Performance task 697,Generated test row 697,todo,medium,2026-12-31,
Performance task 698,Generated test row 698,todo,medium,2026-12-31,
Performance task 699,Generated test row 699,in_progress,medium,2026-12-31,
Performance task 700,Generated test row 700,invalid_status,high,2026-12-31,
Performance task 701,Generated test row 701,todo,medium,2026-12-31,
Performance task 702,Generated test row 702,in_progress,medium,2026-12-31,
Performance task 703,Generated test row 703,todo,medium,2026-12-31,
Performance task 704,Generated test row 704,todo,medium,2026-12-31,
Performance task 705,Generated test row 705,in_progress,medium,2026-12-31,
Performance task 706,Generated test row 706,todo,medium,2026-12-31,
Performance task 707,Generated test row 707,todo,medium,2026-12-31,
Performance task 708,Generated test row 708,in_progress,medium,2026-12-31,
Performance task 709,Generated test row 709,todo,medium,2026-12-31,
Performance task 710,Generated test row 710,todo,high,2026-12-31,
Performance task 711,Generated test row 711,in_progress,medium,2026-12-31,
Performance task 712,Generated test row 712,todo,medium,2026-12-31,
Performance task 713,Generated test row 713,todo,medium,2026-12-31,
Performance task 714,Generated test row 714,in_progress,medium,2026-12-31,
Performance task 715,Generated test row 715,todo,medium,2026-12-31,
Performance task 716,Generated test row 716,todo,medium,2026-12-31,
Performance task 717,Generated test row 717,in_progress,medium,2026-12-31,
Performance task 718,Generated test row 718,todo,medium,2026-12-31,
Performance task 719,Generated test row 719,todo,medium,2026-12-31,
Performance task 720,Generated test row 720,in_progress,high,2026-12-31,
Performance task 721,Generated test row 721,todo,medium,2026-12-31,
Performance task 722,Generated test row 722,todo,medium,2026-12-31,
Performance task 723,Generated test row 723,in_progress,medium,2026-12-31,
Performance task 724,Generated test row 724,todo,medium,2026-12-31,
Performance task 725,Generated test row 725,todo,medium,2026-12-31,
Performance task 726,Generated test row 726,in_progress,medium,2026-12-31,
Performance task 727,Generated test row 727,todo,medium,2026-12-31,
Performance task 728,Generated test row 728,todo,medium,2026-12-31,
Performance task 729,Generated test row 729,in_progress,medium,2026-12-31,
Performance task 730,Generated test row 730,todo,high,2026-12-31,
Performance task 731,Generated test row 731,todo,medium,2026-12-31,
Performance task 732,Generated test row 732,in_progress,medium,2026-12-31,
Performance task 733,Generated test row 733,todo,medium,2026-12-31,
Performance task 734,Generated test row 734,todo,medium,2026-12-31,
Performance task 735,Generated test row 735,in_progress,medium,2026-12-31,
Performance task 736,Generated test row 736,todo,medium,2026-12-31,
Performance task 737,Generated test row 737,todo,medium,2026-12-31,
Performance task 738,Generated test row 738,in_progress,medium,2026-12-31,
Performance task 739,Generated test row 739,todo,medium,2026-12-31,
Performance task 740,Generated test row 740,todo,high,2026-12-31,
Performance task 741,Generated test row 741,in_progress,medium,2026-12-31,
Performance task 742,Generated test row 742,todo,medium,2026-12-31,
Performance task 743,Generated test row 743,todo,medium,2026-12-31,
Performance task 744,Generated test row 744,in_progress,medium,2026-12-31,
Performance task 745,Generated test row 745,todo,medium,2026-12-31,
Performance task 746,Generated test row 746,todo,medium,2026-12-31,
Performance task 747,Generated test row 747,in_progress,medium,2026-12-31,
Performance task 748,Generated test row 748,todo,medium,2026-12-31,
Performance task 749,Generated test row 749,todo,medium,2026-12-31,
Performance task 750,Generated test row 750,in_progress,high,2026-12-31,
Performance task 751,Generated test row 751,todo,medium,2026-12-31,
Performance task 752,Generated test row 752,todo,medium,2026-12-31,
Performance task 753,Generated test row 753,in_progress,medium,2026-12-31,
Performance task 754,Generated test row 754,todo,medium,2026-12-31,
Performance task 755,Generated test row 755,todo,medium,2026-12-31,
Performance task 756,Generated test row 756,in_progress,medium,2026-12-31,
Performance task 757,Generated test row 757,todo,medium,2026-12-31,
Performance task 758,Generated test row 758,todo,medium,2026-12-31,
Performance task 759,Generated test row 759,in_progress,medium,2026-12-31,
Performance task 760,Generated test row 760,todo,high,2026-12-31,
Performance task 761,Generated test row 761,todo,medium,2026-12-31,
Performance task 762,Generated test row 762,in_progress,medium,2026-12-31,
Performance task 763,Generated test row 763,todo,medium,2026-12-31,
Performance task 764,Generated test row 764,todo,medium,2026-12-31,
Performance task 765,Generated test row 765,in_progress,medium,2026-12-31,
Performance task 766,Generated test row 766,todo,medium,2026-12-31,
Performance task 767,Generated test row 767,todo,medium,2026-12-31,
Performance task 768,Generated test row 768,in_progress,medium,2026-12-31,
Performance task 769,Generated test row 769,todo,medium,2026-12-31,
Performance task 770,Generated test row 770,todo,high,2026-12-31,
Performance task 771,Generated test row 771,in_progress,medium,2026-12-31,
Performance task 772,Generated test row 772,todo,medium,2026-12-31,
Performance task 773,Generated test row 773,todo,medium,2026-12-31,
Performance task 774,Generated test row 774,in_progress,medium,2026-12-31,
Performance task 775,Generated test row 775,todo,medium,2026-12-31,
Performance task 776,Generated test row 776,todo,medium,2026-12-31,
Performance task 777,Generated test row 777,in_progress,medium,2026-12-31,
Performance task 778,Generated test row 778,todo,medium,2026-12-31,
Performance task 779,Generated test row 779,todo,medium,2026-12-31,
Performance task 780,Generated test row 780,in_progress,high,2026-12-31,
Performance task 781,Generated test row 781,todo,medium,2026-12-31,
Performance task 782,Generated test row 782,todo,medium,2026-12-31,
Performance task 783,Generated test row 783,in_progress,medium,2026-12-31,
Performance task 784,Generated test row 784,todo,medium,2026-12-31,
Performance task 785,Generated test row 785,todo,medium,2026-12-31,
Performance task 786,Generated test row 786,in_progress,medium,2026-12-31,
Performance task 787,Generated test row 787,todo,medium,2026-12-31,
Performance task 788,Generated test row 788,todo,medium,2026-12-31,
Performance task 789,Generated test row 789,in_progress,medium,2026-12-31,
Performance task 790,Generated test row 790,todo,high,2026-12-31,
Performance task 791,Generated test row 791,todo,medium,2026-12-31,
Performance task 792,Generated test row 792,in_progress,medium,2026-12-31,
Performance task 793,Generated test row 793,todo,medium,2026-12-31,
Performance task 794,Generated test row 794,todo,medium,2026-12-31,
Performance task 795,Generated test row 795,in_progress,medium,2026-12-31,
Performance task 796,Generated test row 796,todo,medium,2026-12-31,
Performance task 797,Generated test row 797,todo,medium,2026-12-31,
Performance task 798,Generated test row 798,in_progress,medium,2026-12-31,
Performance task 799,Generated test row 799,todo,medium,2026-12-31,
Performance task 800,Generated test row 800,invalid_status,high,2026-12-31,
Performance task 801,Generated test row 801,in_progress,medium,2026-12-31,
Performance task 802,Generated test row 802,todo,medium,2026-12-31,
Performance task 803,Generated test row 803,todo,medium,2026-12-31,
Performance task 804,Generated test row 804,in_progress,medium,2026-12-31,
Performance task 805,Generated test row 805,todo,medium,2026-12-31,
Performance task 806,Generated test row 806,todo,medium,2026-12-31,
Performance task 807,Generated test row 807,in_progress,medium,2026-12-31,
Performance task 808,Generated test row 808,todo,medium,2026-12-31,
Performance task 809,Generated test row 809,todo,medium,2026-12-31,
Performance task 810,Generated test row 810,in_progress,high,2026-12-31,
Performance task 811,Generated test row 811,todo,medium,2026-12-31,
Performance task 812,Generated test row 812,todo,medium,2026-12-31,
Performance task 813,Generated test row 813,in_progress,medium,2026-12-31,
Performance task 814,Generated test row 814,todo,medium,2026-12-31,
Performance task 815,Generated test row 815,todo,medium,2026-12-31,
Performance task 816,Generated test row 816,in_progress,medium,2026-12-31,
Performance task 817,Generated test row 817,todo,medium,2026-12-31,
Performance task 818,Generated test row 818,todo,medium,2026-12-31,
Performance task 819,Generated test row 819,in_progress,medium,2026-12-31,
Performance task 820,Generated test row 820,todo,high,2026-12-31,
Performance task 821,Generated test row 821,todo,medium,2026-12-31,
Performance task 822,Generated test row 822,in_progress,medium,2026-12-31,
Performance task 823,Generated test row 823,todo,medium,2026-12-31,
Performance task 824,Generated test row 824,todo,medium,2026-12-31,
Performance task 825,Generated test row 825,in_progress,medium,2026-12-31,
Performance task 826,Generated test row 826,todo,medium,2026-12-31,
Performance task 827,Generated test row 827,todo,medium,2026-12-31,
Performance task 828,Generated test row 828,in_progress,medium,2026-12-31,
Performance task 829,Generated test row 829,todo,medium,2026-12-31,
Performance task 830,Generated test row 830,todo,high,2026-12-31,
Performance task 831,Generated test row 831,in_progress,medium,2026-12-31,
Performance task 832,Generated test row 832,todo,medium,2026-12-31,
Performance task 833,Generated test row 833,todo,medium,2026-12-31,
Performance task 834,Generated test row 834,in_progress,medium,2026-12-31,
Performance task 835,Generated test row 835,todo,medium,2026-12-31,
Performance task 836,Generated test row 836,todo,medium,2026-12-31,
Performance task 837,Generated test row 837,in_progress,medium,2026-12-31,
Performance task 838,Generated test row 838,todo,medium,2026-12-31,
Performance task 839,Generated test row 839,todo,medium,2026-12-31,
Performance task 840,Generated test row 840,in_progress,high,2026-12-31,
Performance task 841,Generated test row 841,todo,medium,2026-12-31,
Performance task 842,Generated test row 842,todo,medium,2026-12-31,
Performance task 843,Generated test row 843,in_progress,medium,2026-12-31,
Performance task 844,Generated test row 844,todo,medium,2026-12-31,
Performance task 845,Generated test row 845,todo,medium,2026-12-31,
Performance task 846,Generated test row 846,in_progress,medium,2026-12-31,
Performance task 847,Generated test row 847,todo,medium,2026-12-31,
Performance task 848,Generated test row 848,todo,medium,2026-12-31,
Performance task 849,Generated test row 849,in_progress,medium,2026-12-31,
Performance task 850,Generated test row 850,todo,high,2026-12-31,
Performance task 851,Generated test row 851,todo,medium,2026-12-31,
Performance task 852,Generated test row 852,in_progress,medium,2026-12-31,
Performance task 853,Generated test row 853,todo,medium,2026-12-31,
Performance task 854,Generated test row 854,todo,medium,2026-12-31,
Performance task 855,Generated test row 855,in_progress,medium,2026-12-31,
Performance task 856,Generated test row 856,todo,medium,2026-12-31,
Performance task 857,Generated test row 857,todo,medium,2026-12-31,
Performance task 858,Generated test row 858,in_progress,medium,2026-12-31,
Performance task 859,Generated test row 859,todo,medium,2026-12-31,
Performance task 860,Generated test row 860,todo,high,2026-12-31,
Performance task 861,Generated test row 861,in_progress,medium,2026-12-31,
Performance task 862,Generated test row 862,todo,medium,2026-12-31,
Performance task 863,Generated test row 863,todo,medium,2026-12-31,
Performance task 864,Generated test row 864,in_progress,medium,2026-12-31,
Performance task 865,Generated test row 865,todo,medium,2026-12-31,
Performance task 866,Generated test row 866,todo,medium,2026-12-31,
Performance task 867,Generated test row 867,in_progress,medium,2026-12-31,
Performance task 868,Generated test row 868,todo,medium,2026-12-31,
Performance task 869,Generated test row 869,todo,medium,2026-12-31,
Performance task 870,Generated test row 870,in_progress,high,2026-12-31,
Performance task 871,Generated test row 871,todo,medium,2026-12-31,
Performance task 872,Generated test row 872,todo,medium,2026-12-31,
Performance task 873,Generated test row 873,in_progress,medium,2026-12-31,
Performance task 874,Generated test row 874,todo,medium,2026-12-31,
Performance task 875,Generated test row 875,todo,medium,2026-12-31,
Performance task 876,Generated test row 876,in_progress,medium,2026-12-31,
Performance task 877,Generated test row 877,todo,medium,2026-12-31,
Performance task 878,Generated test row 878,todo,medium,2026-12-31,
Performance task 879,Generated test row 879,in_progress,medium,2026-12-31,
Performance task 880,Generated test row 880,todo,high,2026-12-31,
Performance task 881,Generated test row 881,todo,medium,2026-12-31,
Performance task 882,Generated test row 882,in_progress,medium,2026-12-31,
Performance task 883,Generated test row 883,todo,medium,2026-12-31,
Performance task 884,Generated test row 884,todo,medium,2026-12-31,
Performance task 885,Generated test row 885,in_progress,medium,2026-12-31,
Performance task 886,Generated test row 886,todo,medium,2026-12-31,
Performance task 887,Generated test row 887,todo,medium,2026-12-31,
Performance task 888,Generated test row 888,in_progress,medium,2026-12-31,
Performance task 889,Generated test row 889,todo,medium,2026-12-31,
Performance task 890,Generated test row 890,todo,high,2026-12-31,
Performance task 891,Generated test row 891,in_progress,medium,2026-12-31,
Performance task 892,Generated test row 892,todo,medium,2026-12-31,
Performance task 893,Generated test row 893,todo,medium,2026-12-31,
Performance task 894,Generated test row 894,in_progress,medium,2026-12-31,
Performance task 895,Generated test row 895,todo,medium,2026-12-31,
Performance task 896,Generated test row 896,todo,medium,2026-12-31,
Performance task 897,Generated test row 897,in_progress,medium,2026-12-31,
Performance task 898,Generated test row 898,todo,medium,2026-12-31,
Performance task 899,Generated test row 899,todo,medium,2026-12-31,
Performance task 900,Generated test row 900,invalid_status,high,2026-12-31,
Performance task 901,Generated test row 901,todo,medium,2026-12-31,
Performance task 902,Generated test row 902,todo,medium,2026-12-31,
Performance task 903,Generated test row 903,in_progress,medium,2026-12-31,
Performance task 904,Generated test row 904,todo,medium,2026-12-31,
Performance task 905,Generated test row 905,todo,medium,2026-12-31,
Performance task 906,Generated test row 906,in_progress,medium,2026-12-31,
Performance task 907,Generated test row 907,todo,medium,2026-12-31,
Performance task 908,Generated test row 908,todo,medium,2026-12-31,
Performance task 909,Generated test row 909,in_progress,medium,2026-12-31,
Performance task 910,Generated test row 910,todo,high,2026-12-31,
Performance task 911,Generated test row 911,todo,medium,2026-12-31,
Performance task 912,Generated test row 912,in_progress,medium,2026-12-31,
Performance task 913,Generated test row 913,todo,medium,2026-12-31,
Performance task 914,Generated test row 914,todo,medium,2026-12-31,
Performance task 915,Generated test row 915,in_progress,medium,2026-12-31,
Performance task 916,Generated test row 916,todo,medium,2026-12-31,
Performance task 917,Generated test row 917,todo,medium,2026-12-31,
Performance task 918,Generated test row 918,in_progress,medium,2026-12-31,
Performance task 919,Generated test row 919,todo,medium,2026-12-31,
Performance task 920,Generated test row 920,todo,high,2026-12-31,
Performance task 921,Generated test row 921,in_progress,medium,2026-12-31,
Performance task 922,Generated test row 922,todo,medium,2026-12-31,
Performance task 923,Generated test row 923,todo,medium,2026-12-31,
Performance task 924,Generated test row 924,in_progress,medium,2026-12-31,
Performance task 925,Generated test row 925,todo,medium,2026-12-31,
Performance task 926,Generated test row 926,todo,medium,2026-12-31,
Performance task 927,Generated test row 927,in_progress,medium,2026-12-31,
Performance task 928,Generated test row 928,todo,medium,2026-12-31,
Performance task 929,Generated test row 929,todo,medium,2026-12-31,
Performance task 930,Generated test row 930,in_progress,high,2026-12-31,
Performance task 931,Generated test row 931,todo,medium,2026-12-31,
Performance task 932,Generated test row 932,todo,medium,2026-12-31,
Performance task 933,Generated test row 933,in_progress,medium,2026-12-31,
Performance task 934,Generated test row 934,todo,medium,2026-12-31,
Performance task 935,Generated test row 935,todo,medium,2026-12-31,
Performance task 936,Generated test row 936,in_progress,medium,2026-12-31,
Performance task 937,Generated test row 937,todo,medium,2026-12-31,
Performance task 938,Generated test row 938,todo,medium,2026-12-31,
Performance task 939,Generated test row 939,in_progress,medium,2026-12-31,
Performance task 940,Generated test row 940,todo,high,2026-12-31,
Performance task 941,Generated test row 941,todo,medium,2026-12-31,
Performance task 942,Generated test row 942,in_progress,medium,2026-12-31,
Performance task 943,Generated test row 943,todo,medium,2026-12-31,
Performance task 944,Generated test row 944,todo,medium,2026-12-31,
Performance task 945,Generated test row 945,in_progress,medium,2026-12-31,
Performance task 946,Generated test row 946,todo,medium,2026-12-31,
Performance task 947,Generated test row 947,todo,medium,2026-12-31,
Performance task 948,Generated test row 948,in_progress,medium,2026-12-31,
Performance task 949,Generated test row 949,todo,medium,2026-12-31,
Performance task 950,Generated test row 950,todo,high,2026-12-31,
Performance task 951,Generated test row 951,in_progress,medium,2026-12-31,
Performance task 952,Generated test row 952,todo,medium,2026-12-31,
Performance task 953,Generated test row 953,todo,medium,2026-12-31,
Performance task 954,Generated test row 954,in_progress,medium,2026-12-31,
Performance task 955,Generated test row 955,todo,medium,2026-12-31,
Performance task 956,Generated test row 956,todo,medium,2026-12-31,
Performance task 957,Generated test row 957,in_progress,medium,2026-12-31,
Performance task 958,Generated test row 958,todo,medium,2026-12-31,
Performance task 959,Generated test row 959,todo,medium,2026-12-31,
Performance task 960,Generated test row 960,in_progress,high,2026-12-31,
Performance task 961,Generated test row 961,todo,medium,2026-12-31,
Performance task 962,Generated test row 962,todo,medium,2026-12-31,
Performance task 963,Generated test row 963,in_progress,medium,2026-12-31,
Performance task 964,Generated test row 964,todo,medium,2026-12-31,
Performance task 965,Generated test row 965,todo,medium,2026-12-31,
Performance task 966,Generated test row 966,in_progress,medium,2026-12-31,
Performance task 967,Generated test row 967,todo,medium,2026-12-31,
Performance task 968,Generated test row 968,todo,medium,2026-12-31,
Performance task 969,Generated test row 969,in_progress,medium,2026-12-31,
Performance task 970,Generated test row 970,todo,high,2026-12-31,
Performance task 971,Generated test row 971,todo,medium,2026-12-31,
Performance task 972,Generated test row 972,in_progress,medium,2026-12-31,
Performance task 973,Generated test row 973,todo,medium,2026-12-31,
Performance task 974,Generated test row 974,todo,medium,2026-12-31,
Performance task 975,Generated test row 975,in_progress,medium,2026-12-31,
Performance task 976,Generated test row 976,todo,medium,2026-12-31,
Performance task 977,Generated test row 977,todo,medium,2026-12-31,
Performance task 978,Generated test row 978,in_progress,medium,2026-12-31,
Performance task 979,Generated test row 979,todo,medium,2026-12-31,
Performance task 980,Generated test row 980,todo,high,2026-12-31,
Performance task 981,Generated test row 981,in_progress,medium,2026-12-31,
Performance task 982,Generated test row 982,todo,medium,2026-12-31,
Performance task 983,Generated test row 983,todo,medium,2026-12-31,
Performance task 984,Generated test row 984,in_progress,medium,2026-12-31,
Performance task 985,Generated test row 985,todo,medium,2026-12-31,
Performance task 986,Generated test row 986,todo,medium,2026-12-31,
Performance task 987,Generated test row 987,in_progress,medium,2026-12-31,
Performance task 988,Generated test row 988,todo,medium,2026-12-31,
Performance task 989,Generated test row 989,todo,medium,2026-12-31,
Performance task 990,Generated test row 990,in_progress,high,2026-12-31,
Performance task 991,Generated test row 991,todo,medium,2026-12-31,
Performance task 992,Generated test row 992,todo,medium,2026-12-31,
Performance task 993,Generated test row 993,in_progress,medium,2026-12-31,
Performance task 994,Generated test row 994,todo,medium,2026-12-31,
Performance task 995,Generated test row 995,todo,medium,2026-12-31,
Performance task 996,Generated test row 996,in_progress,medium,2026-12-31,
Performance task 997,Generated test row 997,todo,medium,2026-12-31,
Performance task 998,Generated test row 998,todo,medium,2026-12-31,
Performance task 999,Generated test row 999,in_progress,medium,2026-12-31,
Performance task 1000,Generated test row 1000,invalid_status,high,2026-12-31,
Performance task 1001,Generated test row 1001,todo,medium,2026-12-31,
Performance task 1002,Generated test row 1002,in_progress,medium,2026-12-31,
Performance task 1003,Generated test row 1003,todo,medium,2026-12-31,
Performance task 1004,Generated test row 1004,todo,medium,2026-12-31,
Performance task 1005,Generated test row 1005,in_progress,medium,2026-12-31,
Performance task 1006,Generated test row 1006,todo,medium,2026-12-31,
Performance task 1007,Generated test row 1007,todo,medium,2026-12-31,
Performance task 1008,Generated test row 1008,in_progress,medium,2026-12-31,
Performance task 1009,Generated test row 1009,todo,medium,2026-12-31,
Performance task 1010,Generated test row 1010,todo,high,2026-12-31,
Performance task 1011,Generated test row 1011,in_progress,medium,2026-12-31,
Performance task 1012,Generated test row 1012,todo,medium,2026-12-31,
Performance task 1013,Generated test row 1013,todo,medium,2026-12-31,
Performance task 1014,Generated test row 1014,in_progress,medium,2026-12-31,
Performance task 1015,Generated test row 1015,todo,medium,2026-12-31,
Performance task 1016,Generated test row 1016,todo,medium,2026-12-31,
Performance task 1017,Generated test row 1017,in_progress,medium,2026-12-31,
Performance task 1018,Generated test row 1018,todo,medium,2026-12-31,
Performance task 1019,Generated test row 1019,todo,medium,2026-12-31,
Performance task 1020,Generated test row 1020,in_progress,high,2026-12-31,
Performance task 1021,Generated test row 1021,todo,medium,2026-12-31,
Performance task 1022,Generated test row 1022,todo,medium,2026-12-31,
Performance task 1023,Generated test row 1023,in_progress,medium,2026-12-31,
Performance task 1024,Generated test row 1024,todo,medium,2026-12-31,
Performance task 1025,Generated test row 1025,todo,medium,2026-12-31,
Performance task 1026,Generated test row 1026,in_progress,medium,2026-12-31,
Performance task 1027,Generated test row 1027,todo,medium,2026-12-31,
Performance task 1028,Generated test row 1028,todo,medium,2026-12-31,
Performance task 1029,Generated test row 1029,in_progress,medium,2026-12-31,
Performance task 1030,Generated test row 1030,todo,high,2026-12-31,
Performance task 1031,Generated test row 1031,todo,medium,2026-12-31,
Performance task 1032,Generated test row 1032,in_progress,medium,2026-12-31,
Performance task 1033,Generated test row 1033,todo,medium,2026-12-31,
Performance task 1034,Generated test row 1034,todo,medium,2026-12-31,
Performance task 1035,Generated test row 1035,in_progress,medium,2026-12-31,
Performance task 1036,Generated test row 1036,todo,medium,2026-12-31,
Performance task 1037,Generated test row 1037,todo,medium,2026-12-31,
Performance task 1038,Generated test row 1038,in_progress,medium,2026-12-31,
Performance task 1039,Generated test row 1039,todo,medium,2026-12-31,
Performance task 1040,Generated test row 1040,todo,high,2026-12-31,
Performance task 1041,Generated test row 1041,in_progress,medium,2026-12-31,
Performance task 1042,Generated test row 1042,todo,medium,2026-12-31,
Performance task 1043,Generated test row 1043,todo,medium,2026-12-31,
Performance task 1044,Generated test row 1044,in_progress,medium,2026-12-31,
Performance task 1045,Generated test row 1045,todo,medium,2026-12-31,
Performance task 1046,Generated test row 1046,todo,medium,2026-12-31,
Performance task 1047,Generated test row 1047,in_progress,medium,2026-12-31,
Performance task 1048,Generated test row 1048,todo,medium,2026-12-31,
Performance task 1049,Generated test row 1049,todo,medium,2026-12-31,
Performance task 1050,Generated test row 1050,in_progress,high,2026-12-31,
Performance task 1051,Generated test row 1051,todo,medium,2026-12-31,
Performance task 1052,Generated test row 1052,todo,medium,2026-12-31,
Performance task 1053,Generated test row 1053,in_progress,medium,2026-12-31,
Performance task 1054,Generated test row 1054,todo,medium,2026-12-31,
Performance task 1055,Generated test row 1055,todo,medium,2026-12-31,
Performance task 1056,Generated test row 1056,in_progress,medium,2026-12-31,
Performance task 1057,Generated test row 1057,todo,medium,2026-12-31,
Performance task 1058,Generated test row 1058,todo,medium,2026-12-31,
Performance task 1059,Generated test row 1059,in_progress,medium,2026-12-31,
Performance task 1060,Generated test row 1060,todo,high,2026-12-31,
Performance task 1061,Generated test row 1061,todo,medium,2026-12-31,
Performance task 1062,Generated test row 1062,in_progress,medium,2026-12-31,
Performance task 1063,Generated test row 1063,todo,medium,2026-12-31,
Performance task 1064,Generated test row 1064,todo,medium,2026-12-31,
Performance task 1065,Generated test row 1065,in_progress,medium,2026-12-31,
Performance task 1066,Generated test row 1066,todo,medium,2026-12-31,
Performance task 1067,Generated test row 1067,todo,medium,2026-12-31,
Performance task 1068,Generated test row 1068,in_progress,medium,2026-12-31,
Performance task 1069,Generated test row 1069,todo,medium,2026-12-31,
Performance task 1070,Generated test row 1070,todo,high,2026-12-31,
Performance task 1071,Generated test row 1071,in_progress,medium,2026-12-31,
Performance task 1072,Generated test row 1072,todo,medium,2026-12-31,
Performance task 1073,Generated test row 1073,todo,medium,2026-12-31,
Performance task 1074,Generated test row 1074,in_progress,medium,2026-12-31,
Performance task 1075,Generated test row 1075,todo,medium,2026-12-31,
Performance task 1076,Generated test row 1076,todo,medium,2026-12-31,
Performance task 1077,Generated test row 1077,in_progress,medium,2026-12-31,
Performance task 1078,Generated test row 1078,todo,medium,2026-12-31,
Performance task 1079,Generated test row 1079,todo,medium,2026-12-31,
Performance task 1080,Generated test row 1080,in_progress,high,2026-12-31,
Performance task 1081,Generated test row 1081,todo,medium,2026-12-31,
Performance task 1082,Generated test row 1082,todo,medium,2026-12-31,
Performance task 1083,Generated test row 1083,in_progress,medium,2026-12-31,
Performance task 1084,Generated test row 1084,todo,medium,2026-12-31,
Performance task 1085,Generated test row 1085,todo,medium,2026-12-31,
Performance task 1086,Generated test row 1086,in_progress,medium,2026-12-31,
Performance task 1087,Generated test row 1087,todo,medium,2026-12-31,
Performance task 1088,Generated test row 1088,todo,medium,2026-12-31,
Performance task 1089,Generated test row 1089,in_progress,medium,2026-12-31,
Performance task 1090,Generated test row 1090,todo,high,2026-12-31,
Performance task 1091,Generated test row 1091,todo,medium,2026-12-31,
Performance task 1092,Generated test row 1092,in_progress,medium,2026-12-31,
Performance task 1093,Generated test row 1093,todo,medium,2026-12-31,
Performance task 1094,Generated test row 1094,todo,medium,2026-12-31,
Performance task 1095,Generated test row 1095,in_progress,medium,2026-12-31,
Performance task 1096,Generated test row 1096,todo,medium,2026-12-31,
Performance task 1097,Generated test row 1097,todo,medium,2026-12-31,
Performance task 1098,Generated test row 1098,in_progress,medium,2026-12-31,
Performance task 1099,Generated test row 1099,todo,medium,2026-12-31,
Performance task 1100,Generated test row 1100,invalid_status,high,2026-12-31,
Performance task 1101,Generated test row 1101,in_progress,medium,2026-12-31,
Performance task 1102,Generated test row 1102,todo,medium,2026-12-31,
Performance task 1103,Generated test row 1103,todo,medium,2026-12-31,
Performance task 1104,Generated test row 1104,in_progress,medium,2026-12-31,
Performance task 1105,Generated test row 1105,todo,medium,2026-12-31,
Performance task 1106,Generated test row 1106,todo,medium,2026-12-31,
Performance task 1107,Generated test row 1107,in_progress,medium,2026-12-31,
Performance task 1108,Generated test row 1108,todo,medium,2026-12-31,
Performance task 1109,Generated test row 1109,todo,medium,2026-12-31,
Performance task 1110,Generated test row 1110,in_progress,high,2026-12-31,
Performance task 1111,Generated test row 1111,todo,medium,2026-12-31,
Performance task 1112,Generated test row 1112,todo,medium,2026-12-31,
Performance task 1113,Generated test row 1113,in_progress,medium,2026-12-31,
Performance task 1114,Generated test row 1114,todo,medium,2026-12-31,
Performance task 1115,Generated test row 1115,todo,medium,2026-12-31,
Performance task 1116,Generated test row 1116,in_progress,medium,2026-12-31,
Performance task 1117,Generated test row 1117,todo,medium,2026-12-31,
Performance task 1118,Generated test row 1118,todo,medium,2026-12-31,
Performance task 1119,Generated test row 1119,in_progress,medium,2026-12-31,
Performance task 1120,Generated test row 1120,todo,high,2026-12-31,
Performance task 1121,Generated test row 1121,todo,medium,2026-12-31,
Performance task 1122,Generated test row 1122,in_progress,medium,2026-12-31,
Performance task 1123,Generated test row 1123,todo,medium,2026-12-31,
Performance task 1124,Generated test row 1124,todo,medium,2026-12-31,
Performance task 1125,Generated test row 1125,in_progress,medium,2026-12-31,
Performance task 1126,Generated test row 1126,todo,medium,2026-12-31,
Performance task 1127,Generated test row 1127,todo,medium,2026-12-31,
Performance task 1128,Generated test row 1128,in_progress,medium,2026-12-31,
Performance task 1129,Generated test row 1129,todo,medium,2026-12-31,
Performance task 1130,Generated test row 1130,todo,high,2026-12-31,
Performance task 1131,Generated test row 1131,in_progress,medium,2026-12-31,
Performance task 1132,Generated test row 1132,todo,medium,2026-12-31,
Performance task 1133,Generated test row 1133,todo,medium,2026-12-31,
Performance task 1134,Generated test row 1134,in_progress,medium,2026-12-31,
Performance task 1135,Generated test row 1135,todo,medium,2026-12-31,
Performance task 1136,Generated test row 1136,todo,medium,2026-12-31,
Performance task 1137,Generated test row 1137,in_progress,medium,2026-12-31,
Performance task 1138,Generated test row 1138,todo,medium,2026-12-31,
Performance task 1139,Generated test row 1139,todo,medium,2026-12-31,
Performance task 1140,Generated test row 1140,in_progress,high,2026-12-31,
Performance task 1141,Generated test row 1141,todo,medium,2026-12-31,
Performance task 1142,Generated test row 1142,todo,medium,2026-12-31,
Performance task 1143,Generated test row 1143,in_progress,medium,2026-12-31,
Performance task 1144,Generated test row 1144,todo,medium,2026-12-31,
Performance task 1145,Generated test row 1145,todo,medium,2026-12-31,
Performance task 1146,Generated test row 1146,in_progress,medium,2026-12-31,
Performance task 1147,Generated test row 1147,todo,medium,2026-12-31,
Performance task 1148,Generated test row 1148,todo,medium,2026-12-31,
Performance task 1149,Generated test row 1149,in_progress,medium,2026-12-31,
Performance task 1150,Generated test row 1150,todo,high,2026-12-31,
Performance task 1151,Generated test row 1151,todo,medium,2026-12-31,
Performance task 1152,Generated test row 1152,in_progress,medium,2026-12-31,
Performance task 1153,Generated test row 1153,todo,medium,2026-12-31,
Performance task 1154,Generated test row 1154,todo,medium,2026-12-31,
Performance task 1155,Generated test row 1155,in_progress,medium,2026-12-31,
Performance task 1156,Generated test row 1156,todo,medium,2026-12-31,
Performance task 1157,Generated test row 1157,todo,medium,2026-12-31,
Performance task 1158,Generated test row 1158,in_progress,medium,2026-12-31,
Performance task 1159,Generated test row 1159,todo,medium,2026-12-31,
Performance task 1160,Generated test row 1160,todo,high,2026-12-31,
Performance task 1161,Generated test row 1161,in_progress,medium,2026-12-31,
Performance task 1162,Generated test row 1162,todo,medium,2026-12-31,
Performance task 1163,Generated test row 1163,todo,medium,2026-12-31,
Performance task 1164,Generated test row 1164,in_progress,medium,2026-12-31,
Performance task 1165,Generated test row 1165,todo,medium,2026-12-31,
Performance task 1166,Generated test row 1166,todo,medium,2026-12-31,
Performance task 1167,Generated test row 1167,in_progress,medium,2026-12-31,
Performance task 1168,Generated test row 1168,todo,medium,2026-12-31,
Performance task 1169,Generated test row 1169,todo,medium,2026-12-31,
Performance task 1170,Generated test row 1170,in_progress,high,2026-12-31,
Performance task 1171,Generated test row 1171,todo,medium,2026-12-31,
Performance task 1172,Generated test row 1172,todo,medium,2026-12-31,
Performance task 1173,Generated test row 1173,in_progress,medium,2026-12-31,
Performance task 1174,Generated test row 1174,todo,medium,2026-12-31,
Performance task 1175,Generated test row 1175,todo,medium,2026-12-31,
Performance task 1176,Generated test row 1176,in_progress,medium,2026-12-31,
Performance task 1177,Generated test row 1177,todo,medium,2026-12-31,
Performance task 1178,Generated test row 1178,todo,medium,2026-12-31,
Performance task 1179,Generated test row 1179,in_progress,medium,2026-12-31,
Performance task 1180,Generated test row 1180,todo,high,2026-12-31,
Performance task 1181,Generated test row 1181,todo,medium,2026-12-31,
Performance task 1182,Generated test row 1182,in_progress,medium,2026-12-31,
Performance task 1183,Generated test row 1183,todo,medium,2026-12-31,
Performance task 1184,Generated test row 1184,todo,medium,2026-12-31,
Performance task 1185,Generated test row 1185,in_progress,medium,2026-12-31,
Performance task 1186,Generated test row 1186,todo,medium,2026-12-31,
Performance task 1187,Generated test row 1187,todo,medium,2026-12-31,
Performance task 1188,Generated test row 1188,in_progress,medium,2026-12-31,
Performance task 1189,Generated test row 1189,todo,medium,2026-12-31,
Performance task 1190,Generated test row 1190,todo,high,2026-12-31,
Performance task 1191,Generated test row 1191,in_progress,medium,2026-12-31,
Performance task 1192,Generated test row 1192,todo,medium,2026-12-31,
Performance task 1193,Generated test row 1193,todo,medium,2026-12-31,
Performance task 1194,Generated test row 1194,in_progress,medium,2026-12-31,
Performance task 1195,Generated test row 1195,todo,medium,2026-12-31,
Performance task 1196,Generated test row 1196,todo,medium,2026-12-31,
Performance task 1197,Generated test row 1197,in_progress,medium,2026-12-31,
Performance task 1198,Generated test row 1198,todo,medium,2026-12-31,
Performance task 1199,Generated test row 1199,todo,medium,2026-12-31,
Performance task 1200,Generated test row 1200,invalid_status,high,2026-12-31,
Performance task 1201,Generated test row 1201,todo,medium,2026-12-31,
Performance task 1202,Generated test row 1202,todo,medium,2026-12-31,
Performance task 1203,Generated test row 1203,in_progress,medium,2026-12-31,
Performance task 1204,Generated test row 1204,todo,medium,2026-12-31,
Performance task 1205,Generated test row 1205,todo,medium,2026-12-31,
Performance task 1206,Generated test row 1206,in_progress,medium,2026-12-31,
Performance task 1207,Generated test row 1207,todo,medium,2026-12-31,
Performance task 1208,Generated test row 1208,todo,medium,2026-12-31,
Performance task 1209,Generated test row 1209,in_progress,medium,2026-12-31,
Performance task 1210,Generated test row 1210,todo,high,2026-12-31,
Performance task 1211,Generated test row 1211,todo,medium,2026-12-31,
Performance task 1212,Generated test row 1212,in_progress,medium,2026-12-31,
Performance task 1213,Generated test row 1213,todo,medium,2026-12-31,
Performance task 1214,Generated test row 1214,todo,medium,2026-12-31,
Performance task 1215,Generated test row 1215,in_progress,medium,2026-12-31,
Performance task 1216,Generated test row 1216,todo,medium,2026-12-31,
Performance task 1217,Generated test row 1217,todo,medium,2026-12-31,
Performance task 1218,Generated test row 1218,in_progress,medium,2026-12-31,
Performance task 1219,Generated test row 1219,todo,medium,2026-12-31,
Performance task 1220,Generated test row 1220,todo,high,2026-12-31,
Performance task 1221,Generated test row 1221,in_progress,medium,2026-12-31,
Performance task 1222,Generated test row 1222,todo,medium,2026-12-31,
Performance task 1223,Generated test row 1223,todo,medium,2026-12-31,
Performance task 1224,Generated test row 1224,in_progress,medium,2026-12-31,
Performance task 1225,Generated test row 1225,todo,medium,2026-12-31,
Performance task 1226,Generated test row 1226,todo,medium,2026-12-31,
Performance task 1227,Generated test row 1227,in_progress,medium,2026-12-31,
Performance task 1228,Generated test row 1228,todo,medium,2026-12-31,
Performance task 1229,Generated test row 1229,todo,medium,2026-12-31,
Performance task 1230,Generated test row 1230,in_progress,high,2026-12-31,
Performance task 1231,Generated test row 1231,todo,medium,2026-12-31,
Performance task 1232,Generated test row 1232,todo,medium,2026-12-31,
Performance task 1233,Generated test row 1233,in_progress,medium,2026-12-31,
Performance task 1234,Generated test row 1234,todo,medium,2026-12-31,
Performance task 1235,Generated test row 1235,todo,medium,2026-12-31,
Performance task 1236,Generated test row 1236,in_progress,medium,2026-12-31,
Performance task 1237,Generated test row 1237,todo,medium,2026-12-31,
Performance task 1238,Generated test row 1238,todo,medium,2026-12-31,
Performance task 1239,Generated test row 1239,in_progress,medium,2026-12-31,
Performance task 1240,Generated test row 1240,todo,high,2026-12-31,
Performance task 1241,Generated test row 1241,todo,medium,2026-12-31,
Performance task 1242,Generated test row 1242,in_progress,medium,2026-12-31,
Performance task 1243,Generated test row 1243,todo,medium,2026-12-31,
Performance task 1244,Generated test row 1244,todo,medium,2026-12-31,
Performance task 1245,Generated test row 1245,in_progress,medium,2026-12-31,
Performance task 1246,Generated test row 1246,todo,medium,2026-12-31,
Performance task 1247,Generated test row 1247,todo,medium,2026-12-31,
Performance task 1248,Generated test row 1248,in_progress,medium,2026-12-31,
Performance task 1249,Generated test row 1249,todo,medium,2026-12-31,
Performance task 1250,Generated test row 1250,todo,high,2026-12-31,
Performance task 1251,Generated test row 1251,in_progress,medium,2026-12-31,
Performance task 1252,Generated test row 1252,todo,medium,2026-12-31,
Performance task 1253,Generated test row 1253,todo,medium,2026-12-31,
Performance task 1254,Generated test row 1254,in_progress,medium,2026-12-31,
Performance task 1255,Generated test row 1255,todo,medium,2026-12-31,
Performance task 1256,Generated test row 1256,todo,medium,2026-12-31,
Performance task 1257,Generated test row 1257,in_progress,medium,2026-12-31,
Performance task 1258,Generated test row 1258,todo,medium,2026-12-31,
Performance task 1259,Generated test row 1259,todo,medium,2026-12-31,
Performance task 1260,Generated test row 1260,in_progress,high,2026-12-31,
Performance task 1261,Generated test row 1261,todo,medium,2026-12-31,
Performance task 1262,Generated test row 1262,todo,medium,2026-12-31,
Performance task 1263,Generated test row 1263,in_progress,medium,2026-12-31,
Performance task 1264,Generated test row 1264,todo,medium,2026-12-31,
Performance task 1265,Generated test row 1265,todo,medium,2026-12-31,
Performance task 1266,Generated test row 1266,in_progress,medium,2026-12-31,
Performance task 1267,Generated test row 1267,todo,medium,2026-12-31,
Performance task 1268,Generated test row 1268,todo,medium,2026-12-31,
Performance task 1269,Generated test row 1269,in_progress,medium,2026-12-31,
Performance task 1270,Generated test row 1270,todo,high,2026-12-31,
Performance task 1271,Generated test row 1271,todo,medium,2026-12-31,
Performance task 1272,Generated test row 1272,in_progress,medium,2026-12-31,
Performance task 1273,Generated test row 1273,todo,medium,2026-12-31,
Performance task 1274,Generated test row 1274,todo,medium,2026-12-31,
Performance task 1275,Generated test row 1275,in_progress,medium,2026-12-31,
Performance task 1276,Generated test row 1276,todo,medium,2026-12-31,
Performance task 1277,Generated test row 1277,todo,medium,2026-12-31,
Performance task 1278,Generated test row 1278,in_progress,medium,2026-12-31,
Performance task 1279,Generated test row 1279,todo,medium,2026-12-31,
Performance task 1280,Generated test row 1280,todo,high,2026-12-31,
Performance task 1281,Generated test row 1281,in_progress,medium,2026-12-31,
Performance task 1282,Generated test row 1282,todo,medium,2026-12-31,
Performance task 1283,Generated test row 1283,todo,medium,2026-12-31,
Performance task 1284,Generated test row 1284,in_progress,medium,2026-12-31,
Performance task 1285,Generated test row 1285,todo,medium,2026-12-31,
Performance task 1286,Generated test row 1286,todo,medium,2026-12-31,
Performance task 1287,Generated test row 1287,in_progress,medium,2026-12-31,
Performance task 1288,Generated test row 1288,todo,medium,2026-12-31,
Performance task 1289,Generated test row 1289,todo,medium,2026-12-31,
Performance task 1290,Generated test row 1290,in_progress,high,2026-12-31,
Performance task 1291,Generated test row 1291,todo,medium,2026-12-31,
Performance task 1292,Generated test row 1292,todo,medium,2026-12-31,
Performance task 1293,Generated test row 1293,in_progress,medium,2026-12-31,
Performance task 1294,Generated test row 1294,todo,medium,2026-12-31,
Performance task 1295,Generated test row 1295,todo,medium,2026-12-31,
Performance task 1296,Generated test row 1296,in_progress,medium,2026-12-31,
Performance task 1297,Generated test row 1297,todo,medium,2026-12-31,
Performance task 1298,Generated test row 1298,todo,medium,2026-12-31,
Performance task 1299,Generated test row 1299,in_progress,medium,2026-12-31,
Performance task 1300,Generated test row 1300,invalid_status,high,2026-12-31,
Performance task 1301,Generated test row 1301,todo,medium,2026-12-31,
Performance task 1302,Generated test row 1302,in_progress,medium,2026-12-31,
Performance task 1303,Generated test row 1303,todo,medium,2026-12-31,
Performance task 1304,Generated test row 1304,todo,medium,2026-12-31,
Performance task 1305,Generated test row 1305,in_progress,medium,2026-12-31,
Performance task 1306,Generated test row 1306,todo,medium,2026-12-31,
Performance task 1307,Generated test row 1307,todo,medium,2026-12-31,
Performance task 1308,Generated test row 1308,in_progress,medium,2026-12-31,
Performance task 1309,Generated test row 1309,todo,medium,2026-12-31,
Performance task 1310,Generated test row 1310,todo,high,2026-12-31,
Performance task 1311,Generated test row 1311,in_progress,medium,2026-12-31,
Performance task 1312,Generated test row 1312,todo,medium,2026-12-31,
Performance task 1313,Generated test row 1313,todo,medium,2026-12-31,
Performance task 1314,Generated test row 1314,in_progress,medium,2026-12-31,
Performance task 1315,Generated test row 1315,todo,medium,2026-12-31,
Performance task 1316,Generated test row 1316,todo,medium,2026-12-31,
Performance task 1317,Generated test row 1317,in_progress,medium,2026-12-31,
Performance task 1318,Generated test row 1318,todo,medium,2026-12-31,
Performance task 1319,Generated test row 1319,todo,medium,2026-12-31,
Performance task 1320,Generated test row 1320,in_progress,high,2026-12-31,
Performance task 1321,Generated test row 1321,todo,medium,2026-12-31,
Performance task 1322,Generated test row 1322,todo,medium,2026-12-31,
Performance task 1323,Generated test row 1323,in_progress,medium,2026-12-31,
Performance task 1324,Generated test row 1324,todo,medium,2026-12-31,
Performance task 1325,Generated test row 1325,todo,medium,2026-12-31,
Performance task 1326,Generated test row 1326,in_progress,medium,2026-12-31,
Performance task 1327,Generated test row 1327,todo,medium,2026-12-31,
Performance task 1328,Generated test row 1328,todo,medium,2026-12-31,
Performance task 1329,Generated test row 1329,in_progress,medium,2026-12-31,
Performance task 1330,Generated test row 1330,todo,high,2026-12-31,
Performance task 1331,Generated test row 1331,todo,medium,2026-12-31,
Performance task 1332,Generated test row 1332,in_progress,medium,2026-12-31,
Performance task 1333,Generated test row 1333,todo,medium,2026-12-31,
Performance task 1334,Generated test row 1334,todo,medium,2026-12-31,
Performance task 1335,Generated test row 1335,in_progress,medium,2026-12-31,
Performance task 1336,Generated test row 1336,todo,medium,2026-12-31,
Performance task 1337,Generated test row 1337,todo,medium,2026-12-31,
Performance task 1338,Generated test row 1338,in_progress,medium,2026-12-31,
Performance task 1339,Generated test row 1339,todo,medium,2026-12-31,
Performance task 1340,Generated test row 1340,todo,high,2026-12-31,
Performance task 1341,Generated test row 1341,in_progress,medium,2026-12-31,
Performance task 1342,Generated test row 1342,todo,medium,2026-12-31,
Performance task 1343,Generated test row 1343,todo,medium,2026-12-31,
Performance task 1344,Generated test row 1344,in_progress,medium,2026-12-31,
Performance task 1345,Generated test row 1345,todo,medium,2026-12-31,
Performance task 1346,Generated test row 1346,todo,medium,2026-12-31,
Performance task 1347,Generated test row 1347,in_progress,medium,2026-12-31,
Performance task 1348,Generated test row 1348,todo,medium,2026-12-31,
Performance task 1349,Generated test row 1349,todo,medium,2026-12-31,
Performance task 1350,Generated test row 1350,in_progress,high,2026-12-31,
Performance task 1351,Generated test row 1351,todo,medium,2026-12-31,
Performance task 1352,Generated test row 1352,todo,medium,2026-12-31,
Performance task 1353,Generated test row 1353,in_progress,medium,2026-12-31,
Performance task 1354,Generated test row 1354,todo,medium,2026-12-31,
Performance task 1355,Generated test row 1355,todo,medium,2026-12-31,
Performance task 1356,Generated test row 1356,in_progress,medium,2026-12-31,
Performance task 1357,Generated test row 1357,todo,medium,2026-12-31,
Performance task 1358,Generated test row 1358,todo,medium,2026-12-31,
Performance task 1359,Generated test row 1359,in_progress,medium,2026-12-31,
Performance task 1360,Generated test row 1360,todo,high,2026-12-31,
Performance task 1361,Generated test row 1361,todo,medium,2026-12-31,
Performance task 1362,Generated test row 1362,in_progress,medium,2026-12-31,
Performance task 1363,Generated test row 1363,todo,medium,2026-12-31,
Performance task 1364,Generated test row 1364,todo,medium,2026-12-31,
Performance task 1365,Generated test row 1365,in_progress,medium,2026-12-31,
Performance task 1366,Generated test row 1366,todo,medium,2026-12-31,
Performance task 1367,Generated test row 1367,todo,medium,2026-12-31,
Performance task 1368,Generated test row 1368,in_progress,medium,2026-12-31,
Performance task 1369,Generated test row 1369,todo,medium,2026-12-31,
Performance task 1370,Generated test row 1370,todo,high,2026-12-31,
Performance task 1371,Generated test row 1371,in_progress,medium,2026-12-31,
Performance task 1372,Generated test row 1372,todo,medium,2026-12-31,
Performance task 1373,Generated test row 1373,todo,medium,2026-12-31,
Performance task 1374,Generated test row 1374,in_progress,medium,2026-12-31,
Performance task 1375,Generated test row 1375,todo,medium,2026-12-31,
Performance task 1376,Generated test row 1376,todo,medium,2026-12-31,
Performance task 1377,Generated test row 1377,in_progress,medium,2026-12-31,
Performance task 1378,Generated test row 1378,todo,medium,2026-12-31,
Performance task 1379,Generated test row 1379,todo,medium,2026-12-31,
Performance task 1380,Generated test row 1380,in_progress,high,2026-12-31,
Performance task 1381,Generated test row 1381,todo,medium,2026-12-31,
Performance task 1382,Generated test row 1382,todo,medium,2026-12-31,
Performance task 1383,Generated test row 1383,in_progress,medium,2026-12-31,
Performance task 1384,Generated test row 1384,todo,medium,2026-12-31,
Performance task 1385,Generated test row 1385,todo,medium,2026-12-31,
Performance task 1386,Generated test row 1386,in_progress,medium,2026-12-31,
Performance task 1387,Generated test row 1387,todo,medium,2026-12-31,
Performance task 1388,Generated test row 1388,todo,medium,2026-12-31,
Performance task 1389,Generated test row 1389,in_progress,medium,2026-12-31,
Performance task 1390,Generated test row 1390,todo,high,2026-12-31,
Performance task 1391,Generated test row 1391,todo,medium,2026-12-31,
Performance task 1392,Generated test row 1392,in_progress,medium,2026-12-31,
Performance task 1393,Generated test row 1393,todo,medium,2026-12-31,
Performance task 1394,Generated test row 1394,todo,medium,2026-12-31,
Performance task 1395,Generated test row 1395,in_progress,medium,2026-12-31,
Performance task 1396,Generated test row 1396,todo,medium,2026-12-31,
Performance task 1397,Generated test row 1397,todo,medium,2026-12-31,
Performance task 1398,Generated test row 1398,in_progress,medium,2026-12-31,
Performance task 1399,Generated test row 1399,todo,medium,2026-12-31,
Performance task 1400,Generated test row 1400,invalid_status,high,2026-12-31,
Performance task 1401,Generated test row 1401,in_progress,medium,2026-12-31,
Performance task 1402,Generated test row 1402,todo,medium,2026-12-31,
Performance task 1403,Generated test row 1403,todo,medium,2026-12-31,
Performance task 1404,Generated test row 1404,in_progress,medium,2026-12-31,
Performance task 1405,Generated test row 1405,todo,medium,2026-12-31,
Performance task 1406,Generated test row 1406,todo,medium,2026-12-31,
Performance task 1407,Generated test row 1407,in_progress,medium,2026-12-31,
Performance task 1408,Generated test row 1408,todo,medium,2026-12-31,
Performance task 1409,Generated test row 1409,todo,medium,2026-12-31,
Performance task 1410,Generated test row 1410,in_progress,high,2026-12-31,
Performance task 1411,Generated test row 1411,todo,medium,2026-12-31,
Performance task 1412,Generated test row 1412,todo,medium,2026-12-31,
Performance task 1413,Generated test row 1413,in_progress,medium,2026-12-31,
Performance task 1414,Generated test row 1414,todo,medium,2026-12-31,
Performance task 1415,Generated test row 1415,todo,medium,2026-12-31,
Performance task 1416,Generated test row 1416,in_progress,medium,2026-12-31,
Performance task 1417,Generated test row 1417,todo,medium,2026-12-31,
Performance task 1418,Generated test row 1418,todo,medium,2026-12-31,
Performance task 1419,Generated test row 1419,in_progress,medium,2026-12-31,
Performance task 1420,Generated test row 1420,todo,high,2026-12-31,
Performance task 1421,Generated test row 1421,todo,medium,2026-12-31,
Performance task 1422,Generated test row 1422,in_progress,medium,2026-12-31,
Performance task 1423,Generated test row 1423,todo,medium,2026-12-31,
Performance task 1424,Generated test row 1424,todo,medium,2026-12-31,
Performance task 1425,Generated test row 1425,in_progress,medium,2026-12-31,
Performance task 1426,Generated test row 1426,todo,medium,2026-12-31,
Performance task 1427,Generated test row 1427,todo,medium,2026-12-31,
Performance task 1428,Generated test row 1428,in_progress,medium,2026-12-31,
Performance task 1429,Generated test row 1429,todo,medium,2026-12-31,
Performance task 1430,Generated test row 1430,todo,high,2026-12-31,
Performance task 1431,Generated test row 1431,in_progress,medium,2026-12-31,
Performance task 1432,Generated test row 1432,todo,medium,2026-12-31,
Performance task 1433,Generated test row 1433,todo,medium,2026-12-31,
Performance task 1434,Generated test row 1434,in_progress,medium,2026-12-31,
Performance task 1435,Generated test row 1435,todo,medium,2026-12-31,
Performance task 1436,Generated test row 1436,todo,medium,2026-12-31,
Performance task 1437,Generated test row 1437,in_progress,medium,2026-12-31,
Performance task 1438,Generated test row 1438,todo,medium,2026-12-31,
Performance task 1439,Generated test row 1439,todo,medium,2026-12-31,
Performance task 1440,Generated test row 1440,in_progress,high,2026-12-31,
Performance task 1441,Generated test row 1441,todo,medium,2026-12-31,
Performance task 1442,Generated test row 1442,todo,medium,2026-12-31,
Performance task 1443,Generated test row 1443,in_progress,medium,2026-12-31,
Performance task 1444,Generated test row 1444,todo,medium,2026-12-31,
Performance task 1445,Generated test row 1445,todo,medium,2026-12-31,
Performance task 1446,Generated test row 1446,in_progress,medium,2026-12-31,
Performance task 1447,Generated test row 1447,todo,medium,2026-12-31,
Performance task 1448,Generated test row 1448,todo,medium,2026-12-31,
Performance task 1449,Generated test row 1449,in_progress,medium,2026-12-31,
Performance task 1450,Generated test row 1450,todo,high,2026-12-31,
Performance task 1451,Generated test row 1451,todo,medium,2026-12-31,
Performance task 1452,Generated test row 1452,in_progress,medium,2026-12-31,
Performance task 1453,Generated test row 1453,todo,medium,2026-12-31,
Performance task 1454,Generated test row 1454,todo,medium,2026-12-31,
Performance task 1455,Generated test row 1455,in_progress,medium,2026-12-31,
Performance task 1456,Generated test row 1456,todo,medium,2026-12-31,
Performance task 1457,Generated test row 1457,todo,medium,2026-12-31,
Performance task 1458,Generated test row 1458,in_progress,medium,2026-12-31,
Performance task 1459,Generated test row 1459,todo,medium,2026-12-31,
Performance task 1460,Generated test row 1460,todo,high,2026-12-31,
Performance task 1461,Generated test row 1461,in_progress,medium,2026-12-31,
Performance task 1462,Generated test row 1462,todo,medium,2026-12-31,
Performance task 1463,Generated test row 1463,todo,medium,2026-12-31,
Performance task 1464,Generated test row 1464,in_progress,medium,2026-12-31,
Performance task 1465,Generated test row 1465,todo,medium,2026-12-31,
Performance task 1466,Generated test row 1466,todo,medium,2026-12-31,
Performance task 1467,Generated test row 1467,in_progress,medium,2026-12-31,
Performance task 1468,Generated test row 1468,todo,medium,2026-12-31,
Performance task 1469,Generated test row 1469,todo,medium,2026-12-31,
Performance task 1470,Generated test row 1470,in_progress,high,2026-12-31,
Performance task 1471,Generated test row 1471,todo,medium,2026-12-31,
Performance task 1472,Generated test row 1472,todo,medium,2026-12-31,
Performance task 1473,Generated test row 1473,in_progress,medium,2026-12-31,
Performance task 1474,Generated test row 1474,todo,medium,2026-12-31,
Performance task 1475,Generated test row 1475,todo,medium,2026-12-31,
Performance task 1476,Generated test row 1476,in_progress,medium,2026-12-31,
Performance task 1477,Generated test row 1477,todo,medium,2026-12-31,
Performance task 1478,Generated test row 1478,todo,medium,2026-12-31,
Performance task 1479,Generated test row 1479,in_progress,medium,2026-12-31,
Performance task 1480,Generated test row 1480,todo,high,2026-12-31,
Performance task 1481,Generated test row 1481,todo,medium,2026-12-31,
Performance task 1482,Generated test row 1482,in_progress,medium,2026-12-31,
Performance task 1483,Generated test row 1483,todo,medium,2026-12-31,
Performance task 1484,Generated test row 1484,todo,medium,2026-12-31,
Performance task 1485,Generated test row 1485,in_progress,medium,2026-12-31,
Performance task 1486,Generated test row 1486,todo,medium,2026-12-31,
Performance task 1487,Generated test row 1487,todo,medium,2026-12-31,
Performance task 1488,Generated test row 1488,in_progress,medium,2026-12-31,
Performance task 1489,Generated test row 1489,todo,medium,2026-12-31,
Performance task 1490,Generated test row 1490,todo,high,2026-12-31,
Performance task 1491,Generated test row 1491,in_progress,medium,2026-12-31,
Performance task 1492,Generated test row 1492,todo,medium,2026-12-31,
Performance task 1493,Generated test row 1493,todo,medium,2026-12-31,
Performance task 1494,Generated test row 1494,in_progress,medium,2026-12-31,
Performance task 1495,Generated test row 1495,todo,medium,2026-12-31,
Performance task 1496,Generated test row 1496,todo,medium,2026-12-31,
Performance task 1497,Generated test row 1497,in_progress,medium,2026-12-31,
Performance task 1498,Generated test row 1498,todo,medium,2026-12-31,
Performance task 1499,Generated test row 1499,todo,medium,2026-12-31,
Performance task 1500,Generated test row 1500,invalid_status,high,2026-12-31,
Performance task 1501,Generated test row 1501,todo,medium,2026-12-31,
Performance task 1502,Generated test row 1502,todo,medium,2026-12-31,
Performance task 1503,Generated test row 1503,in_progress,medium,2026-12-31,
Performance task 1504,Generated test row 1504,todo,medium,2026-12-31,
Performance task 1505,Generated test row 1505,todo,medium,2026-12-31,
Performance task 1506,Generated test row 1506,in_progress,medium,2026-12-31,
Performance task 1507,Generated test row 1507,todo,medium,2026-12-31,
Performance task 1508,Generated test row 1508,todo,medium,2026-12-31,
Performance task 1509,Generated test row 1509,in_progress,medium,2026-12-31,
Performance task 1510,Generated test row 1510,todo,high,2026-12-31,
Performance task 1511,Generated test row 1511,todo,medium,2026-12-31,
Performance task 1512,Generated test row 1512,in_progress,medium,2026-12-31,
Performance task 1513,Generated test row 1513,todo,medium,2026-12-31,
Performance task 1514,Generated test row 1514,todo,medium,2026-12-31,
Performance task 1515,Generated test row 1515,in_progress,medium,2026-12-31,
Performance task 1516,Generated test row 1516,todo,medium,2026-12-31,
Performance task 1517,Generated test row 1517,todo,medium,2026-12-31,
Performance task 1518,Generated test row 1518,in_progress,medium,2026-12-31,
Performance task 1519,Generated test row 1519,todo,medium,2026-12-31,
Performance task 1520,Generated test row 1520,todo,high,2026-12-31,
Performance task 1521,Generated test row 1521,in_progress,medium,2026-12-31,
Performance task 1522,Generated test row 1522,todo,medium,2026-12-31,
Performance task 1523,Generated test row 1523,todo,medium,2026-12-31,
Performance task 1524,Generated test row 1524,in_progress,medium,2026-12-31,
Performance task 1525,Generated test row 1525,todo,medium,2026-12-31,
Performance task 1526,Generated test row 1526,todo,medium,2026-12-31,
Performance task 1527,Generated test row 1527,in_progress,medium,2026-12-31,
Performance task 1528,Generated test row 1528,todo,medium,2026-12-31,
Performance task 1529,Generated test row 1529,todo,medium,2026-12-31,
Performance task 1530,Generated test row 1530,in_progress,high,2026-12-31,
Performance task 1531,Generated test row 1531,todo,medium,2026-12-31,
Performance task 1532,Generated test row 1532,todo,medium,2026-12-31,
Performance task 1533,Generated test row 1533,in_progress,medium,2026-12-31,
Performance task 1534,Generated test row 1534,todo,medium,2026-12-31,
Performance task 1535,Generated test row 1535,todo,medium,2026-12-31,
Performance task 1536,Generated test row 1536,in_progress,medium,2026-12-31,
Performance task 1537,Generated test row 1537,todo,medium,2026-12-31,
Performance task 1538,Generated test row 1538,todo,medium,2026-12-31,
Performance task 1539,Generated test row 1539,in_progress,medium,2026-12-31,
Performance task 1540,Generated test row 1540,todo,high,2026-12-31,
Performance task 1541,Generated test row 1541,todo,medium,2026-12-31,
Performance task 1542,Generated test row 1542,in_progress,medium,2026-12-31,
Performance task 1543,Generated test row 1543,todo,medium,2026-12-31,
Performance task 1544,Generated test row 1544,todo,medium,2026-12-31,
Performance task 1545,Generated test row 1545,in_progress,medium,2026-12-31,
Performance task 1546,Generated test row 1546,todo,medium,2026-12-31,
Performance task 1547,Generated test row 1547,todo,medium,2026-12-31,
Performance task 1548,Generated test row 1548,in_progress,medium,2026-12-31,
Performance task 1549,Generated test row 1549,todo,medium,2026-12-31,
Performance task 1550,Generated test row 1550,todo,high,2026-12-31,
Performance task 1551,Generated test row 1551,in_progress,medium,2026-12-31,
Performance task 1552,Generated test row 1552,todo,medium,2026-12-31,
Performance task 1553,Generated test row 1553,todo,medium,2026-12-31,
Performance task 1554,Generated test row 1554,in_progress,medium,2026-12-31,
Performance task 1555,Generated test row 1555,todo,medium,2026-12-31,
Performance task 1556,Generated test row 1556,todo,medium,2026-12-31,
Performance task 1557,Generated test row 1557,in_progress,medium,2026-12-31,
Performance task 1558,Generated test row 1558,todo,medium,2026-12-31,
Performance task 1559,Generated test row 1559,todo,medium,2026-12-31,
Performance task 1560,Generated test row 1560,in_progress,high,2026-12-31,
Performance task 1561,Generated test row 1561,todo,medium,2026-12-31,
Performance task 1562,Generated test row 1562,todo,medium,2026-12-31,
Performance task 1563,Generated test row 1563,in_progress,medium,2026-12-31,
Performance task 1564,Generated test row 1564,todo,medium,2026-12-31,
Performance task 1565,Generated test row 1565,todo,medium,2026-12-31,
Performance task 1566,Generated test row 1566,in_progress,medium,2026-12-31,
Performance task 1567,Generated test row 1567,todo,medium,2026-12-31,
Performance task 1568,Generated test row 1568,todo,medium,2026-12-31,
Performance task 1569,Generated test row 1569,in_progress,medium,2026-12-31,
Performance task 1570,Generated test row 1570,todo,high,2026-12-31,
Performance task 1571,Generated test row 1571,todo,medium,2026-12-31,
Performance task 1572,Generated test row 1572,in_progress,medium,2026-12-31,
Performance task 1573,Generated test row 1573,todo,medium,2026-12-31,
Performance task 1574,Generated test row 1574,todo,medium,2026-12-31,
Performance task 1575,Generated test row 1575,in_progress,medium,2026-12-31,
Performance task 1576,Generated test row 1576,todo,medium,2026-12-31,
Performance task 1577,Generated test row 1577,todo,medium,2026-12-31,
Performance task 1578,Generated test row 1578,in_progress,medium,2026-12-31,
Performance task 1579,Generated test row 1579,todo,medium,2026-12-31,
Performance task 1580,Generated test row 1580,todo,high,2026-12-31,
Performance task 1581,Generated test row 1581,in_progress,medium,2026-12-31,
Performance task 1582,Generated test row 1582,todo,medium,2026-12-31,
Performance task 1583,Generated test row 1583,todo,medium,2026-12-31,
Performance task 1584,Generated test row 1584,in_progress,medium,2026-12-31,
Performance task 1585,Generated test row 1585,todo,medium,2026-12-31,
Performance task 1586,Generated test row 1586,todo,medium,2026-12-31,
Performance task 1587,Generated test row 1587,in_progress,medium,2026-12-31,
Performance task 1588,Generated test row 1588,todo,medium,2026-12-31,
Performance task 1589,Generated test row 1589,todo,medium,2026-12-31,
Performance task 1590,Generated test row 1590,in_progress,high,2026-12-31,
Performance task 1591,Generated test row 1591,todo,medium,2026-12-31,
Performance task 1592,Generated test row 1592,todo,medium,2026-12-31,
Performance task 1593,Generated test row 1593,in_progress,medium,2026-12-31,
Performance task 1594,Generated test row 1594,todo,medium,2026-12-31,
Performance task 1595,Generated test row 1595,todo,medium,2026-12-31,
Performance task 1596,Generated test row 1596,in_progress,medium,2026-12-31,
Performance task 1597,Generated test row 1597,todo,medium,2026-12-31,
Performance task 1598,Generated test row 1598,todo,medium,2026-12-31,
Performance task 1599,Generated test row 1599,in_progress,medium,2026-12-31,
Performance task 1600,Generated test row 1600,invalid_status,high,2026-12-31,
Performance task 1601,Generated test row 1601,todo,medium,2026-12-31,
Performance task 1602,Generated test row 1602,in_progress,medium,2026-12-31,
Performance task 1603,Generated test row 1603,todo,medium,2026-12-31,
Performance task 1604,Generated test row 1604,todo,medium,2026-12-31,
Performance task 1605,Generated test row 1605,in_progress,medium,2026-12-31,
Performance task 1606,Generated test row 1606,todo,medium,2026-12-31,
Performance task 1607,Generated test row 1607,todo,medium,2026-12-31,
Performance task 1608,Generated test row 1608,in_progress,medium,2026-12-31,
Performance task 1609,Generated test row 1609,todo,medium,2026-12-31,
Performance task 1610,Generated test row 1610,todo,high,2026-12-31,
Performance task 1611,Generated test row 1611,in_progress,medium,2026-12-31,
Performance task 1612,Generated test row 1612,todo,medium,2026-12-31,
Performance task 1613,Generated test row 1613,todo,medium,2026-12-31,
Performance task 1614,Generated test row 1614,in_progress,medium,2026-12-31,
Performance task 1615,Generated test row 1615,todo,medium,2026-12-31,
Performance task 1616,Generated test row 1616,todo,medium,2026-12-31,
Performance task 1617,Generated test row 1617,in_progress,medium,2026-12-31,
Performance task 1618,Generated test row 1618,todo,medium,2026-12-31,
Performance task 1619,Generated test row 1619,todo,medium,2026-12-31,
Performance task 1620,Generated test row 1620,in_progress,high,2026-12-31,
Performance task 1621,Generated test row 1621,todo,medium,2026-12-31,
Performance task 1622,Generated test row 1622,todo,medium,2026-12-31,
Performance task 1623,Generated test row 1623,in_progress,medium,2026-12-31,
Performance task 1624,Generated test row 1624,todo,medium,2026-12-31,
Performance task 1625,Generated test row 1625,todo,medium,2026-12-31,
Performance task 1626,Generated test row 1626,in_progress,medium,2026-12-31,
Performance task 1627,Generated test row 1627,todo,medium,2026-12-31,
Performance task 1628,Generated test row 1628,todo,medium,2026-12-31,
Performance task 1629,Generated test row 1629,in_progress,medium,2026-12-31,
Performance task 1630,Generated test row 1630,todo,high,2026-12-31,
Performance task 1631,Generated test row 1631,todo,medium,2026-12-31,
Performance task 1632,Generated test row 1632,in_progress,medium,2026-12-31,
Performance task 1633,Generated test row 1633,todo,medium,2026-12-31,
Performance task 1634,Generated test row 1634,todo,medium,2026-12-31,
Performance task 1635,Generated test row 1635,in_progress,medium,2026-12-31,
Performance task 1636,Generated test row 1636,todo,medium,2026-12-31,
Performance task 1637,Generated test row 1637,todo,medium,2026-12-31,
Performance task 1638,Generated test row 1638,in_progress,medium,2026-12-31,
Performance task 1639,Generated test row 1639,todo,medium,2026-12-31,
Performance task 1640,Generated test row 1640,todo,high,2026-12-31,
Performance task 1641,Generated test row 1641,in_progress,medium,2026-12-31,
Performance task 1642,Generated test row 1642,todo,medium,2026-12-31,
Performance task 1643,Generated test row 1643,todo,medium,2026-12-31,
Performance task 1644,Generated test row 1644,in_progress,medium,2026-12-31,
Performance task 1645,Generated test row 1645,todo,medium,2026-12-31,
Performance task 1646,Generated test row 1646,todo,medium,2026-12-31,
Performance task 1647,Generated test row 1647,in_progress,medium,2026-12-31,
Performance task 1648,Generated test row 1648,todo,medium,2026-12-31,
Performance task 1649,Generated test row 1649,todo,medium,2026-12-31,
Performance task 1650,Generated test row 1650,in_progress,high,2026-12-31,
Performance task 1651,Generated test row 1651,todo,medium,2026-12-31,
Performance task 1652,Generated test row 1652,todo,medium,2026-12-31,
Performance task 1653,Generated test row 1653,in_progress,medium,2026-12-31,
Performance task 1654,Generated test row 1654,todo,medium,2026-12-31,
Performance task 1655,Generated test row 1655,todo,medium,2026-12-31,
Performance task 1656,Generated test row 1656,in_progress,medium,2026-12-31,
Performance task 1657,Generated test row 1657,todo,medium,2026-12-31,
Performance task 1658,Generated test row 1658,todo,medium,2026-12-31,
Performance task 1659,Generated test row 1659,in_progress,medium,2026-12-31,
Performance task 1660,Generated test row 1660,todo,high,2026-12-31,
Performance task 1661,Generated test row 1661,todo,medium,2026-12-31,
Performance task 1662,Generated test row 1662,in_progress,medium,2026-12-31,
Performance task 1663,Generated test row 1663,todo,medium,2026-12-31,
Performance task 1664,Generated test row 1664,todo,medium,2026-12-31,
Performance task 1665,Generated test row 1665,in_progress,medium,2026-12-31,
Performance task 1666,Generated test row 1666,todo,medium,2026-12-31,
Performance task 1667,Generated test row 1667,todo,medium,2026-12-31,
Performance task 1668,Generated test row 1668,in_progress,medium,2026-12-31,
Performance task 1669,Generated test row 1669,todo,medium,2026-12-31,
Performance task 1670,Generated test row 1670,todo,high,2026-12-31,
Performance task 1671,Generated test row 1671,in_progress,medium,2026-12-31,
Performance task 1672,Generated test row 1672,todo,medium,2026-12-31,
Performance task 1673,Generated test row 1673,todo,medium,2026-12-31,
Performance task 1674,Generated test row 1674,in_progress,medium,2026-12-31,
Performance task 1675,Generated test row 1675,todo,medium,2026-12-31,
Performance task 1676,Generated test row 1676,todo,medium,2026-12-31,
Performance task 1677,Generated test row 1677,in_progress,medium,2026-12-31,
Performance task 1678,Generated test row 1678,todo,medium,2026-12-31,
Performance task 1679,Generated test row 1679,todo,medium,2026-12-31,
Performance task 1680,Generated test row 1680,in_progress,high,2026-12-31,
Performance task 1681,Generated test row 1681,todo,medium,2026-12-31,
Performance task 1682,Generated test row 1682,todo,medium,2026-12-31,
Performance task 1683,Generated test row 1683,in_progress,medium,2026-12-31,
Performance task 1684,Generated test row 1684,todo,medium,2026-12-31,
Performance task 1685,Generated test row 1685,todo,medium,2026-12-31,
Performance task 1686,Generated test row 1686,in_progress,medium,2026-12-31,
Performance task 1687,Generated test row 1687,todo,medium,2026-12-31,
Performance task 1688,Generated test row 1688,todo,medium,2026-12-31,
Performance task 1689,Generated test row 1689,in_progress,medium,2026-12-31,
Performance task 1690,Generated test row 1690,todo,high,2026-12-31,
Performance task 1691,Generated test row 1691,todo,medium,2026-12-31,
Performance task 1692,Generated test row 1692,in_progress,medium,2026-12-31,
Performance task 1693,Generated test row 1693,todo,medium,2026-12-31,
Performance task 1694,Generated test row 1694,todo,medium,2026-12-31,
Performance task 1695,Generated test row 1695,in_progress,medium,2026-12-31,
Performance task 1696,Generated test row 1696,todo,medium,2026-12-31,
Performance task 1697,Generated test row 1697,todo,medium,2026-12-31,
Performance task 1698,Generated test row 1698,in_progress,medium,2026-12-31,
Performance task 1699,Generated test row 1699,todo,medium,2026-12-31,
Performance task 1700,Generated test row 1700,invalid_status,high,2026-12-31,
Performance task 1701,Generated test row 1701,in_progress,medium,2026-12-31,
Performance task 1702,Generated test row 1702,todo,medium,2026-12-31,
Performance task 1703,Generated test row 1703,todo,medium,2026-12-31,
Performance task 1704,Generated test row 1704,in_progress,medium,2026-12-31,
Performance task 1705,Generated test row 1705,todo,medium,2026-12-31,
Performance task 1706,Generated test row 1706,todo,medium,2026-12-31,
Performance task 1707,Generated test row 1707,in_progress,medium,2026-12-31,
Performance task 1708,Generated test row 1708,todo,medium,2026-12-31,
Performance task 1709,Generated test row 1709,todo,medium,2026-12-31,
Performance task 1710,Generated test row 1710,in_progress,high,2026-12-31,
Performance task 1711,Generated test row 1711,todo,medium,2026-12-31,
Performance task 1712,Generated test row 1712,todo,medium,2026-12-31,
Performance task 1713,Generated test row 1713,in_progress,medium,2026-12-31,
Performance task 1714,Generated test row 1714,todo,medium,2026-12-31,
Performance task 1715,Generated test row 1715,todo,medium,2026-12-31,
Performance task 1716,Generated test row 1716,in_progress,medium,2026-12-31,
Performance task 1717,Generated test row 1717,todo,medium,2026-12-31,
Performance task 1718,Generated test row 1718,todo,medium,2026-12-31,
Performance task 1719,Generated test row 1719,in_progress,medium,2026-12-31,
Performance task 1720,Generated test row 1720,todo,high,2026-12-31,
Performance task 1721,Generated test row 1721,todo,medium,2026-12-31,
Performance task 1722,Generated test row 1722,in_progress,medium,2026-12-31,
Performance task 1723,Generated test row 1723,todo,medium,2026-12-31,
Performance task 1724,Generated test row 1724,todo,medium,2026-12-31,
Performance task 1725,Generated test row 1725,in_progress,medium,2026-12-31,
Performance task 1726,Generated test row 1726,todo,medium,2026-12-31,
Performance task 1727,Generated test row 1727,todo,medium,2026-12-31,
Performance task 1728,Generated test row 1728,in_progress,medium,2026-12-31,
Performance task 1729,Generated test row 1729,todo,medium,2026-12-31,
Performance task 1730,Generated test row 1730,todo,high,2026-12-31,
Performance task 1731,Generated test row 1731,in_progress,medium,2026-12-31,
Performance task 1732,Generated test row 1732,todo,medium,2026-12-31,
Performance task 1733,Generated test row 1733,todo,medium,2026-12-31,
Performance task 1734,Generated test row 1734,in_progress,medium,2026-12-31,
Performance task 1735,Generated test row 1735,todo,medium,2026-12-31,
Performance task 1736,Generated test row 1736,todo,medium,2026-12-31,
Performance task 1737,Generated test row 1737,in_progress,medium,2026-12-31,
Performance task 1738,Generated test row 1738,todo,medium,2026-12-31,
Performance task 1739,Generated test row 1739,todo,medium,2026-12-31,
Performance task 1740,Generated test row 1740,in_progress,high,2026-12-31,
Performance task 1741,Generated test row 1741,todo,medium,2026-12-31,
Performance task 1742,Generated test row 1742,todo,medium,2026-12-31,
Performance task 1743,Generated test row 1743,in_progress,medium,2026-12-31,
Performance task 1744,Generated test row 1744,todo,medium,2026-12-31,
Performance task 1745,Generated test row 1745,todo,medium,2026-12-31,
Performance task 1746,Generated test row 1746,in_progress,medium,2026-12-31,
Performance task 1747,Generated test row 1747,todo,medium,2026-12-31,
Performance task 1748,Generated test row 1748,todo,medium,2026-12-31,
Performance task 1749,Generated test row 1749,in_progress,medium,2026-12-31,
Performance task 1750,Generated test row 1750,todo,high,2026-12-31,
Performance task 1751,Generated test row 1751,todo,medium,2026-12-31,
Performance task 1752,Generated test row 1752,in_progress,medium,2026-12-31,
Performance task 1753,Generated test row 1753,todo,medium,2026-12-31,
Performance task 1754,Generated test row 1754,todo,medium,2026-12-31,
Performance task 1755,Generated test row 1755,in_progress,medium,2026-12-31,
Performance task 1756,Generated test row 1756,todo,medium,2026-12-31,
Performance task 1757,Generated test row 1757,todo,medium,2026-12-31,
Performance task 1758,Generated test row 1758,in_progress,medium,2026-12-31,
Performance task 1759,Generated test row 1759,todo,medium,2026-12-31,
Performance task 1760,Generated test row 1760,todo,high,2026-12-31,
Performance task 1761,Generated test row 1761,in_progress,medium,2026-12-31,
Performance task 1762,Generated test row 1762,todo,medium,2026-12-31,
Performance task 1763,Generated test row 1763,todo,medium,2026-12-31,
Performance task 1764,Generated test row 1764,in_progress,medium,2026-12-31,
Performance task 1765,Generated test row 1765,todo,medium,2026-12-31,
Performance task 1766,Generated test row 1766,todo,medium,2026-12-31,
Performance task 1767,Generated test row 1767,in_progress,medium,2026-12-31,
Performance task 1768,Generated test row 1768,todo,medium,2026-12-31,
Performance task 1769,Generated test row 1769,todo,medium,2026-12-31,
Performance task 1770,Generated test row 1770,in_progress,high,2026-12-31,
Performance task 1771,Generated test row 1771,todo,medium,2026-12-31,
Performance task 1772,Generated test row 1772,todo,medium,2026-12-31,
Performance task 1773,Generated test row 1773,in_progress,medium,2026-12-31,
Performance task 1774,Generated test row 1774,todo,medium,2026-12-31,
Performance task 1775,Generated test row 1775,todo,medium,2026-12-31,
Performance task 1776,Generated test row 1776,in_progress,medium,2026-12-31,
Performance task 1777,Generated test row 1777,todo,medium,2026-12-31,
Performance task 1778,Generated test row 1778,todo,medium,2026-12-31,
Performance task 1779,Generated test row 1779,in_progress,medium,2026-12-31,
Performance task 1780,Generated test row 1780,todo,high,2026-12-31,
Performance task 1781,Generated test row 1781,todo,medium,2026-12-31,
Performance task 1782,Generated test row 1782,in_progress,medium,2026-12-31,
Performance task 1783,Generated test row 1783,todo,medium,2026-12-31,
Performance task 1784,Generated test row 1784,todo,medium,2026-12-31,
Performance task 1785,Generated test row 1785,in_progress,medium,2026-12-31,
Performance task 1786,Generated test row 1786,todo,medium,2026-12-31,
Performance task 1787,Generated test row 1787,todo,medium,2026-12-31,
Performance task 1788,Generated test row 1788,in_progress,medium,2026-12-31,
Performance task 1789,Generated test row 1789,todo,medium,2026-12-31,
Performance task 1790,Generated test row 1790,todo,high,2026-12-31,
Performance task 1791,Generated test row 1791,in_progress,medium,2026-12-31,
Performance task 1792,Generated test row 1792,todo,medium,2026-12-31,
Performance task 1793,Generated test row 1793,todo,medium,2026-12-31,
Performance task 1794,Generated test row 1794,in_progress,medium,2026-12-31,
Performance task 1795,Generated test row 1795,todo,medium,2026-12-31,
Performance task 1796,Generated test row 1796,todo,medium,2026-12-31,
Performance task 1797,Generated test row 1797,in_progress,medium,2026-12-31,
Performance task 1798,Generated test row 1798,todo,medium,2026-12-31,
Performance task 1799,Generated test row 1799,todo,medium,2026-12-31,
Performance task 1800,Generated test row 1800,invalid_status,high,2026-12-31,
Performance task 1801,Generated test row 1801,todo,medium,2026-12-31,
Performance task 1802,Generated test row 1802,todo,medium,2026-12-31,
Performance task 1803,Generated test row 1803,in_progress,medium,2026-12-31,
Performance task 1804,Generated test row 1804,todo,medium,2026-12-31,
Performance task 1805,Generated test row 1805,todo,medium,2026-12-31,
Performance task 1806,Generated test row 1806,in_progress,medium,2026-12-31,
Performance task 1807,Generated test row 1807,todo,medium,2026-12-31,
Performance task 1808,Generated test row 1808,todo,medium,2026-12-31,
Performance task 1809,Generated test row 1809,in_progress,medium,2026-12-31,
Performance task 1810,Generated test row 1810,todo,high,2026-12-31,
Performance task 1811,Generated test row 1811,todo,medium,2026-12-31,
Performance task 1812,Generated test row 1812,in_progress,medium,2026-12-31,
Performance task 1813,Generated test row 1813,todo,medium,2026-12-31,
Performance task 1814,Generated test row 1814,todo,medium,2026-12-31,
Performance task 1815,Generated test row 1815,in_progress,medium,2026-12-31,
Performance task 1816,Generated test row 1816,todo,medium,2026-12-31,
Performance task 1817,Generated test row 1817,todo,medium,2026-12-31,
Performance task 1818,Generated test row 1818,in_progress,medium,2026-12-31,
Performance task 1819,Generated test row 1819,todo,medium,2026-12-31,
Performance task 1820,Generated test row 1820,todo,high,2026-12-31,
Performance task 1821,Generated test row 1821,in_progress,medium,2026-12-31,
Performance task 1822,Generated test row 1822,todo,medium,2026-12-31,
Performance task 1823,Generated test row 1823,todo,medium,2026-12-31,
Performance task 1824,Generated test row 1824,in_progress,medium,2026-12-31,
Performance task 1825,Generated test row 1825,todo,medium,2026-12-31,
Performance task 1826,Generated test row 1826,todo,medium,2026-12-31,
Performance task 1827,Generated test row 1827,in_progress,medium,2026-12-31,
Performance task 1828,Generated test row 1828,todo,medium,2026-12-31,
Performance task 1829,Generated test row 1829,todo,medium,2026-12-31,
Performance task 1830,Generated test row 1830,in_progress,high,2026-12-31,
Performance task 1831,Generated test row 1831,todo,medium,2026-12-31,
Performance task 1832,Generated test row 1832,todo,medium,2026-12-31,
Performance task 1833,Generated test row 1833,in_progress,medium,2026-12-31,
Performance task 1834,Generated test row 1834,todo,medium,2026-12-31,
Performance task 1835,Generated test row 1835,todo,medium,2026-12-31,
Performance task 1836,Generated test row 1836,in_progress,medium,2026-12-31,
Performance task 1837,Generated test row 1837,todo,medium,2026-12-31,
Performance task 1838,Generated test row 1838,todo,medium,2026-12-31,
Performance task 1839,Generated test row 1839,in_progress,medium,2026-12-31,
Performance task 1840,Generated test row 1840,todo,high,2026-12-31,
Performance task 1841,Generated test row 1841,todo,medium,2026-12-31,
Performance task 1842,Generated test row 1842,in_progress,medium,2026-12-31,
Performance task 1843,Generated test row 1843,todo,medium,2026-12-31,
Performance task 1844,Generated test row 1844,todo,medium,2026-12-31,
Performance task 1845,Generated test row 1845,in_progress,medium,2026-12-31,
Performance task 1846,Generated test row 1846,todo,medium,2026-12-31,
Performance task 1847,Generated test row 1847,todo,medium,2026-12-31,
Performance task 1848,Generated test row 1848,in_progress,medium,2026-12-31,
Performance task 1849,Generated test row 1849,todo,medium,2026-12-31,
Performance task 1850,Generated test row 1850,todo,high,2026-12-31,
Performance task 1851,Generated test row 1851,in_progress,medium,2026-12-31,
Performance task 1852,Generated test row 1852,todo,medium,2026-12-31,
Performance task 1853,Generated test row 1853,todo,medium,2026-12-31,
Performance task 1854,Generated test row 1854,in_progress,medium,2026-12-31,
Performance task 1855,Generated test row 1855,todo,medium,2026-12-31,
Performance task 1856,Generated test row 1856,todo,medium,2026-12-31,
Performance task 1857,Generated test row 1857,in_progress,medium,2026-12-31,
Performance task 1858,Generated test row 1858,todo,medium,2026-12-31,
Performance task 1859,Generated test row 1859,todo,medium,2026-12-31,
Performance task 1860,Generated test row 1860,in_progress,high,2026-12-31,
Performance task 1861,Generated test row 1861,todo,medium,2026-12-31,
Performance task 1862,Generated test row 1862,todo,medium,2026-12-31,
Performance task 1863,Generated test row 1863,in_progress,medium,2026-12-31,
Performance task 1864,Generated test row 1864,todo,medium,2026-12-31,
Performance task 1865,Generated test row 1865,todo,medium,2026-12-31,
Performance task 1866,Generated test row 1866,in_progress,medium,2026-12-31,
Performance task 1867,Generated test row 1867,todo,medium,2026-12-31,
Performance task 1868,Generated test row 1868,todo,medium,2026-12-31,
Performance task 1869,Generated test row 1869,in_progress,medium,2026-12-31,
Performance task 1870,Generated test row 1870,todo,high,2026-12-31,
Performance task 1871,Generated test row 1871,todo,medium,2026-12-31,
Performance task 1872,Generated test row 1872,in_progress,medium,2026-12-31,
Performance task 1873,Generated test row 1873,todo,medium,2026-12-31,
Performance task 1874,Generated test row 1874,todo,medium,2026-12-31,
Performance task 1875,Generated test row 1875,in_progress,medium,2026-12-31,
Performance task 1876,Generated test row 1876,todo,medium,2026-12-31,
Performance task 1877,Generated test row 1877,todo,medium,2026-12-31,
Performance task 1878,Generated test row 1878,in_progress,medium,2026-12-31,
Performance task 1879,Generated test row 1879,todo,medium,2026-12-31,
Performance task 1880,Generated test row 1880,todo,high,2026-12-31,
Performance task 1881,Generated test row 1881,in_progress,medium,2026-12-31,
Performance task 1882,Generated test row 1882,todo,medium,2026-12-31,
Performance task 1883,Generated test row 1883,todo,medium,2026-12-31,
Performance task 1884,Generated test row 1884,in_progress,medium,2026-12-31,
Performance task 1885,Generated test row 1885,todo,medium,2026-12-31,
Performance task 1886,Generated test row 1886,todo,medium,2026-12-31,
Performance task 1887,Generated test row 1887,in_progress,medium,2026-12-31,
Performance task 1888,Generated test row 1888,todo,medium,2026-12-31,
Performance task 1889,Generated test row 1889,todo,medium,2026-12-31,
Performance task 1890,Generated test row 1890,in_progress,high,2026-12-31,
Performance task 1891,Generated test row 1891,todo,medium,2026-12-31,
Performance task 1892,Generated test row 1892,todo,medium,2026-12-31,
Performance task 1893,Generated test row 1893,in_progress,medium,2026-12-31,
Performance task 1894,Generated test row 1894,todo,medium,2026-12-31,
Performance task 1895,Generated test row 1895,todo,medium,2026-12-31,
Performance task 1896,Generated test row 1896,in_progress,medium,2026-12-31,
Performance task 1897,Generated test row 1897,todo,medium,2026-12-31,
Performance task 1898,Generated test row 1898,todo,medium,2026-12-31,
Performance task 1899,Generated test row 1899,in_progress,medium,2026-12-31,
Performance task 1900,Generated test row 1900,invalid_status,high,2026-12-31,
Performance task 1901,Generated test row 1901,todo,medium,2026-12-31,
Performance task 1902,Generated test row 1902,in_progress,medium,2026-12-31,
Performance task 1903,Generated test row 1903,todo,medium,2026-12-31,
Performance task 1904,Generated test row 1904,todo,medium,2026-12-31,
Performance task 1905,Generated test row 1905,in_progress,medium,2026-12-31,
Performance task 1906,Generated test row 1906,todo,medium,2026-12-31,
Performance task 1907,Generated test row 1907,todo,medium,2026-12-31,
Performance task 1908,Generated test row 1908,in_progress,medium,2026-12-31,
Performance task 1909,Generated test row 1909,todo,medium,2026-12-31,
Performance task 1910,Generated test row 1910,todo,high,2026-12-31,
Performance task 1911,Generated test row 1911,in_progress,medium,2026-12-31,
Performance task 1912,Generated test row 1912,todo,medium,2026-12-31,
Performance task 1913,Generated test row 1913,todo,medium,2026-12-31,
Performance task 1914,Generated test row 1914,in_progress,medium,2026-12-31,
Performance task 1915,Generated test row 1915,todo,medium,2026-12-31,
Performance task 1916,Generated test row 1916,todo,medium,2026-12-31,
Performance task 1917,Generated test row 1917,in_progress,medium,2026-12-31,
Performance task 1918,Generated test row 1918,todo,medium,2026-12-31,
Performance task 1919,Generated test row 1919,todo,medium,2026-12-31,
Performance task 1920,Generated test row 1920,in_progress,high,2026-12-31,
Performance task 1921,Generated test row 1921,todo,medium,2026-12-31,
Performance task 1922,Generated test row 1922,todo,medium,2026-12-31,
Performance task 1923,Generated test row 1923,in_progress,medium,2026-12-31,
Performance task 1924,Generated test row 1924,todo,medium,2026-12-31,
Performance task 1925,Generated test row 1925,todo,medium,2026-12-31,
Performance task 1926,Generated test row 1926,in_progress,medium,2026-12-31,
Performance task 1927,Generated test row 1927,todo,medium,2026-12-31,
Performance task 1928,Generated test row 1928,todo,medium,2026-12-31,
Performance task 1929,Generated test row 1929,in_progress,medium,2026-12-31,
Performance task 1930,Generated test row 1930,todo,high,2026-12-31,
Performance task 1931,Generated test row 1931,todo,medium,2026-12-31,
Performance task 1932,Generated test row 1932,in_progress,medium,2026-12-31,
Performance task 1933,Generated test row 1933,todo,medium,2026-12-31,
Performance task 1934,Generated test row 1934,todo,medium,2026-12-31,
Performance task 1935,Generated test row 1935,in_progress,medium,2026-12-31,
Performance task 1936,Generated test row 1936,todo,medium,2026-12-31,
Performance task 1937,Generated test row 1937,todo,medium,2026-12-31,
Performance task 1938,Generated test row 1938,in_progress,medium,2026-12-31,
Performance task 1939,Generated test row 1939,todo,medium,2026-12-31,
Performance task 1940,Generated test row 1940,todo,high,2026-12-31,
Performance task 1941,Generated test row 1941,in_progress,medium,2026-12-31,
Performance task 1942,Generated test row 1942,todo,medium,2026-12-31,
Performance task 1943,Generated test row 1943,todo,medium,2026-12-31,
Performance task 1944,Generated test row 1944,in_progress,medium,2026-12-31,
Performance task 1945,Generated test row 1945,todo,medium,2026-12-31,
Performance task 1946,Generated test row 1946,todo,medium,2026-12-31,
Performance task 1947,Generated test row 1947,in_progress,medium,2026-12-31,
Performance task 1948,Generated test row 1948,todo,medium,2026-12-31,
Performance task 1949,Generated test row 1949,todo,medium,2026-12-31,
Performance task 1950,Generated test row 1950,in_progress,high,2026-12-31,
Performance task 1951,Generated test row 1951,todo,medium,2026-12-31,
Performance task 1952,Generated test row 1952,todo,medium,2026-12-31,
Performance task 1953,Generated test row 1953,in_progress,medium,2026-12-31,
Performance task 1954,Generated test row 1954,todo,medium,2026-12-31,
Performance task 1955,Generated test row 1955,todo,medium,2026-12-31,
Performance task 1956,Generated test row 1956,in_progress,medium,2026-12-31,
Performance task 1957,Generated test row 1957,todo,medium,2026-12-31,
Performance task 1958,Generated test row 1958,todo,medium,2026-12-31,
Performance task 1959,Generated test row 1959,in_progress,medium,2026-12-31,
Performance task 1960,Generated test row 1960,todo,high,2026-12-31,
Performance task 1961,Generated test row 1961,todo,medium,2026-12-31,
Performance task 1962,Generated test row 1962,in_progress,medium,2026-12-31,
Performance task 1963,Generated test row 1963,todo,medium,2026-12-31,
Performance task 1964,Generated test row 1964,todo,medium,2026-12-31,
Performance task 1965,Generated test row 1965,in_progress,medium,2026-12-31,
Performance task 1966,Generated test row 1966,todo,medium,2026-12-31,
Performance task 1967,Generated test row 1967,todo,medium,2026-12-31,
Performance task 1968,Generated test row 1968,in_progress,medium,2026-12-31,
Performance task 1969,Generated test row 1969,todo,medium,2026-12-31,
Performance task 1970,Generated test row 1970,todo,high,2026-12-31,
Performance task 1971,Generated test row 1971,in_progress,medium,2026-12-31,
Performance task 1972,Generated test row 1972,todo,medium,2026-12-31,
Performance task 1973,Generated test row 1973,todo,medium,2026-12-31,
Performance task 1974,Generated test row 1974,in_progress,medium,2026-12-31,
Performance task 1975,Generated test row 1975,todo,medium,2026-12-31,
Performance task 1976,Generated test row 1976,todo,medium,2026-12-31,
Performance task 1977,Generated test row 1977,in_progress,medium,2026-12-31,
Performance task 1978,Generated test row 1978,todo,medium,2026-12-31,
Performance task 1979,Generated test row 1979,todo,medium,2026-12-31,
Performance task 1980,Generated test row 1980,in_progress,high,2026-12-31,
Performance task 1981,Generated test row 1981,todo,medium,2026-12-31,
Performance task 1982,Generated test row 1982,todo,medium,2026-12-31,
Performance task 1983,Generated test row 1983,in_progress,medium,2026-12-31,
Performance task 1984,Generated test row 1984,todo,medium,2026-12-31,
Performance task 1985,Generated test row 1985,todo,medium,2026-12-31,
Performance task 1986,Generated test row 1986,in_progress,medium,2026-12-31,
Performance task 1987,Generated test row 1987,todo,medium,2026-12-31,
Performance task 1988,Generated test row 1988,todo,medium,2026-12-31,
Performance task 1989,Generated test row 1989,in_progress,medium,2026-12-31,
Performance task 1990,Generated test row 1990,todo,high,2026-12-31,
Performance task 1991,Generated test row 1991,todo,medium,2026-12-31,
Performance task 1992,Generated test row 1992,in_progress,medium,2026-12-31,
Performance task 1993,Generated test row 1993,todo,medium,2026-12-31,
Performance task 1994,Generated test row 1994,todo,medium,2026-12-31,
Performance task 1995,Generated test row 1995,in_progress,medium,2026-12-31,
Performance task 1996,Generated test row 1996,todo,medium,2026-12-31,
Performance task 1997,Generated test row 1997,todo,medium,2026-12-31,
Performance task 1998,Generated test row 1998,in_progress,medium,2026-12-31,
Performance task 1999,Generated test row 1999,todo,medium,2026-12-31,
Performance task 2000,Generated test row 2000,invalid_status,high,2026-12-31,
Performance task 2001,Generated test row 2001,in_progress,medium,2026-12-31,
Performance task 2002,Generated test row 2002,todo,medium,2026-12-31,
Performance task 2003,Generated test row 2003,todo,medium,2026-12-31,
Performance task 2004,Generated test row 2004,in_progress,medium,2026-12-31,
Performance task 2005,Generated test row 2005,todo,medium,2026-12-31,
Performance task 2006,Generated test row 2006,todo,medium,2026-12-31,
Performance task 2007,Generated test row 2007,in_progress,medium,2026-12-31,
Performance task 2008,Generated test row 2008,todo,medium,2026-12-31,
Performance task 2009,Generated test row 2009,todo,medium,2026-12-31,
Performance task 2010,Generated test row 2010,in_progress,high,2026-12-31,
Performance task 2011,Generated test row 2011,todo,medium,2026-12-31,
Performance task 2012,Generated test row 2012,todo,medium,2026-12-31,
Performance task 2013,Generated test row 2013,in_progress,medium,2026-12-31,
Performance task 2014,Generated test row 2014,todo,medium,2026-12-31,
Performance task 2015,Generated test row 2015,todo,medium,2026-12-31,
Performance task 2016,Generated test row 2016,in_progress,medium,2026-12-31,
Performance task 2017,Generated test row 2017,todo,medium,2026-12-31,
Performance task 2018,Generated test row 2018,todo,medium,2026-12-31,
Performance task 2019,Generated test row 2019,in_progress,medium,2026-12-31,
Performance task 2020,Generated test row 2020,todo,high,2026-12-31,
Performance task 2021,Generated test row 2021,todo,medium,2026-12-31,
Performance task 2022,Generated test row 2022,in_progress,medium,2026-12-31,
Performance task 2023,Generated test row 2023,todo,medium,2026-12-31,
Performance task 2024,Generated test row 2024,todo,medium,2026-12-31,
Performance task 2025,Generated test row 2025,in_progress,medium,2026-12-31,
Performance task 2026,Generated test row 2026,todo,medium,2026-12-31,
Performance task 2027,Generated test row 2027,todo,medium,2026-12-31,
Performance task 2028,Generated test row 2028,in_progress,medium,2026-12-31,
Performance task 2029,Generated test row 2029,todo,medium,2026-12-31,
Performance task 2030,Generated test row 2030,todo,high,2026-12-31,
Performance task 2031,Generated test row 2031,in_progress,medium,2026-12-31,
Performance task 2032,Generated test row 2032,todo,medium,2026-12-31,
Performance task 2033,Generated test row 2033,todo,medium,2026-12-31,
Performance task 2034,Generated test row 2034,in_progress,medium,2026-12-31,
Performance task 2035,Generated test row 2035,todo,medium,2026-12-31,
Performance task 2036,Generated test row 2036,todo,medium,2026-12-31,
Performance task 2037,Generated test row 2037,in_progress,medium,2026-12-31,
Performance task 2038,Generated test row 2038,todo,medium,2026-12-31,
Performance task 2039,Generated test row 2039,todo,medium,2026-12-31,
Performance task 2040,Generated test row 2040,in_progress,high,2026-12-31,
Performance task 2041,Generated test row 2041,todo,medium,2026-12-31,
Performance task 2042,Generated test row 2042,todo,medium,2026-12-31,
Performance task 2043,Generated test row 2043,in_progress,medium,2026-12-31,
Performance task 2044,Generated test row 2044,todo,medium,2026-12-31,
Performance task 2045,Generated test row 2045,todo,medium,2026-12-31,
Performance task 2046,Generated test row 2046,in_progress,medium,2026-12-31,
Performance task 2047,Generated test row 2047,todo,medium,2026-12-31,
Performance task 2048,Generated test row 2048,todo,medium,2026-12-31,
Performance task 2049,Generated test row 2049,in_progress,medium,2026-12-31,
Performance task 2050,Generated test row 2050,todo,high,2026-12-31,
Performance task 2051,Generated test row 2051,todo,medium,2026-12-31,
Performance task 2052,Generated test row 2052,in_progress,medium,2026-12-31,
Performance task 2053,Generated test row 2053,todo,medium,2026-12-31,
Performance task 2054,Generated test row 2054,todo,medium,2026-12-31,
Performance task 2055,Generated test row 2055,in_progress,medium,2026-12-31,
Performance task 2056,Generated test row 2056,todo,medium,2026-12-31,
Performance task 2057,Generated test row 2057,todo,medium,2026-12-31,
Performance task 2058,Generated test row 2058,in_progress,medium,2026-12-31,
Performance task 2059,Generated test row 2059,todo,medium,2026-12-31,
Performance task 2060,Generated test row 2060,todo,high,2026-12-31,
Performance task 2061,Generated test row 2061,in_progress,medium,2026-12-31,
Performance task 2062,Generated test row 2062,todo,medium,2026-12-31,
Performance task 2063,Generated test row 2063,todo,medium,2026-12-31,
Performance task 2064,Generated test row 2064,in_progress,medium,2026-12-31,
Performance task 2065,Generated test row 2065,todo,medium,2026-12-31,
Performance task 2066,Generated test row 2066,todo,medium,2026-12-31,
Performance task 2067,Generated test row 2067,in_progress,medium,2026-12-31,
Performance task 2068,Generated test row 2068,todo,medium,2026-12-31,
Performance task 2069,Generated test row 2069,todo,medium,2026-12-31,
Performance task 2070,Generated test row 2070,in_progress,high,2026-12-31,
Performance task 2071,Generated test row 2071,todo,medium,2026-12-31,
Performance task 2072,Generated test row 2072,todo,medium,2026-12-31,
Performance task 2073,Generated test row 2073,in_progress,medium,2026-12-31,
Performance task 2074,Generated test row 2074,todo,medium,2026-12-31,
Performance task 2075,Generated test row 2075,todo,medium,2026-12-31,
Performance task 2076,Generated test row 2076,in_progress,medium,2026-12-31,
Performance task 2077,Generated test row 2077,todo,medium,2026-12-31,
Performance task 2078,Generated test row 2078,todo,medium,2026-12-31,
Performance task 2079,Generated test row 2079,in_progress,medium,2026-12-31,
Performance task 2080,Generated test row 2080,todo,high,2026-12-31,
Performance task 2081,Generated test row 2081,todo,medium,2026-12-31,
Performance task 2082,Generated test row 2082,in_progress,medium,2026-12-31,
Performance task 2083,Generated test row 2083,todo,medium,2026-12-31,
Performance task 2084,Generated test row 2084,todo,medium,2026-12-31,
Performance task 2085,Generated test row 2085,in_progress,medium,2026-12-31,
Performance task 2086,Generated test row 2086,todo,medium,2026-12-31,
Performance task 2087,Generated test row 2087,todo,medium,2026-12-31,
Performance task 2088,Generated test row 2088,in_progress,medium,2026-12-31,
Performance task 2089,Generated test row 2089,todo,medium,2026-12-31,
Performance task 2090,Generated test row 2090,todo,high,2026-12-31,
Performance task 2091,Generated test row 2091,in_progress,medium,2026-12-31,
Performance task 2092,Generated test row 2092,todo,medium,2026-12-31,
Performance task 2093,Generated test row 2093,todo,medium,2026-12-31,
Performance task 2094,Generated test row 2094,in_progress,medium,2026-12-31,
Performance task 2095,Generated test row 2095,todo,medium,2026-12-31,
Performance task 2096,Generated test row 2096,todo,medium,2026-12-31,
Performance task 2097,Generated test row 2097,in_progress,medium,2026-12-31,
Performance task 2098,Generated test row 2098,todo,medium,2026-12-31,
Performance task 2099,Generated test row 2099,todo,medium,2026-12-31,
Performance task 2100,Generated test row 2100,invalid_status,high,2026-12-31,
Performance task 2101,Generated test row 2101,todo,medium,2026-12-31,
Performance task 2102,Generated test row 2102,todo,medium,2026-12-31,
Performance task 2103,Generated test row 2103,in_progress,medium,2026-12-31,
Performance task 2104,Generated test row 2104,todo,medium,2026-12-31,
Performance task 2105,Generated test row 2105,todo,medium,2026-12-31,
Performance task 2106,Generated test row 2106,in_progress,medium,2026-12-31,
Performance task 2107,Generated test row 2107,todo,medium,2026-12-31,
Performance task 2108,Generated test row 2108,todo,medium,2026-12-31,
Performance task 2109,Generated test row 2109,in_progress,medium,2026-12-31,
Performance task 2110,Generated test row 2110,todo,high,2026-12-31,
Performance task 2111,Generated test row 2111,todo,medium,2026-12-31,
Performance task 2112,Generated test row 2112,in_progress,medium,2026-12-31,
Performance task 2113,Generated test row 2113,todo,medium,2026-12-31,
Performance task 2114,Generated test row 2114,todo,medium,2026-12-31,
Performance task 2115,Generated test row 2115,in_progress,medium,2026-12-31,
Performance task 2116,Generated test row 2116,todo,medium,2026-12-31,
Performance task 2117,Generated test row 2117,todo,medium,2026-12-31,
Performance task 2118,Generated test row 2118,in_progress,medium,2026-12-31,
Performance task 2119,Generated test row 2119,todo,medium,2026-12-31,
Performance task 2120,Generated test row 2120,todo,high,2026-12-31,
Performance task 2121,Generated test row 2121,in_progress,medium,2026-12-31,
Performance task 2122,Generated test row 2122,todo,medium,2026-12-31,
Performance task 2123,Generated test row 2123,todo,medium,2026-12-31,
Performance task 2124,Generated test row 2124,in_progress,medium,2026-12-31,
Performance task 2125,Generated test row 2125,todo,medium,2026-12-31,
Performance task 2126,Generated test row 2126,todo,medium,2026-12-31,
Performance task 2127,Generated test row 2127,in_progress,medium,2026-12-31,
Performance task 2128,Generated test row 2128,todo,medium,2026-12-31,
Performance task 2129,Generated test row 2129,todo,medium,2026-12-31,
Performance task 2130,Generated test row 2130,in_progress,high,2026-12-31,
Performance task 2131,Generated test row 2131,todo,medium,2026-12-31,
Performance task 2132,Generated test row 2132,todo,medium,2026-12-31,
Performance task 2133,Generated test row 2133,in_progress,medium,2026-12-31,
Performance task 2134,Generated test row 2134,todo,medium,2026-12-31,
Performance task 2135,Generated test row 2135,todo,medium,2026-12-31,
Performance task 2136,Generated test row 2136,in_progress,medium,2026-12-31,
Performance task 2137,Generated test row 2137,todo,medium,2026-12-31,
Performance task 2138,Generated test row 2138,todo,medium,2026-12-31,
Performance task 2139,Generated test row 2139,in_progress,medium,2026-12-31,
Performance task 2140,Generated test row 2140,todo,high,2026-12-31,
Performance task 2141,Generated test row 2141,todo,medium,2026-12-31,
Performance task 2142,Generated test row 2142,in_progress,medium,2026-12-31,
Performance task 2143,Generated test row 2143,todo,medium,2026-12-31,
Performance task 2144,Generated test row 2144,todo,medium,2026-12-31,
Performance task 2145,Generated test row 2145,in_progress,medium,2026-12-31,
Performance task 2146,Generated test row 2146,todo,medium,2026-12-31,
Performance task 2147,Generated test row 2147,todo,medium,2026-12-31,
Performance task 2148,Generated test row 2148,in_progress,medium,2026-12-31,
Performance task 2149,Generated test row 2149,todo,medium,2026-12-31,
Performance task 2150,Generated test row 2150,todo,high,2026-12-31,
Performance task 2151,Generated test row 2151,in_progress,medium,2026-12-31,
Performance task 2152,Generated test row 2152,todo,medium,2026-12-31,
Performance task 2153,Generated test row 2153,todo,medium,2026-12-31,
Performance task 2154,Generated test row 2154,in_progress,medium,2026-12-31,
Performance task 2155,Generated test row 2155,todo,medium,2026-12-31,
Performance task 2156,Generated test row 2156,todo,medium,2026-12-31,
Performance task 2157,Generated test row 2157,in_progress,medium,2026-12-31,
Performance task 2158,Generated test row 2158,todo,medium,2026-12-31,
Performance task 2159,Generated test row 2159,todo,medium,2026-12-31,
Performance task 2160,Generated test row 2160,in_progress,high,2026-12-31,
Performance task 2161,Generated test row 2161,todo,medium,2026-12-31,
Performance task 2162,Generated test row 2162,todo,medium,2026-12-31,
Performance task 2163,Generated test row 2163,in_progress,medium,2026-12-31,
Performance task 2164,Generated test row 2164,todo,medium,2026-12-31,
Performance task 2165,Generated test row 2165,todo,medium,2026-12-31,
Performance task 2166,Generated test row 2166,in_progress,medium,2026-12-31,
Performance task 2167,Generated test row 2167,todo,medium,2026-12-31,
Performance task 2168,Generated test row 2168,todo,medium,2026-12-31,
Performance task 2169,Generated test row 2169,in_progress,medium,2026-12-31,
Performance task 2170,Generated test row 2170,todo,high,2026-12-31,
Performance task 2171,Generated test row 2171,todo,medium,2026-12-31,
Performance task 2172,Generated test row 2172,in_progress,medium,2026-12-31,
Performance task 2173,Generated test row 2173,todo,medium,2026-12-31,
Performance task 2174,Generated test row 2174,todo,medium,2026-12-31,
Performance task 2175,Generated test row 2175,in_progress,medium,2026-12-31,
Performance task 2176,Generated test row 2176,todo,medium,2026-12-31,
Performance task 2177,Generated test row 2177,todo,medium,2026-12-31,
Performance task 2178,Generated test row 2178,in_progress,medium,2026-12-31,
Performance task 2179,Generated test row 2179,todo,medium,2026-12-31,
Performance task 2180,Generated test row 2180,todo,high,2026-12-31,
Performance task 2181,Generated test row 2181,in_progress,medium,2026-12-31,
Performance task 2182,Generated test row 2182,todo,medium,2026-12-31,
Performance task 2183,Generated test row 2183,todo,medium,2026-12-31,
Performance task 2184,Generated test row 2184,in_progress,medium,2026-12-31,
Performance task 2185,Generated test row 2185,todo,medium,2026-12-31,
Performance task 2186,Generated test row 2186,todo,medium,2026-12-31,
Performance task 2187,Generated test row 2187,in_progress,medium,2026-12-31,
Performance task 2188,Generated test row 2188,todo,medium,2026-12-31,
Performance task 2189,Generated test row 2189,todo,medium,2026-12-31,
Performance task 2190,Generated test row 2190,in_progress,high,2026-12-31,
Performance task 2191,Generated test row 2191,todo,medium,2026-12-31,
Performance task 2192,Generated test row 2192,todo,medium,2026-12-31,
Performance task 2193,Generated test row 2193,in_progress,medium,2026-12-31,
Performance task 2194,Generated test row 2194,todo,medium,2026-12-31,
Performance task 2195,Generated test row 2195,todo,medium,2026-12-31,
Performance task 2196,Generated test row 2196,in_progress,medium,2026-12-31,
Performance task 2197,Generated test row 2197,todo,medium,2026-12-31,
Performance task 2198,Generated test row 2198,todo,medium,2026-12-31,
Performance task 2199,Generated test row 2199,in_progress,medium,2026-12-31,
Performance task 2200,Generated test row 2200,invalid_status,high,2026-12-31,
Performance task 2201,Generated test row 2201,todo,medium,2026-12-31,
Performance task 2202,Generated test row 2202,in_progress,medium,2026-12-31,
Performance task 2203,Generated test row 2203,todo,medium,2026-12-31,
Performance task 2204,Generated test row 2204,todo,medium,2026-12-31,
Performance task 2205,Generated test row 2205,in_progress,medium,2026-12-31,
Performance task 2206,Generated test row 2206,todo,medium,2026-12-31,
Performance task 2207,Generated test row 2207,todo,medium,2026-12-31,
Performance task 2208,Generated test row 2208,in_progress,medium,2026-12-31,
Performance task 2209,Generated test row 2209,todo,medium,2026-12-31,
Performance task 2210,Generated test row 2210,todo,high,2026-12-31,
Performance task 2211,Generated test row 2211,in_progress,medium,2026-12-31,
Performance task 2212,Generated test row 2212,todo,medium,2026-12-31,
Performance task 2213,Generated test row 2213,todo,medium,2026-12-31,
Performance task 2214,Generated test row 2214,in_progress,medium,2026-12-31,
Performance task 2215,Generated test row 2215,todo,medium,2026-12-31,
Performance task 2216,Generated test row 2216,todo,medium,2026-12-31,
Performance task 2217,Generated test row 2217,in_progress,medium,2026-12-31,
Performance task 2218,Generated test row 2218,todo,medium,2026-12-31,
Performance task 2219,Generated test row 2219,todo,medium,2026-12-31,
Performance task 2220,Generated test row 2220,in_progress,high,2026-12-31,
Performance task 2221,Generated test row 2221,todo,medium,2026-12-31,
Performance task 2222,Generated test row 2222,todo,medium,2026-12-31,
Performance task 2223,Generated test row 2223,in_progress,medium,2026-12-31,
Performance task 2224,Generated test row 2224,todo,medium,2026-12-31,
Performance task 2225,Generated test row 2225,todo,medium,2026-12-31,
Performance task 2226,Generated test row 2226,in_progress,medium,2026-12-31,
Performance task 2227,Generated test row 2227,todo,medium,2026-12-31,
Performance task 2228,Generated test row 2228,todo,medium,2026-12-31,
Performance task 2229,Generated test row 2229,in_progress,medium,2026-12-31,
Performance task 2230,Generated test row 2230,todo,high,2026-12-31,
Performance task 2231,Generated test row 2231,todo,medium,2026-12-31,
Performance task 2232,Generated test row 2232,in_progress,medium,2026-12-31,
Performance task 2233,Generated test row 2233,todo,medium,2026-12-31,
Performance task 2234,Generated test row 2234,todo,medium,2026-12-31,
Performance task 2235,Generated test row 2235,in_progress,medium,2026-12-31,
Performance task 2236,Generated test row 2236,todo,medium,2026-12-31,
Performance task 2237,Generated test row 2237,todo,medium,2026-12-31,
Performance task 2238,Generated test row 2238,in_progress,medium,2026-12-31,
Performance task 2239,Generated test row 2239,todo,medium,2026-12-31,
Performance task 2240,Generated test row 2240,todo,high,2026-12-31,
Performance task 2241,Generated test row 2241,in_progress,medium,2026-12-31,
Performance task 2242,Generated test row 2242,todo,medium,2026-12-31,
Performance task 2243,Generated test row 2243,todo,medium,2026-12-31,
Performance task 2244,Generated test row 2244,in_progress,medium,2026-12-31,
Performance task 2245,Generated test row 2245,todo,medium,2026-12-31,
Performance task 2246,Generated test row 2246,todo,medium,2026-12-31,
Performance task 2247,Generated test row 2247,in_progress,medium,2026-12-31,
Performance task 2248,Generated test row 2248,todo,medium,2026-12-31,
Performance task 2249,Generated test row 2249,todo,medium,2026-12-31,
Performance task 2250,Generated test row 2250,in_progress,high,2026-12-31,
Performance task 2251,Generated test row 2251,todo,medium,2026-12-31,
Performance task 2252,Generated test row 2252,todo,medium,2026-12-31,
Performance task 2253,Generated test row 2253,in_progress,medium,2026-12-31,
Performance task 2254,Generated test row 2254,todo,medium,2026-12-31,
Performance task 2255,Generated test row 2255,todo,medium,2026-12-31,
Performance task 2256,Generated test row 2256,in_progress,medium,2026-12-31,
Performance task 2257,Generated test row 2257,todo,medium,2026-12-31,
Performance task 2258,Generated test row 2258,todo,medium,2026-12-31,
Performance task 2259,Generated test row 2259,in_progress,medium,2026-12-31,
Performance task 2260,Generated test row 2260,todo,high,2026-12-31,
Performance task 2261,Generated test row 2261,todo,medium,2026-12-31,
Performance task 2262,Generated test row 2262,in_progress,medium,2026-12-31,
Performance task 2263,Generated test row 2263,todo,medium,2026-12-31,
Performance task 2264,Generated test row 2264,todo,medium,2026-12-31,
Performance task 2265,Generated test row 2265,in_progress,medium,2026-12-31,
Performance task 2266,Generated test row 2266,todo,medium,2026-12-31,
Performance task 2267,Generated test row 2267,todo,medium,2026-12-31,
Performance task 2268,Generated test row 2268,in_progress,medium,2026-12-31,
Performance task 2269,Generated test row 2269,todo,medium,2026-12-31,
Performance task 2270,Generated test row 2270,todo,high,2026-12-31,
Performance task 2271,Generated test row 2271,in_progress,medium,2026-12-31,
Performance task 2272,Generated test row 2272,todo,medium,2026-12-31,
Performance task 2273,Generated test row 2273,todo,medium,2026-12-31,
Performance task 2274,Generated test row 2274,in_progress,medium,2026-12-31,
Performance task 2275,Generated test row 2275,todo,medium,2026-12-31,
Performance task 2276,Generated test row 2276,todo,medium,2026-12-31,
Performance task 2277,Generated test row 2277,in_progress,medium,2026-12-31,
Performance task 2278,Generated test row 2278,todo,medium,2026-12-31,
Performance task 2279,Generated test row 2279,todo,medium,2026-12-31,
Performance task 2280,Generated test row 2280,in_progress,high,2026-12-31,
Performance task 2281,Generated test row 2281,todo,medium,2026-12-31,
Performance task 2282,Generated test row 2282,todo,medium,2026-12-31,
Performance task 2283,Generated test row 2283,in_progress,medium,2026-12-31,
Performance task 2284,Generated test row 2284,todo,medium,2026-12-31,
Performance task 2285,Generated test row 2285,todo,medium,2026-12-31,
Performance task 2286,Generated test row 2286,in_progress,medium,2026-12-31,
Performance task 2287,Generated test row 2287,todo,medium,2026-12-31,
Performance task 2288,Generated test row 2288,todo,medium,2026-12-31,
Performance task 2289,Generated test row 2289,in_progress,medium,2026-12-31,
Performance task 2290,Generated test row 2290,todo,high,2026-12-31,
Performance task 2291,Generated test row 2291,todo,medium,2026-12-31,
Performance task 2292,Generated test row 2292,in_progress,medium,2026-12-31,
Performance task 2293,Generated test row 2293,todo,medium,2026-12-31,
Performance task 2294,Generated test row 2294,todo,medium,2026-12-31,
Performance task 2295,Generated test row 2295,in_progress,medium,2026-12-31,
Performance task 2296,Generated test row 2296,todo,medium,2026-12-31,
Performance task 2297,Generated test row 2297,todo,medium,2026-12-31,
Performance task 2298,Generated test row 2298,in_progress,medium,2026-12-31,
Performance task 2299,Generated test row 2299,todo,medium,2026-12-31,
Performance task 2300,Generated test row 2300,invalid_status,high,2026-12-31,
Performance task 2301,Generated test row 2301,in_progress,medium,2026-12-31,
Performance task 2302,Generated test row 2302,todo,medium,2026-12-31,
Performance task 2303,Generated test row 2303,todo,medium,2026-12-31,
Performance task 2304,Generated test row 2304,in_progress,medium,2026-12-31,
Performance task 2305,Generated test row 2305,todo,medium,2026-12-31,
Performance task 2306,Generated test row 2306,todo,medium,2026-12-31,
Performance task 2307,Generated test row 2307,in_progress,medium,2026-12-31,
Performance task 2308,Generated test row 2308,todo,medium,2026-12-31,
Performance task 2309,Generated test row 2309,todo,medium,2026-12-31,
Performance task 2310,Generated test row 2310,in_progress,high,2026-12-31,
Performance task 2311,Generated test row 2311,todo,medium,2026-12-31,
Performance task 2312,Generated test row 2312,todo,medium,2026-12-31,
Performance task 2313,Generated test row 2313,in_progress,medium,2026-12-31,
Performance task 2314,Generated test row 2314,todo,medium,2026-12-31,
Performance task 2315,Generated test row 2315,todo,medium,2026-12-31,
Performance task 2316,Generated test row 2316,in_progress,medium,2026-12-31,
Performance task 2317,Generated test row 2317,todo,medium,2026-12-31,
Performance task 2318,Generated test row 2318,todo,medium,2026-12-31,
Performance task 2319,Generated test row 2319,in_progress,medium,2026-12-31,
Performance task 2320,Generated test row 2320,todo,high,2026-12-31,
Performance task 2321,Generated test row 2321,todo,medium,2026-12-31,
Performance task 2322,Generated test row 2322,in_progress,medium,2026-12-31,
Performance task 2323,Generated test row 2323,todo,medium,2026-12-31,
Performance task 2324,Generated test row 2324,todo,medium,2026-12-31,
Performance task 2325,Generated test row 2325,in_progress,medium,2026-12-31,
Performance task 2326,Generated test row 2326,todo,medium,2026-12-31,
Performance task 2327,Generated test row 2327,todo,medium,2026-12-31,
Performance task 2328,Generated test row 2328,in_progress,medium,2026-12-31,
Performance task 2329,Generated test row 2329,todo,medium,2026-12-31,
Performance task 2330,Generated test row 2330,todo,high,2026-12-31,
Performance task 2331,Generated test row 2331,in_progress,medium,2026-12-31,
Performance task 2332,Generated test row 2332,todo,medium,2026-12-31,
Performance task 2333,Generated test row 2333,todo,medium,2026-12-31,
Performance task 2334,Generated test row 2334,in_progress,medium,2026-12-31,
Performance task 2335,Generated test row 2335,todo,medium,2026-12-31,
Performance task 2336,Generated test row 2336,todo,medium,2026-12-31,
Performance task 2337,Generated test row 2337,in_progress,medium,2026-12-31,
Performance task 2338,Generated test row 2338,todo,medium,2026-12-31,
Performance task 2339,Generated test row 2339,todo,medium,2026-12-31,
Performance task 2340,Generated test row 2340,in_progress,high,2026-12-31,
Performance task 2341,Generated test row 2341,todo,medium,2026-12-31,
Performance task 2342,Generated test row 2342,todo,medium,2026-12-31,
Performance task 2343,Generated test row 2343,in_progress,medium,2026-12-31,
Performance task 2344,Generated test row 2344,todo,medium,2026-12-31,
Performance task 2345,Generated test row 2345,todo,medium,2026-12-31,
Performance task 2346,Generated test row 2346,in_progress,medium,2026-12-31,
Performance task 2347,Generated test row 2347,todo,medium,2026-12-31,
Performance task 2348,Generated test row 2348,todo,medium,2026-12-31,
Performance task 2349,Generated test row 2349,in_progress,medium,2026-12-31,
Performance task 2350,Generated test row 2350,todo,high,2026-12-31,
Performance task 2351,Generated test row 2351,todo,medium,2026-12-31,
Performance task 2352,Generated test row 2352,in_progress,medium,2026-12-31,
Performance task 2353,Generated test row 2353,todo,medium,2026-12-31,
Performance task 2354,Generated test row 2354,todo,medium,2026-12-31,
Performance task 2355,Generated test row 2355,in_progress,medium,2026-12-31,
Performance task 2356,Generated test row 2356,todo,medium,2026-12-31,
Performance task 2357,Generated test row 2357,todo,medium,2026-12-31,
Performance task 2358,Generated test row 2358,in_progress,medium,2026-12-31,
Performance task 2359,Generated test row 2359,todo,medium,2026-12-31,
Performance task 2360,Generated test row 2360,todo,high,2026-12-31,
Performance task 2361,Generated test row 2361,in_progress,medium,2026-12-31,
Performance task 2362,Generated test row 2362,todo,medium,2026-12-31,
Performance task 2363,Generated test row 2363,todo,medium,2026-12-31,
Performance task 2364,Generated test row 2364,in_progress,medium,2026-12-31,
Performance task 2365,Generated test row 2365,todo,medium,2026-12-31,
Performance task 2366,Generated test row 2366,todo,medium,2026-12-31,
Performance task 2367,Generated test row 2367,in_progress,medium,2026-12-31,
Performance task 2368,Generated test row 2368,todo,medium,2026-12-31,
Performance task 2369,Generated test row 2369,todo,medium,2026-12-31,
Performance task 2370,Generated test row 2370,in_progress,high,2026-12-31,
Performance task 2371,Generated test row 2371,todo,medium,2026-12-31,
Performance task 2372,Generated test row 2372,todo,medium,2026-12-31,
Performance task 2373,Generated test row 2373,in_progress,medium,2026-12-31,
Performance task 2374,Generated test row 2374,todo,medium,2026-12-31,
Performance task 2375,Generated test row 2375,todo,medium,2026-12-31,
Performance task 2376,Generated test row 2376,in_progress,medium,2026-12-31,
Performance task 2377,Generated test row 2377,todo,medium,2026-12-31,
Performance task 2378,Generated test row 2378,todo,medium,2026-12-31,
Performance task 2379,Generated test row 2379,in_progress,medium,2026-12-31,
Performance task 2380,Generated test row 2380,todo,high,2026-12-31,
Performance task 2381,Generated test row 2381,todo,medium,2026-12-31,
Performance task 2382,Generated test row 2382,in_progress,medium,2026-12-31,
Performance task 2383,Generated test row 2383,todo,medium,2026-12-31,
Performance task 2384,Generated test row 2384,todo,medium,2026-12-31,
Performance task 2385,Generated test row 2385,in_progress,medium,2026-12-31,
Performance task 2386,Generated test row 2386,todo,medium,2026-12-31,
Performance task 2387,Generated test row 2387,todo,medium,2026-12-31,
Performance task 2388,Generated test row 2388,in_progress,medium,2026-12-31,
Performance task 2389,Generated test row 2389,todo,medium,2026-12-31,
Performance task 2390,Generated test row 2390,todo,high,2026-12-31,
Performance task 2391,Generated test row 2391,in_progress,medium,2026-12-31,
Performance task 2392,Generated test row 2392,todo,medium,2026-12-31,
Performance task 2393,Generated test row 2393,todo,medium,2026-12-31,
Performance task 2394,Generated test row 2394,in_progress,medium,2026-12-31,
Performance task 2395,Generated test row 2395,todo,medium,2026-12-31,
Performance task 2396,Generated test row 2396,todo,medium,2026-12-31,
Performance task 2397,Generated test row 2397,in_progress,medium,2026-12-31,
Performance task 2398,Generated test row 2398,todo,medium,2026-12-31,
Performance task 2399,Generated test row 2399,todo,medium,2026-12-31,
Performance task 2400,Generated test row 2400,invalid_status,high,2026-12-31,
Performance task 2401,Generated test row 2401,todo,medium,2026-12-31,
Performance task 2402,Generated test row 2402,todo,medium,2026-12-31,
Performance task 2403,Generated test row 2403,in_progress,medium,2026-12-31,
Performance task 2404,Generated test row 2404,todo,medium,2026-12-31,
Performance task 2405,Generated test row 2405,todo,medium,2026-12-31,
Performance task 2406,Generated test row 2406,in_progress,medium,2026-12-31,
Performance task 2407,Generated test row 2407,todo,medium,2026-12-31,
Performance task 2408,Generated test row 2408,todo,medium,2026-12-31,
Performance task 2409,Generated test row 2409,in_progress,medium,2026-12-31,
Performance task 2410,Generated test row 2410,todo,high,2026-12-31,
Performance task 2411,Generated test row 2411,todo,medium,2026-12-31,
Performance task 2412,Generated test row 2412,in_progress,medium,2026-12-31,
Performance task 2413,Generated test row 2413,todo,medium,2026-12-31,
Performance task 2414,Generated test row 2414,todo,medium,2026-12-31,
Performance task 2415,Generated test row 2415,in_progress,medium,2026-12-31,
Performance task 2416,Generated test row 2416,todo,medium,2026-12-31,
Performance task 2417,Generated test row 2417,todo,medium,2026-12-31,
Performance task 2418,Generated test row 2418,in_progress,medium,2026-12-31,
Performance task 2419,Generated test row 2419,todo,medium,2026-12-31,
Performance task 2420,Generated test row 2420,todo,high,2026-12-31,
Performance task 2421,Generated test row 2421,in_progress,medium,2026-12-31,
Performance task 2422,Generated test row 2422,todo,medium,2026-12-31,
Performance task 2423,Generated test row 2423,todo,medium,2026-12-31,
Performance task 2424,Generated test row 2424,in_progress,medium,2026-12-31,
Performance task 2425,Generated test row 2425,todo,medium,2026-12-31,
Performance task 2426,Generated test row 2426,todo,medium,2026-12-31,
Performance task 2427,Generated test row 2427,in_progress,medium,2026-12-31,
Performance task 2428,Generated test row 2428,todo,medium,2026-12-31,
Performance task 2429,Generated test row 2429,todo,medium,2026-12-31,
Performance task 2430,Generated test row 2430,in_progress,high,2026-12-31,
Performance task 2431,Generated test row 2431,todo,medium,2026-12-31,
Performance task 2432,Generated test row 2432,todo,medium,2026-12-31,
Performance task 2433,Generated test row 2433,in_progress,medium,2026-12-31,
Performance task 2434,Generated test row 2434,todo,medium,2026-12-31,
Performance task 2435,Generated test row 2435,todo,medium,2026-12-31,
Performance task 2436,Generated test row 2436,in_progress,medium,2026-12-31,
Performance task 2437,Generated test row 2437,todo,medium,2026-12-31,
Performance task 2438,Generated test row 2438,todo,medium,2026-12-31,
Performance task 2439,Generated test row 2439,in_progress,medium,2026-12-31,
Performance task 2440,Generated test row 2440,todo,high,2026-12-31,
Performance task 2441,Generated test row 2441,todo,medium,2026-12-31,
Performance task 2442,Generated test row 2442,in_progress,medium,2026-12-31,
Performance task 2443,Generated test row 2443,todo,medium,2026-12-31,
Performance task 2444,Generated test row 2444,todo,medium,2026-12-31,
Performance task 2445,Generated test row 2445,in_progress,medium,2026-12-31,
Performance task 2446,Generated test row 2446,todo,medium,2026-12-31,
Performance task 2447,Generated test row 2447,todo,medium,2026-12-31,
Performance task 2448,Generated test row 2448,in_progress,medium,2026-12-31,
Performance task 2449,Generated test row 2449,todo,medium,2026-12-31,
Performance task 2450,Generated test row 2450,todo,high,2026-12-31,
Performance task 2451,Generated test row 2451,in_progress,medium,2026-12-31,
Performance task 2452,Generated test row 2452,todo,medium,2026-12-31,
Performance task 2453,Generated test row 2453,todo,medium,2026-12-31,
Performance task 2454,Generated test row 2454,in_progress,medium,2026-12-31,
Performance task 2455,Generated test row 2455,todo,medium,2026-12-31,
Performance task 2456,Generated test row 2456,todo,medium,2026-12-31,
Performance task 2457,Generated test row 2457,in_progress,medium,2026-12-31,
Performance task 2458,Generated test row 2458,todo,medium,2026-12-31,
Performance task 2459,Generated test row 2459,todo,medium,2026-12-31,
Performance task 2460,Generated test row 2460,in_progress,high,2026-12-31,
Performance task 2461,Generated test row 2461,todo,medium,2026-12-31,
Performance task 2462,Generated test row 2462,todo,medium,2026-12-31,
Performance task 2463,Generated test row 2463,in_progress,medium,2026-12-31,
Performance task 2464,Generated test row 2464,todo,medium,2026-12-31,
Performance task 2465,Generated test row 2465,todo,medium,2026-12-31,
Performance task 2466,Generated test row 2466,in_progress,medium,2026-12-31,
Performance task 2467,Generated test row 2467,todo,medium,2026-12-31,
Performance task 2468,Generated test row 2468,todo,medium,2026-12-31,
Performance task 2469,Generated test row 2469,in_progress,medium,2026-12-31,
Performance task 2470,Generated test row 2470,todo,high,2026-12-31,
Performance task 2471,Generated test row 2471,todo,medium,2026-12-31,
Performance task 2472,Generated test row 2472,in_progress,medium,2026-12-31,
Performance task 2473,Generated test row 2473,todo,medium,2026-12-31,
Performance task 2474,Generated test row 2474,todo,medium,2026-12-31,
Performance task 2475,Generated test row 2475,in_progress,medium,2026-12-31,
Performance task 2476,Generated test row 2476,todo,medium,2026-12-31,
Performance task 2477,Generated test row 2477,todo,medium,2026-12-31,
Performance task 2478,Generated test row 2478,in_progress,medium,2026-12-31,
Performance task 2479,Generated test row 2479,todo,medium,2026-12-31,
Performance task 2480,Generated test row 2480,todo,high,2026-12-31,
Performance task 2481,Generated test row 2481,in_progress,medium,2026-12-31,
Performance task 2482,Generated test row 2482,todo,medium,2026-12-31,
Performance task 2483,Generated test row 2483,todo,medium,2026-12-31,
Performance task 2484,Generated test row 2484,in_progress,medium,2026-12-31,
Performance task 2485,Generated test row 2485,todo,medium,2026-12-31,
Performance task 2486,Generated test row 2486,todo,medium,2026-12-31,
Performance task 2487,Generated test row 2487,in_progress,medium,2026-12-31,
Performance task 2488,Generated test row 2488,todo,medium,2026-12-31,
Performance task 2489,Generated test row 2489,todo,medium,2026-12-31,
Performance task 2490,Generated test row 2490,in_progress,high,2026-12-31,
Performance task 2491,Generated test row 2491,todo,medium,2026-12-31,
Performance task 2492,Generated test row 2492,todo,medium,2026-12-31,
Performance task 2493,Generated test row 2493,in_progress,medium,2026-12-31,
Performance task 2494,Generated test row 2494,todo,medium,2026-12-31,
Performance task 2495,Generated test row 2495,todo,medium,2026-12-31,
Performance task 2496,Generated test row 2496,in_progress,medium,2026-12-31,
Performance task 2497,Generated test row 2497,todo,medium,2026-12-31,
Performance task 2498,Generated test row 2498,todo,medium,2026-12-31,
Performance task 2499,Generated test row 2499,in_progress,medium,2026-12-31,
Performance task 2500,Generated test row 2500,invalid_status,high,2026-12-31,
Performance task 2501,Generated test row 2501,todo,medium,2026-12-31,
Performance task 2502,Generated test row 2502,in_progress,medium,2026-12-31,
Performance task 2503,Generated test row 2503,todo,medium,2026-12-31,
Performance task 2504,Generated test row 2504,todo,medium,2026-12-31,
Performance task 2505,Generated test row 2505,in_progress,medium,2026-12-31,
Performance task 2506,Generated test row 2506,todo,medium,2026-12-31,
Performance task 2507,Generated test row 2507,todo,medium,2026-12-31,
Performance task 2508,Generated test row 2508,in_progress,medium,2026-12-31,
Performance task 2509,Generated test row 2509,todo,medium,2026-12-31,
Performance task 2510,Generated test row 2510,todo,high,2026-12-31,
Performance task 2511,Generated test row 2511,in_progress,medium,2026-12-31,
Performance task 2512,Generated test row 2512,todo,medium,2026-12-31,
Performance task 2513,Generated test row 2513,todo,medium,2026-12-31,
Performance task 2514,Generated test row 2514,in_progress,medium,2026-12-31,
Performance task 2515,Generated test row 2515,todo,medium,2026-12-31,
Performance task 2516,Generated test row 2516,todo,medium,2026-12-31,
Performance task 2517,Generated test row 2517,in_progress,medium,2026-12-31,
Performance task 2518,Generated test row 2518,todo,medium,2026-12-31,
Performance task 2519,Generated test row 2519,todo,medium,2026-12-31,
Performance task 2520,Generated test row 2520,in_progress,high,2026-12-31,
Performance task 2521,Generated test row 2521,todo,medium,2026-12-31,
Performance task 2522,Generated test row 2522,todo,medium,2026-12-31,
Performance task 2523,Generated test row 2523,in_progress,medium,2026-12-31,
Performance task 2524,Generated test row 2524,todo,medium,2026-12-31,
Performance task 2525,Generated test row 2525,todo,medium,2026-12-31,
Performance task 2526,Generated test row 2526,in_progress,medium,2026-12-31,
Performance task 2527,Generated test row 2527,todo,medium,2026-12-31,
Performance task 2528,Generated test row 2528,todo,medium,2026-12-31,
Performance task 2529,Generated test row 2529,in_progress,medium,2026-12-31,
Performance task 2530,Generated test row 2530,todo,high,2026-12-31,
Performance task 2531,Generated test row 2531,todo,medium,2026-12-31,
Performance task 2532,Generated test row 2532,in_progress,medium,2026-12-31,
Performance task 2533,Generated test row 2533,todo,medium,2026-12-31,
Performance task 2534,Generated test row 2534,todo,medium,2026-12-31,
Performance task 2535,Generated test row 2535,in_progress,medium,2026-12-31,
Performance task 2536,Generated test row 2536,todo,medium,2026-12-31,
Performance task 2537,Generated test row 2537,todo,medium,2026-12-31,
Performance task 2538,Generated test row 2538,in_progress,medium,2026-12-31,
Performance task 2539,Generated test row 2539,todo,medium,2026-12-31,
Performance task 2540,Generated test row 2540,todo,high,2026-12-31,
Performance task 2541,Generated test row 2541,in_progress,medium,2026-12-31,
Performance task 2542,Generated test row 2542,todo,medium,2026-12-31,
Performance task 2543,Generated test row 2543,todo,medium,2026-12-31,
Performance task 2544,Generated test row 2544,in_progress,medium,2026-12-31,
Performance task 2545,Generated test row 2545,todo,medium,2026-12-31,
Performance task 2546,Generated test row 2546,todo,medium,2026-12-31,
Performance task 2547,Generated test row 2547,in_progress,medium,2026-12-31,
Performance task 2548,Generated test row 2548,todo,medium,2026-12-31,
Performance task 2549,Generated test row 2549,todo,medium,2026-12-31,
Performance task 2550,Generated test row 2550,in_progress,high,2026-12-31,
Performance task 2551,Generated test row 2551,todo,medium,2026-12-31,
Performance task 2552,Generated test row 2552,todo,medium,2026-12-31,
Performance task 2553,Generated test row 2553,in_progress,medium,2026-12-31,
Performance task 2554,Generated test row 2554,todo,medium,2026-12-31,
Performance task 2555,Generated test row 2555,todo,medium,2026-12-31,
Performance task 2556,Generated test row 2556,in_progress,medium,2026-12-31,
Performance task 2557,Generated test row 2557,todo,medium,2026-12-31,
Performance task 2558,Generated test row 2558,todo,medium,2026-12-31,
Performance task 2559,Generated test row 2559,in_progress,medium,2026-12-31,
Performance task 2560,Generated test row 2560,todo,high,2026-12-31,
Performance task 2561,Generated test row 2561,todo,medium,2026-12-31,
Performance task 2562,Generated test row 2562,in_progress,medium,2026-12-31,
Performance task 2563,Generated test row 2563,todo,medium,2026-12-31,
Performance task 2564,Generated test row 2564,todo,medium,2026-12-31,
Performance task 2565,Generated test row 2565,in_progress,medium,2026-12-31,
Performance task 2566,Generated test row 2566,todo,medium,2026-12-31,
Performance task 2567,Generated test row 2567,todo,medium,2026-12-31,
Performance task 2568,Generated test row 2568,in_progress,medium,2026-12-31,
Performance task 2569,Generated test row 2569,todo,medium,2026-12-31,
Performance task 2570,Generated test row 2570,todo,high,2026-12-31,
Performance task 2571,Generated test row 2571,in_progress,medium,2026-12-31,
Performance task 2572,Generated test row 2572,todo,medium,2026-12-31,
Performance task 2573,Generated test row 2573,todo,medium,2026-12-31,
Performance task 2574,Generated test row 2574,in_progress,medium,2026-12-31,
Performance task 2575,Generated test row 2575,todo,medium,2026-12-31,
Performance task 2576,Generated test row 2576,todo,medium,2026-12-31,
Performance task 2577,Generated test row 2577,in_progress,medium,2026-12-31,
Performance task 2578,Generated test row 2578,todo,medium,2026-12-31,
Performance task 2579,Generated test row 2579,todo,medium,2026-12-31,
Performance task 2580,Generated test row 2580,in_progress,high,2026-12-31,
Performance task 2581,Generated test row 2581,todo,medium,2026-12-31,
Performance task 2582,Generated test row 2582,todo,medium,2026-12-31,
Performance task 2583,Generated test row 2583,in_progress,medium,2026-12-31,
Performance task 2584,Generated test row 2584,todo,medium,2026-12-31,
Performance task 2585,Generated test row 2585,todo,medium,2026-12-31,
Performance task 2586,Generated test row 2586,in_progress,medium,2026-12-31,
Performance task 2587,Generated test row 2587,todo,medium,2026-12-31,
Performance task 2588,Generated test row 2588,todo,medium,2026-12-31,
Performance task 2589,Generated test row 2589,in_progress,medium,2026-12-31,
Performance task 2590,Generated test row 2590,todo,high,2026-12-31,
Performance task 2591,Generated test row 2591,todo,medium,2026-12-31,
Performance task 2592,Generated test row 2592,in_progress,medium,2026-12-31,
Performance task 2593,Generated test row 2593,todo,medium,2026-12-31,
Performance task 2594,Generated test row 2594,todo,medium,2026-12-31,
Performance task 2595,Generated test row 2595,in_progress,medium,2026-12-31,
Performance task 2596,Generated test row 2596,todo,medium,2026-12-31,
Performance task 2597,Generated test row 2597,todo,medium,2026-12-31,
Performance task 2598,Generated test row 2598,in_progress,medium,2026-12-31,
Performance task 2599,Generated test row 2599,todo,medium,2026-12-31,
Performance task 2600,Generated test row 2600,invalid_status,high,2026-12-31,
Performance task 2601,Generated test row 2601,in_progress,medium,2026-12-31,
Performance task 2602,Generated test row 2602,todo,medium,2026-12-31,
Performance task 2603,Generated test row 2603,todo,medium,2026-12-31,
Performance task 2604,Generated test row 2604,in_progress,medium,2026-12-31,
Performance task 2605,Generated test row 2605,todo,medium,2026-12-31,
Performance task 2606,Generated test row 2606,todo,medium,2026-12-31,
Performance task 2607,Generated test row 2607,in_progress,medium,2026-12-31,
Performance task 2608,Generated test row 2608,todo,medium,2026-12-31,
Performance task 2609,Generated test row 2609,todo,medium,2026-12-31,
Performance task 2610,Generated test row 2610,in_progress,high,2026-12-31,
Performance task 2611,Generated test row 2611,todo,medium,2026-12-31,
Performance task 2612,Generated test row 2612,todo,medium,2026-12-31,
Performance task 2613,Generated test row 2613,in_progress,medium,2026-12-31,
Performance task 2614,Generated test row 2614,todo,medium,2026-12-31,
Performance task 2615,Generated test row 2615,todo,medium,2026-12-31,
Performance task 2616,Generated test row 2616,in_progress,medium,2026-12-31,
Performance task 2617,Generated test row 2617,todo,medium,2026-12-31,
Performance task 2618,Generated test row 2618,todo,medium,2026-12-31,
Performance task 2619,Generated test row 2619,in_progress,medium,2026-12-31,
Performance task 2620,Generated test row 2620,todo,high,2026-12-31,
Performance task 2621,Generated test row 2621,todo,medium,2026-12-31,
Performance task 2622,Generated test row 2622,in_progress,medium,2026-12-31,
Performance task 2623,Generated test row 2623,todo,medium,2026-12-31,
Performance task 2624,Generated test row 2624,todo,medium,2026-12-31,
Performance task 2625,Generated test row 2625,in_progress,medium,2026-12-31,
Performance task 2626,Generated test row 2626,todo,medium,2026-12-31,
Performance task 2627,Generated test row 2627,todo,medium,2026-12-31,
Performance task 2628,Generated test row 2628,in_progress,medium,2026-12-31,
Performance task 2629,Generated test row 2629,todo,medium,2026-12-31,
Performance task 2630,Generated test row 2630,todo,high,2026-12-31,
Performance task 2631,Generated test row 2631,in_progress,medium,2026-12-31,
Performance task 2632,Generated test row 2632,todo,medium,2026-12-31,
Performance task 2633,Generated test row 2633,todo,medium,2026-12-31,
Performance task 2634,Generated test row 2634,in_progress,medium,2026-12-31,
Performance task 2635,Generated test row 2635,todo,medium,2026-12-31,
Performance task 2636,Generated test row 2636,todo,medium,2026-12-31,
Performance task 2637,Generated test row 2637,in_progress,medium,2026-12-31,
Performance task 2638,Generated test row 2638,todo,medium,2026-12-31,
Performance task 2639,Generated test row 2639,todo,medium,2026-12-31,
Performance task 2640,Generated test row 2640,in_progress,high,2026-12-31,
Performance task 2641,Generated test row 2641,todo,medium,2026-12-31,
Performance task 2642,Generated test row 2642,todo,medium,2026-12-31,
Performance task 2643,Generated test row 2643,in_progress,medium,2026-12-31,
Performance task 2644,Generated test row 2644,todo,medium,2026-12-31,
Performance task 2645,Generated test row 2645,todo,medium,2026-12-31,
Performance task 2646,Generated test row 2646,in_progress,medium,2026-12-31,
Performance task 2647,Generated test row 2647,todo,medium,2026-12-31,
Performance task 2648,Generated test row 2648,todo,medium,2026-12-31,
Performance task 2649,Generated test row 2649,in_progress,medium,2026-12-31,
Performance task 2650,Generated test row 2650,todo,high,2026-12-31,
Performance task 2651,Generated test row 2651,todo,medium,2026-12-31,
Performance task 2652,Generated test row 2652,in_progress,medium,2026-12-31,
Performance task 2653,Generated test row 2653,todo,medium,2026-12-31,
Performance task 2654,Generated test row 2654,todo,medium,2026-12-31,
Performance task 2655,Generated test row 2655,in_progress,medium,2026-12-31,
Performance task 2656,Generated test row 2656,todo,medium,2026-12-31,
Performance task 2657,Generated test row 2657,todo,medium,2026-12-31,
Performance task 2658,Generated test row 2658,in_progress,medium,2026-12-31,
Performance task 2659,Generated test row 2659,todo,medium,2026-12-31,
Performance task 2660,Generated test row 2660,todo,high,2026-12-31,
Performance task 2661,Generated test row 2661,in_progress,medium,2026-12-31,
Performance task 2662,Generated test row 2662,todo,medium,2026-12-31,
Performance task 2663,Generated test row 2663,todo,medium,2026-12-31,
Performance task 2664,Generated test row 2664,in_progress,medium,2026-12-31,
Performance task 2665,Generated test row 2665,todo,medium,2026-12-31,
Performance task 2666,Generated test row 2666,todo,medium,2026-12-31,
Performance task 2667,Generated test row 2667,in_progress,medium,2026-12-31,
Performance task 2668,Generated test row 2668,todo,medium,2026-12-31,
Performance task 2669,Generated test row 2669,todo,medium,2026-12-31,
Performance task 2670,Generated test row 2670,in_progress,high,2026-12-31,
Performance task 2671,Generated test row 2671,todo,medium,2026-12-31,
Performance task 2672,Generated test row 2672,todo,medium,2026-12-31,
Performance task 2673,Generated test row 2673,in_progress,medium,2026-12-31,
Performance task 2674,Generated test row 2674,todo,medium,2026-12-31,
Performance task 2675,Generated test row 2675,todo,medium,2026-12-31,
Performance task 2676,Generated test row 2676,in_progress,medium,2026-12-31,
Performance task 2677,Generated test row 2677,todo,medium,2026-12-31,
Performance task 2678,Generated test row 2678,todo,medium,2026-12-31,
Performance task 2679,Generated test row 2679,in_progress,medium,2026-12-31,
Performance task 2680,Generated test row 2680,todo,high,2026-12-31,
Performance task 2681,Generated test row 2681,todo,medium,2026-12-31,
Performance task 2682,Generated test row 2682,in_progress,medium,2026-12-31,
Performance task 2683,Generated test row 2683,todo,medium,2026-12-31,
Performance task 2684,Generated test row 2684,todo,medium,2026-12-31,
Performance task 2685,Generated test row 2685,in_progress,medium,2026-12-31,
Performance task 2686,Generated test row 2686,todo,medium,2026-12-31,
Performance task 2687,Generated test row 2687,todo,medium,2026-12-31,
Performance task 2688,Generated test row 2688,in_progress,medium,2026-12-31,
Performance task 2689,Generated test row 2689,todo,medium,2026-12-31,
Performance task 2690,Generated test row 2690,todo,high,2026-12-31,
Performance task 2691,Generated test row 2691,in_progress,medium,2026-12-31,
Performance task 2692,Generated test row 2692,todo,medium,2026-12-31,
Performance task 2693,Generated test row 2693,todo,medium,2026-12-31,
Performance task 2694,Generated test row 2694,in_progress,medium,2026-12-31,
Performance task 2695,Generated test row 2695,todo,medium,2026-12-31,
Performance task 2696,Generated test row 2696,todo,medium,2026-12-31,
Performance task 2697,Generated test row 2697,in_progress,medium,2026-12-31,
Performance task 2698,Generated test row 2698,todo,medium,2026-12-31,
Performance task 2699,Generated test row 2699,todo,medium,2026-12-31,
Performance task 2700,Generated test row 2700,invalid_status,high,2026-12-31,
Performance task 2701,Generated test row 2701,todo,medium,2026-12-31,
Performance task 2702,Generated test row 2702,todo,medium,2026-12-31,
Performance task 2703,Generated test row 2703,in_progress,medium,2026-12-31,
Performance task 2704,Generated test row 2704,todo,medium,2026-12-31,
Performance task 2705,Generated test row 2705,todo,medium,2026-12-31,
Performance task 2706,Generated test row 2706,in_progress,medium,2026-12-31,
Performance task 2707,Generated test row 2707,todo,medium,2026-12-31,
Performance task 2708,Generated test row 2708,todo,medium,2026-12-31,
Performance task 2709,Generated test row 2709,in_progress,medium,2026-12-31,
Performance task 2710,Generated test row 2710,todo,high,2026-12-31,
Performance task 2711,Generated test row 2711,todo,medium,2026-12-31,
Performance task 2712,Generated test row 2712,in_progress,medium,2026-12-31,
Performance task 2713,Generated test row 2713,todo,medium,2026-12-31,
Performance task 2714,Generated test row 2714,todo,medium,2026-12-31,
Performance task 2715,Generated test row 2715,in_progress,medium,2026-12-31,
Performance task 2716,Generated test row 2716,todo,medium,2026-12-31,
Performance task 2717,Generated test row 2717,todo,medium,2026-12-31,
Performance task 2718,Generated test row 2718,in_progress,medium,2026-12-31,
Performance task 2719,Generated test row 2719,todo,medium,2026-12-31,
Performance task 2720,Generated test row 2720,todo,high,2026-12-31,
Performance task 2721,Generated test row 2721,in_progress,medium,2026-12-31,
Performance task 2722,Generated test row 2722,todo,medium,2026-12-31,
Performance task 2723,Generated test row 2723,todo,medium,2026-12-31,
Performance task 2724,Generated test row 2724,in_progress,medium,2026-12-31,
Performance task 2725,Generated test row 2725,todo,medium,2026-12-31,
Performance task 2726,Generated test row 2726,todo,medium,2026-12-31,
Performance task 2727,Generated test row 2727,in_progress,medium,2026-12-31,
Performance task 2728,Generated test row 2728,todo,medium,2026-12-31,
Performance task 2729,Generated test row 2729,todo,medium,2026-12-31,
Performance task 2730,Generated test row 2730,in_progress,high,2026-12-31,
Performance task 2731,Generated test row 2731,todo,medium,2026-12-31,
Performance task 2732,Generated test row 2732,todo,medium,2026-12-31,
Performance task 2733,Generated test row 2733,in_progress,medium,2026-12-31,
Performance task 2734,Generated test row 2734,todo,medium,2026-12-31,
Performance task 2735,Generated test row 2735,todo,medium,2026-12-31,
Performance task 2736,Generated test row 2736,in_progress,medium,2026-12-31,
Performance task 2737,Generated test row 2737,todo,medium,2026-12-31,
Performance task 2738,Generated test row 2738,todo,medium,2026-12-31,
Performance task 2739,Generated test row 2739,in_progress,medium,2026-12-31,
Performance task 2740,Generated test row 2740,todo,high,2026-12-31,
Performance task 2741,Generated test row 2741,todo,medium,2026-12-31,
Performance task 2742,Generated test row 2742,in_progress,medium,2026-12-31,
Performance task 2743,Generated test row 2743,todo,medium,2026-12-31,
Performance task 2744,Generated test row 2744,todo,medium,2026-12-31,
Performance task 2745,Generated test row 2745,in_progress,medium,2026-12-31,
Performance task 2746,Generated test row 2746,todo,medium,2026-12-31,
Performance task 2747,Generated test row 2747,todo,medium,2026-12-31,
Performance task 2748,Generated test row 2748,in_progress,medium,2026-12-31,
Performance task 2749,Generated test row 2749,todo,medium,2026-12-31,
Performance task 2750,Generated test row 2750,todo,high,2026-12-31,
Performance task 2751,Generated test row 2751,in_progress,medium,2026-12-31,
Performance task 2752,Generated test row 2752,todo,medium,2026-12-31,
Performance task 2753,Generated test row 2753,todo,medium,2026-12-31,
Performance task 2754,Generated test row 2754,in_progress,medium,2026-12-31,
Performance task 2755,Generated test row 2755,todo,medium,2026-12-31,
Performance task 2756,Generated test row 2756,todo,medium,2026-12-31,
Performance task 2757,Generated test row 2757,in_progress,medium,2026-12-31,
Performance task 2758,Generated test row 2758,todo,medium,2026-12-31,
Performance task 2759,Generated test row 2759,todo,medium,2026-12-31,
Performance task 2760,Generated test row 2760,in_progress,high,2026-12-31,
Performance task 2761,Generated test row 2761,todo,medium,2026-12-31,
Performance task 2762,Generated test row 2762,todo,medium,2026-12-31,
Performance task 2763,Generated test row 2763,in_progress,medium,2026-12-31,
Performance task 2764,Generated test row 2764,todo,medium,2026-12-31,
Performance task 2765,Generated test row 2765,todo,medium,2026-12-31,
Performance task 2766,Generated test row 2766,in_progress,medium,2026-12-31,
Performance task 2767,Generated test row 2767,todo,medium,2026-12-31,
Performance task 2768,Generated test row 2768,todo,medium,2026-12-31,
Performance task 2769,Generated test row 2769,in_progress,medium,2026-12-31,
Performance task 2770,Generated test row 2770,todo,high,2026-12-31,
Performance task 2771,Generated test row 2771,todo,medium,2026-12-31,
Performance task 2772,Generated test row 2772,in_progress,medium,2026-12-31,
Performance task 2773,Generated test row 2773,todo,medium,2026-12-31,
Performance task 2774,Generated test row 2774,todo,medium,2026-12-31,
Performance task 2775,Generated test row 2775,in_progress,medium,2026-12-31,
Performance task 2776,Generated test row 2776,todo,medium,2026-12-31,
Performance task 2777,Generated test row 2777,todo,medium,2026-12-31,
Performance task 2778,Generated test row 2778,in_progress,medium,2026-12-31,
Performance task 2779,Generated test row 2779,todo,medium,2026-12-31,
Performance task 2780,Generated test row 2780,todo,high,2026-12-31,
Performance task 2781,Generated test row 2781,in_progress,medium,2026-12-31,
Performance task 2782,Generated test row 2782,todo,medium,2026-12-31,
Performance task 2783,Generated test row 2783,todo,medium,2026-12-31,
Performance task 2784,Generated test row 2784,in_progress,medium,2026-12-31,
Performance task 2785,Generated test row 2785,todo,medium,2026-12-31,
Performance task 2786,Generated test row 2786,todo,medium,2026-12-31,
Performance task 2787,Generated test row 2787,in_progress,medium,2026-12-31,
Performance task 2788,Generated test row 2788,todo,medium,2026-12-31,
Performance task 2789,Generated test row 2789,todo,medium,2026-12-31,
Performance task 2790,Generated test row 2790,in_progress,high,2026-12-31,
Performance task 2791,Generated test row 2791,todo,medium,2026-12-31,
Performance task 2792,Generated test row 2792,todo,medium,2026-12-31,
Performance task 2793,Generated test row 2793,in_progress,medium,2026-12-31,
Performance task 2794,Generated test row 2794,todo,medium,2026-12-31,
Performance task 2795,Generated test row 2795,todo,medium,2026-12-31,
Performance task 2796,Generated test row 2796,in_progress,medium,2026-12-31,
Performance task 2797,Generated test row 2797,todo,medium,2026-12-31,
Performance task 2798,Generated test row 2798,todo,medium,2026-12-31,
Performance task 2799,Generated test row 2799,in_progress,medium,2026-12-31,
Performance task 2800,Generated test row 2800,invalid_status,high,2026-12-31,
Performance task 2801,Generated test row 2801,todo,medium,2026-12-31,
Performance task 2802,Generated test row 2802,in_progress,medium,2026-12-31,
Performance task 2803,Generated test row 2803,todo,medium,2026-12-31,
Performance task 2804,Generated test row 2804,todo,medium,2026-12-31,
Performance task 2805,Generated test row 2805,in_progress,medium,2026-12-31,
Performance task 2806,Generated test row 2806,todo,medium,2026-12-31,
Performance task 2807,Generated test row 2807,todo,medium,2026-12-31,
Performance task 2808,Generated test row 2808,in_progress,medium,2026-12-31,
Performance task 2809,Generated test row 2809,todo,medium,2026-12-31,
Performance task 2810,Generated test row 2810,todo,high,2026-12-31,
Performance task 2811,Generated test row 2811,in_progress,medium,2026-12-31,
Performance task 2812,Generated test row 2812,todo,medium,2026-12-31,
Performance task 2813,Generated test row 2813,todo,medium,2026-12-31,
Performance task 2814,Generated test row 2814,in_progress,medium,2026-12-31,
Performance task 2815,Generated test row 2815,todo,medium,2026-12-31,
Performance task 2816,Generated test row 2816,todo,medium,2026-12-31,
Performance task 2817,Generated test row 2817,in_progress,medium,2026-12-31,
Performance task 2818,Generated test row 2818,todo,medium,2026-12-31,
Performance task 2819,Generated test row 2819,todo,medium,2026-12-31,
Performance task 2820,Generated test row 2820,in_progress,high,2026-12-31,
Performance task 2821,Generated test row 2821,todo,medium,2026-12-31,
Performance task 2822,Generated test row 2822,todo,medium,2026-12-31,
Performance task 2823,Generated test row 2823,in_progress,medium,2026-12-31,
Performance task 2824,Generated test row 2824,todo,medium,2026-12-31,
Performance task 2825,Generated test row 2825,todo,medium,2026-12-31,
Performance task 2826,Generated test row 2826,in_progress,medium,2026-12-31,
Performance task 2827,Generated test row 2827,todo,medium,2026-12-31,
Performance task 2828,Generated test row 2828,todo,medium,2026-12-31,
Performance task 2829,Generated test row 2829,in_progress,medium,2026-12-31,
Performance task 2830,Generated test row 2830,todo,high,2026-12-31,
Performance task 2831,Generated test row 2831,todo,medium,2026-12-31,
Performance task 2832,Generated test row 2832,in_progress,medium,2026-12-31,
Performance task 2833,Generated test row 2833,todo,medium,2026-12-31,
Performance task 2834,Generated test row 2834,todo,medium,2026-12-31,
Performance task 2835,Generated test row 2835,in_progress,medium,2026-12-31,
Performance task 2836,Generated test row 2836,todo,medium,2026-12-31,
Performance task 2837,Generated test row 2837,todo,medium,2026-12-31,
Performance task 2838,Generated test row 2838,in_progress,medium,2026-12-31,
Performance task 2839,Generated test row 2839,todo,medium,2026-12-31,
Performance task 2840,Generated test row 2840,todo,high,2026-12-31,
Performance task 2841,Generated test row 2841,in_progress,medium,2026-12-31,
Performance task 2842,Generated test row 2842,todo,medium,2026-12-31,
Performance task 2843,Generated test row 2843,todo,medium,2026-12-31,
Performance task 2844,Generated test row 2844,in_progress,medium,2026-12-31,
Performance task 2845,Generated test row 2845,todo,medium,2026-12-31,
Performance task 2846,Generated test row 2846,todo,medium,2026-12-31,
Performance task 2847,Generated test row 2847,in_progress,medium,2026-12-31,
Performance task 2848,Generated test row 2848,todo,medium,2026-12-31,
Performance task 2849,Generated test row 2849,todo,medium,2026-12-31,
Performance task 2850,Generated test row 2850,in_progress,high,2026-12-31,
Performance task 2851,Generated test row 2851,todo,medium,2026-12-31,
Performance task 2852,Generated test row 2852,todo,medium,2026-12-31,
Performance task 2853,Generated test row 2853,in_progress,medium,2026-12-31,
Performance task 2854,Generated test row 2854,todo,medium,2026-12-31,
Performance task 2855,Generated test row 2855,todo,medium,2026-12-31,
Performance task 2856,Generated test row 2856,in_progress,medium,2026-12-31,
Performance task 2857,Generated test row 2857,todo,medium,2026-12-31,
Performance task 2858,Generated test row 2858,todo,medium,2026-12-31,
Performance task 2859,Generated test row 2859,in_progress,medium,2026-12-31,
Performance task 2860,Generated test row 2860,todo,high,2026-12-31,
Performance task 2861,Generated test row 2861,todo,medium,2026-12-31,
Performance task 2862,Generated test row 2862,in_progress,medium,2026-12-31,
Performance task 2863,Generated test row 2863,todo,medium,2026-12-31,
Performance task 2864,Generated test row 2864,todo,medium,2026-12-31,
Performance task 2865,Generated test row 2865,in_progress,medium,2026-12-31,
Performance task 2866,Generated test row 2866,todo,medium,2026-12-31,
Performance task 2867,Generated test row 2867,todo,medium,2026-12-31,
Performance task 2868,Generated test row 2868,in_progress,medium,2026-12-31,
Performance task 2869,Generated test row 2869,todo,medium,2026-12-31,
Performance task 2870,Generated test row 2870,todo,high,2026-12-31,
Performance task 2871,Generated test row 2871,in_progress,medium,2026-12-31,
Performance task 2872,Generated test row 2872,todo,medium,2026-12-31,
Performance task 2873,Generated test row 2873,todo,medium,2026-12-31,
Performance task 2874,Generated test row 2874,in_progress,medium,2026-12-31,
Performance task 2875,Generated test row 2875,todo,medium,2026-12-31,
Performance task 2876,Generated test row 2876,todo,medium,2026-12-31,
Performance task 2877,Generated test row 2877,in_progress,medium,2026-12-31,
Performance task 2878,Generated test row 2878,todo,medium,2026-12-31,
Performance task 2879,Generated test row 2879,todo,medium,2026-12-31,
Performance task 2880,Generated test row 2880,in_progress,high,2026-12-31,
Performance task 2881,Generated test row 2881,todo,medium,2026-12-31,
Performance task 2882,Generated test row 2882,todo,medium,2026-12-31,
Performance task 2883,Generated test row 2883,in_progress,medium,2026-12-31,
Performance task 2884,Generated test row 2884,todo,medium,2026-12-31,
Performance task 2885,Generated test row 2885,todo,medium,2026-12-31,
Performance task 2886,Generated test row 2886,in_progress,medium,2026-12-31,
Performance task 2887,Generated test row 2887,todo,medium,2026-12-31,
Performance task 2888,Generated test row 2888,todo,medium,2026-12-31,
Performance task 2889,Generated test row 2889,in_progress,medium,2026-12-31,
Performance task 2890,Generated test row 2890,todo,high,2026-12-31,
Performance task 2891,Generated test row 2891,todo,medium,2026-12-31,
Performance task 2892,Generated test row 2892,in_progress,medium,2026-12-31,
Performance task 2893,Generated test row 2893,todo,medium,2026-12-31,
Performance task 2894,Generated test row 2894,todo,medium,2026-12-31,
Performance task 2895,Generated test row 2895,in_progress,medium,2026-12-31,
Performance task 2896,Generated test row 2896,todo,medium,2026-12-31,
Performance task 2897,Generated test row 2897,todo,medium,2026-12-31,
Performance task 2898,Generated test row 2898,in_progress,medium,2026-12-31,
Performance task 2899,Generated test row 2899,todo,medium,2026-12-31,
Performance task 2900,Generated test row 2900,invalid_status,high,2026-12-31,
Performance task 2901,Generated test row 2901,in_progress,medium,2026-12-31,
Performance task 2902,Generated test row 2902,todo,medium,2026-12-31,
Performance task 2903,Generated test row 2903,todo,medium,2026-12-31,
Performance task 2904,Generated test row 2904,in_progress,medium,2026-12-31,
Performance task 2905,Generated test row 2905,todo,medium,2026-12-31,
Performance task 2906,Generated test row 2906,todo,medium,2026-12-31,
Performance task 2907,Generated test row 2907,in_progress,medium,2026-12-31,
Performance task 2908,Generated test row 2908,todo,medium,2026-12-31,
Performance task 2909,Generated test row 2909,todo,medium,2026-12-31,
Performance task 2910,Generated test row 2910,in_progress,high,2026-12-31,
Performance task 2911,Generated test row 2911,todo,medium,2026-12-31,
Performance task 2912,Generated test row 2912,todo,medium,2026-12-31,
Performance task 2913,Generated test row 2913,in_progress,medium,2026-12-31,
Performance task 2914,Generated test row 2914,todo,medium,2026-12-31,
Performance task 2915,Generated test row 2915,todo,medium,2026-12-31,
Performance task 2916,Generated test row 2916,in_progress,medium,2026-12-31,
Performance task 2917,Generated test row 2917,todo,medium,2026-12-31,
Performance task 2918,Generated test row 2918,todo,medium,2026-12-31,
Performance task 2919,Generated test row 2919,in_progress,medium,2026-12-31,
Performance task 2920,Generated test row 2920,todo,high,2026-12-31,
Performance task 2921,Generated test row 2921,todo,medium,2026-12-31,
Performance task 2922,Generated test row 2922,in_progress,medium,2026-12-31,
Performance task 2923,Generated test row 2923,todo,medium,2026-12-31,
Performance task 2924,Generated test row 2924,todo,medium,2026-12-31,
Performance task 2925,Generated test row 2925,in_progress,medium,2026-12-31,
Performance task 2926,Generated test row 2926,todo,medium,2026-12-31,
Performance task 2927,Generated test row 2927,todo,medium,2026-12-31,
Performance task 2928,Generated test row 2928,in_progress,medium,2026-12-31,
Performance task 2929,Generated test row 2929,todo,medium,2026-12-31,
Performance task 2930,Generated test row 2930,todo,high,2026-12-31,
Performance task 2931,Generated test row 2931,in_progress,medium,2026-12-31,
Performance task 2932,Generated test row 2932,todo,medium,2026-12-31,
Performance task 2933,Generated test row 2933,todo,medium,2026-12-31,
Performance task 2934,Generated test row 2934,in_progress,medium,2026-12-31,
Performance task 2935,Generated test row 2935,todo,medium,2026-12-31,
Performance task 2936,Generated test row 2936,todo,medium,2026-12-31,
Performance task 2937,Generated test row 2937,in_progress,medium,2026-12-31,
Performance task 2938,Generated test row 2938,todo,medium,2026-12-31,
Performance task 2939,Generated test row 2939,todo,medium,2026-12-31,
Performance task 2940,Generated test row 2940,in_progress,high,2026-12-31,
Performance task 2941,Generated test row 2941,todo,medium,2026-12-31,
Performance task 2942,Generated test row 2942,todo,medium,2026-12-31,
Performance task 2943,Generated test row 2943,in_progress,medium,2026-12-31,
Performance task 2944,Generated test row 2944,todo,medium,2026-12-31,
Performance task 2945,Generated test row 2945,todo,medium,2026-12-31,
Performance task 2946,Generated test row 2946,in_progress,medium,2026-12-31,
Performance task 2947,Generated test row 2947,todo,medium,2026-12-31,
Performance task 2948,Generated test row 2948,todo,medium,2026-12-31,
Performance task 2949,Generated test row 2949,in_progress,medium,2026-12-31,
Performance task 2950,Generated test row 2950,todo,high,2026-12-31,
Performance task 2951,Generated test row 2951,todo,medium,2026-12-31,
Performance task 2952,Generated test row 2952,in_progress,medium,2026-12-31,
Performance task 2953,Generated test row 2953,todo,medium,2026-12-31,
Performance task 2954,Generated test row 2954,todo,medium,2026-12-31,
Performance task 2955,Generated test row 2955,in_progress,medium,2026-12-31,
Performance task 2956,Generated test row 2956,todo,medium,2026-12-31,
Performance task 2957,Generated test row 2957,todo,medium,2026-12-31,
Performance task 2958,Generated test row 2958,in_progress,medium,2026-12-31,
Performance task 2959,Generated test row 2959,todo,medium,2026-12-31,
Performance task 2960,Generated test row 2960,todo,high,2026-12-31,
Performance task 2961,Generated test row 2961,in_progress,medium,2026-12-31,
Performance task 2962,Generated test row 2962,todo,medium,2026-12-31,
Performance task 2963,Generated test row 2963,todo,medium,2026-12-31,
Performance task 2964,Generated test row 2964,in_progress,medium,2026-12-31,
Performance task 2965,Generated test row 2965,todo,medium,2026-12-31,
Performance task 2966,Generated test row 2966,todo,medium,2026-12-31,
Performance task 2967,Generated test row 2967,in_progress,medium,2026-12-31,
Performance task 2968,Generated test row 2968,todo,medium,2026-12-31,
Performance task 2969,Generated test row 2969,todo,medium,2026-12-31,
Performance task 2970,Generated test row 2970,in_progress,high,2026-12-31,
Performance task 2971,Generated test row 2971,todo,medium,2026-12-31,
Performance task 2972,Generated test row 2972,todo,medium,2026-12-31,
Performance task 2973,Generated test row 2973,in_progress,medium,2026-12-31,
Performance task 2974,Generated test row 2974,todo,medium,2026-12-31,
Performance task 2975,Generated test row 2975,todo,medium,2026-12-31,
Performance task 2976,Generated test row 2976,in_progress,medium,2026-12-31,
Performance task 2977,Generated test row 2977,todo,medium,2026-12-31,
Performance task 2978,Generated test row 2978,todo,medium,2026-12-31,
Performance task 2979,Generated test row 2979,in_progress,medium,2026-12-31,
Performance task 2980,Generated test row 2980,todo,high,2026-12-31,
Performance task 2981,Generated test row 2981,todo,medium,2026-12-31,
Performance task 2982,Generated test row 2982,in_progress,medium,2026-12-31,
Performance task 2983,Generated test row 2983,todo,medium,2026-12-31,
Performance task 2984,Generated test row 2984,todo,medium,2026-12-31,
Performance task 2985,Generated test row 2985,in_progress,medium,2026-12-31,
Performance task 2986,Generated test row 2986,todo,medium,2026-12-31,
Performance task 2987,Generated test row 2987,todo,medium,2026-12-31,
Performance task 2988,Generated test row 2988,in_progress,medium,2026-12-31,
Performance task 2989,Generated test row 2989,todo,medium,2026-12-31,
Performance task 2990,Generated test row 2990,todo,high,2026-12-31,
Performance task 2991,Generated test row 2991,in_progress,medium,2026-12-31,
Performance task 2992,Generated test row 2992,todo,medium,2026-12-31,
Performance task 2993,Generated test row 2993,todo,medium,2026-12-31,
Performance task 2994,Generated test row 2994,in_progress,medium,2026-12-31,
Performance task 2995,Generated test row 2995,todo,medium,2026-12-31,
Performance task 2996,Generated test row 2996,todo,medium,2026-12-31,
Performance task 2997,Generated test row 2997,in_progress,medium,2026-12-31,
Performance task 2998,Generated test row 2998,todo,medium,2026-12-31,
Performance task 2999,Generated test row 2999,todo,medium,2026-12-31,
Performance task 3000,Generated test row 3000,invalid_status,high,2026-12-31,
Performance task 3001,Generated test row 3001,todo,medium,2026-12-31,
Performance task 3002,Generated test row 3002,todo,medium,2026-12-31,
Performance task 3003,Generated test row 3003,in_progress,medium,2026-12-31,
Performance task 3004,Generated test row 3004,todo,medium,2026-12-31,
Performance task 3005,Generated test row 3005,todo,medium,2026-12-31,
Performance task 3006,Generated test row 3006,in_progress,medium,2026-12-31,
Performance task 3007,Generated test row 3007,todo,medium,2026-12-31,
Performance task 3008,Generated test row 3008,todo,medium,2026-12-31,
Performance task 3009,Generated test row 3009,in_progress,medium,2026-12-31,
Performance task 3010,Generated test row 3010,todo,high,2026-12-31,
Performance task 3011,Generated test row 3011,todo,medium,2026-12-31,
Performance task 3012,Generated test row 3012,in_progress,medium,2026-12-31,
Performance task 3013,Generated test row 3013,todo,medium,2026-12-31,
Performance task 3014,Generated test row 3014,todo,medium,2026-12-31,
Performance task 3015,Generated test row 3015,in_progress,medium,2026-12-31,
Performance task 3016,Generated test row 3016,todo,medium,2026-12-31,
Performance task 3017,Generated test row 3017,todo,medium,2026-12-31,
Performance task 3018,Generated test row 3018,in_progress,medium,2026-12-31,
Performance task 3019,Generated test row 3019,todo,medium,2026-12-31,
Performance task 3020,Generated test row 3020,todo,high,2026-12-31,
Performance task 3021,Generated test row 3021,in_progress,medium,2026-12-31,
Performance task 3022,Generated test row 3022,todo,medium,2026-12-31,
Performance task 3023,Generated test row 3023,todo,medium,2026-12-31,
Performance task 3024,Generated test row 3024,in_progress,medium,2026-12-31,
Performance task 3025,Generated test row 3025,todo,medium,2026-12-31,
Performance task 3026,Generated test row 3026,todo,medium,2026-12-31,
Performance task 3027,Generated test row 3027,in_progress,medium,2026-12-31,
Performance task 3028,Generated test row 3028,todo,medium,2026-12-31,
Performance task 3029,Generated test row 3029,todo,medium,2026-12-31,
Performance task 3030,Generated test row 3030,in_progress,high,2026-12-31,
Performance task 3031,Generated test row 3031,todo,medium,2026-12-31,
Performance task 3032,Generated test row 3032,todo,medium,2026-12-31,
Performance task 3033,Generated test row 3033,in_progress,medium,2026-12-31,
Performance task 3034,Generated test row 3034,todo,medium,2026-12-31,
Performance task 3035,Generated test row 3035,todo,medium,2026-12-31,
Performance task 3036,Generated test row 3036,in_progress,medium,2026-12-31,
Performance task 3037,Generated test row 3037,todo,medium,2026-12-31,
Performance task 3038,Generated test row 3038,todo,medium,2026-12-31,
Performance task 3039,Generated test row 3039,in_progress,medium,2026-12-31,
Performance task 3040,Generated test row 3040,todo,high,2026-12-31,
Performance task 3041,Generated test row 3041,todo,medium,2026-12-31,
Performance task 3042,Generated test row 3042,in_progress,medium,2026-12-31,
Performance task 3043,Generated test row 3043,todo,medium,2026-12-31,
Performance task 3044,Generated test row 3044,todo,medium,2026-12-31,
Performance task 3045,Generated test row 3045,in_progress,medium,2026-12-31,
Performance task 3046,Generated test row 3046,todo,medium,2026-12-31,
Performance task 3047,Generated test row 3047,todo,medium,2026-12-31,
Performance task 3048,Generated test row 3048,in_progress,medium,2026-12-31,
Performance task 3049,Generated test row 3049,todo,medium,2026-12-31,
Performance task 3050,Generated test row 3050,todo,high,2026-12-31,
Performance task 3051,Generated test row 3051,in_progress,medium,2026-12-31,
Performance task 3052,Generated test row 3052,todo,medium,2026-12-31,
Performance task 3053,Generated test row 3053,todo,medium,2026-12-31,
Performance task 3054,Generated test row 3054,in_progress,medium,2026-12-31,
Performance task 3055,Generated test row 3055,todo,medium,2026-12-31,
Performance task 3056,Generated test row 3056,todo,medium,2026-12-31,
Performance task 3057,Generated test row 3057,in_progress,medium,2026-12-31,
Performance task 3058,Generated test row 3058,todo,medium,2026-12-31,
Performance task 3059,Generated test row 3059,todo,medium,2026-12-31,
Performance task 3060,Generated test row 3060,in_progress,high,2026-12-31,
Performance task 3061,Generated test row 3061,todo,medium,2026-12-31,
Performance task 3062,Generated test row 3062,todo,medium,2026-12-31,
Performance task 3063,Generated test row 3063,in_progress,medium,2026-12-31,
Performance task 3064,Generated test row 3064,todo,medium,2026-12-31,
Performance task 3065,Generated test row 3065,todo,medium,2026-12-31,
Performance task 3066,Generated test row 3066,in_progress,medium,2026-12-31,
Performance task 3067,Generated test row 3067,todo,medium,2026-12-31,
Performance task 3068,Generated test row 3068,todo,medium,2026-12-31,
Performance task 3069,Generated test row 3069,in_progress,medium,2026-12-31,
Performance task 3070,Generated test row 3070,todo,high,2026-12-31,
Performance task 3071,Generated test row 3071,todo,medium,2026-12-31,
Performance task 3072,Generated test row 3072,in_progress,medium,2026-12-31,
Performance task 3073,Generated test row 3073,todo,medium,2026-12-31,
Performance task 3074,Generated test row 3074,todo,medium,2026-12-31,
Performance task 3075,Generated test row 3075,in_progress,medium,2026-12-31,
Performance task 3076,Generated test row 3076,todo,medium,2026-12-31,
Performance task 3077,Generated test row 3077,todo,medium,2026-12-31,
Performance task 3078,Generated test row 3078,in_progress,medium,2026-12-31,
Performance task 3079,Generated test row 3079,todo,medium,2026-12-31,
Performance task 3080,Generated test row 3080,todo,high,2026-12-31,
Performance task 3081,Generated test row 3081,in_progress,medium,2026-12-31,
Performance task 3082,Generated test row 3082,todo,medium,2026-12-31,
Performance task 3083,Generated test row 3083,todo,medium,2026-12-31,
Performance task 3084,Generated test row 3084,in_progress,medium,2026-12-31,
Performance task 3085,Generated test row 3085,todo,medium,2026-12-31,
Performance task 3086,Generated test row 3086,todo,medium,2026-12-31,
Performance task 3087,Generated test row 3087,in_progress,medium,2026-12-31,
Performance task 3088,Generated test row 3088,todo,medium,2026-12-31,
Performance task 3089,Generated test row 3089,todo,medium,2026-12-31,
Performance task 3090,Generated test row 3090,in_progress,high,2026-12-31,
Performance task 3091,Generated test row 3091,todo,medium,2026-12-31,
Performance task 3092,Generated test row 3092,todo,medium,2026-12-31,
Performance task 3093,Generated test row 3093,in_progress,medium,2026-12-31,
Performance task 3094,Generated test row 3094,todo,medium,2026-12-31,
Performance task 3095,Generated test row 3095,todo,medium,2026-12-31,
Performance task 3096,Generated test row 3096,in_progress,medium,2026-12-31,
Performance task 3097,Generated test row 3097,todo,medium,2026-12-31,
Performance task 3098,Generated test row 3098,todo,medium,2026-12-31,
Performance task 3099,Generated test row 3099,in_progress,medium,2026-12-31,
Performance task 3100,Generated test row 3100,invalid_status,high,2026-12-31,
Performance task 3101,Generated test row 3101,todo,medium,2026-12-31,
Performance task 3102,Generated test row 3102,in_progress,medium,2026-12-31,
Performance task 3103,Generated test row 3103,todo,medium,2026-12-31,
Performance task 3104,Generated test row 3104,todo,medium,2026-12-31,
Performance task 3105,Generated test row 3105,in_progress,medium,2026-12-31,
Performance task 3106,Generated test row 3106,todo,medium,2026-12-31,
Performance task 3107,Generated test row 3107,todo,medium,2026-12-31,
Performance task 3108,Generated test row 3108,in_progress,medium,2026-12-31,
Performance task 3109,Generated test row 3109,todo,medium,2026-12-31,
Performance task 3110,Generated test row 3110,todo,high,2026-12-31,
Performance task 3111,Generated test row 3111,in_progress,medium,2026-12-31,
Performance task 3112,Generated test row 3112,todo,medium,2026-12-31,
Performance task 3113,Generated test row 3113,todo,medium,2026-12-31,
Performance task 3114,Generated test row 3114,in_progress,medium,2026-12-31,
Performance task 3115,Generated test row 3115,todo,medium,2026-12-31,
Performance task 3116,Generated test row 3116,todo,medium,2026-12-31,
Performance task 3117,Generated test row 3117,in_progress,medium,2026-12-31,
Performance task 3118,Generated test row 3118,todo,medium,2026-12-31,
Performance task 3119,Generated test row 3119,todo,medium,2026-12-31,
Performance task 3120,Generated test row 3120,in_progress,high,2026-12-31,
Performance task 3121,Generated test row 3121,todo,medium,2026-12-31,
Performance task 3122,Generated test row 3122,todo,medium,2026-12-31,
Performance task 3123,Generated test row 3123,in_progress,medium,2026-12-31,
Performance task 3124,Generated test row 3124,todo,medium,2026-12-31,
Performance task 3125,Generated test row 3125,todo,medium,2026-12-31,
Performance task 3126,Generated test row 3126,in_progress,medium,2026-12-31,
Performance task 3127,Generated test row 3127,todo,medium,2026-12-31,
Performance task 3128,Generated test row 3128,todo,medium,2026-12-31,
Performance task 3129,Generated test row 3129,in_progress,medium,2026-12-31,
Performance task 3130,Generated test row 3130,todo,high,2026-12-31,
Performance task 3131,Generated test row 3131,todo,medium,2026-12-31,
Performance task 3132,Generated test row 3132,in_progress,medium,2026-12-31,
Performance task 3133,Generated test row 3133,todo,medium,2026-12-31,
Performance task 3134,Generated test row 3134,todo,medium,2026-12-31,
Performance task 3135,Generated test row 3135,in_progress,medium,2026-12-31,
Performance task 3136,Generated test row 3136,todo,medium,2026-12-31,
Performance task 3137,Generated test row 3137,todo,medium,2026-12-31,
Performance task 3138,Generated test row 3138,in_progress,medium,2026-12-31,
Performance task 3139,Generated test row 3139,todo,medium,2026-12-31,
Performance task 3140,Generated test row 3140,todo,high,2026-12-31,
Performance task 3141,Generated test row 3141,in_progress,medium,2026-12-31,
Performance task 3142,Generated test row 3142,todo,medium,2026-12-31,
Performance task 3143,Generated test row 3143,todo,medium,2026-12-31,
Performance task 3144,Generated test row 3144,in_progress,medium,2026-12-31,
Performance task 3145,Generated test row 3145,todo,medium,2026-12-31,
Performance task 3146,Generated test row 3146,todo,medium,2026-12-31,
Performance task 3147,Generated test row 3147,in_progress,medium,2026-12-31,
Performance task 3148,Generated test row 3148,todo,medium,2026-12-31,
Performance task 3149,Generated test row 3149,todo,medium,2026-12-31,
Performance task 3150,Generated test row 3150,in_progress,high,2026-12-31,
Performance task 3151,Generated test row 3151,todo,medium,2026-12-31,
Performance task 3152,Generated test row 3152,todo,medium,2026-12-31,
Performance task 3153,Generated test row 3153,in_progress,medium,2026-12-31,
Performance task 3154,Generated test row 3154,todo,medium,2026-12-31,
Performance task 3155,Generated test row 3155,todo,medium,2026-12-31,
Performance task 3156,Generated test row 3156,in_progress,medium,2026-12-31,
Performance task 3157,Generated test row 3157,todo,medium,2026-12-31,
Performance task 3158,Generated test row 3158,todo,medium,2026-12-31,
Performance task 3159,Generated test row 3159,in_progress,medium,2026-12-31,
Performance task 3160,Generated test row 3160,todo,high,2026-12-31,
Performance task 3161,Generated test row 3161,todo,medium,2026-12-31,
Performance task 3162,Generated test row 3162,in_progress,medium,2026-12-31,
Performance task 3163,Generated test row 3163,todo,medium,2026-12-31,
Performance task 3164,Generated test row 3164,todo,medium,2026-12-31,
Performance task 3165,Generated test row 3165,in_progress,medium,2026-12-31,
Performance task 3166,Generated test row 3166,todo,medium,2026-12-31,
Performance task 3167,Generated test row 3167,todo,medium,2026-12-31,
Performance task 3168,Generated test row 3168,in_progress,medium,2026-12-31,
Performance task 3169,Generated test row 3169,todo,medium,2026-12-31,
Performance task 3170,Generated test row 3170,todo,high,2026-12-31,
Performance task 3171,Generated test row 3171,in_progress,medium,2026-12-31,
Performance task 3172,Generated test row 3172,todo,medium,2026-12-31,
Performance task 3173,Generated test row 3173,todo,medium,2026-12-31,
Performance task 3174,Generated test row 3174,in_progress,medium,2026-12-31,
Performance task 3175,Generated test row 3175,todo,medium,2026-12-31,
Performance task 3176,Generated test row 3176,todo,medium,2026-12-31,
Performance task 3177,Generated test row 3177,in_progress,medium,2026-12-31,
Performance task 3178,Generated test row 3178,todo,medium,2026-12-31,
Performance task 3179,Generated test row 3179,todo,medium,2026-12-31,
Performance task 3180,Generated test row 3180,in_progress,high,2026-12-31,
Performance task 3181,Generated test row 3181,todo,medium,2026-12-31,
Performance task 3182,Generated test row 3182,todo,medium,2026-12-31,
Performance task 3183,Generated test row 3183,in_progress,medium,2026-12-31,
Performance task 3184,Generated test row 3184,todo,medium,2026-12-31,
Performance task 3185,Generated test row 3185,todo,medium,2026-12-31,
Performance task 3186,Generated test row 3186,in_progress,medium,2026-12-31,
Performance task 3187,Generated test row 3187,todo,medium,2026-12-31,
Performance task 3188,Generated test row 3188,todo,medium,2026-12-31,
Performance task 3189,Generated test row 3189,in_progress,medium,2026-12-31,
Performance task 3190,Generated test row 3190,todo,high,2026-12-31,
Performance task 3191,Generated test row 3191,todo,medium,2026-12-31,
Performance task 3192,Generated test row 3192,in_progress,medium,2026-12-31,
Performance task 3193,Generated test row 3193,todo,medium,2026-12-31,
Performance task 3194,Generated test row 3194,todo,medium,2026-12-31,
Performance task 3195,Generated test row 3195,in_progress,medium,2026-12-31,
Performance task 3196,Generated test row 3196,todo,medium,2026-12-31,
Performance task 3197,Generated test row 3197,todo,medium,2026-12-31,
Performance task 3198,Generated test row 3198,in_progress,medium,2026-12-31,
Performance task 3199,Generated test row 3199,todo,medium,2026-12-31,
Performance task 3200,Generated test row 3200,invalid_status,high,2026-12-31,
Performance task 3201,Generated test row 3201,in_progress,medium,2026-12-31,
Performance task 3202,Generated test row 3202,todo,medium,2026-12-31,
Performance task 3203,Generated test row 3203,todo,medium,2026-12-31,
Performance task 3204,Generated test row 3204,in_progress,medium,2026-12-31,
Performance task 3205,Generated test row 3205,todo,medium,2026-12-31,
Performance task 3206,Generated test row 3206,todo,medium,2026-12-31,
Performance task 3207,Generated test row 3207,in_progress,medium,2026-12-31,
Performance task 3208,Generated test row 3208,todo,medium,2026-12-31,
Performance task 3209,Generated test row 3209,todo,medium,2026-12-31,
Performance task 3210,Generated test row 3210,in_progress,high,2026-12-31,
Performance task 3211,Generated test row 3211,todo,medium,2026-12-31,
Performance task 3212,Generated test row 3212,todo,medium,2026-12-31,
Performance task 3213,Generated test row 3213,in_progress,medium,2026-12-31,
Performance task 3214,Generated test row 3214,todo,medium,2026-12-31,
Performance task 3215,Generated test row 3215,todo,medium,2026-12-31,
Performance task 3216,Generated test row 3216,in_progress,medium,2026-12-31,
Performance task 3217,Generated test row 3217,todo,medium,2026-12-31,
Performance task 3218,Generated test row 3218,todo,medium,2026-12-31,
Performance task 3219,Generated test row 3219,in_progress,medium,2026-12-31,
Performance task 3220,Generated test row 3220,todo,high,2026-12-31,
Performance task 3221,Generated test row 3221,todo,medium,2026-12-31,
Performance task 3222,Generated test row 3222,in_progress,medium,2026-12-31,
Performance task 3223,Generated test row 3223,todo,medium,2026-12-31,
Performance task 3224,Generated test row 3224,todo,medium,2026-12-31,
Performance task 3225,Generated test row 3225,in_progress,medium,2026-12-31,
Performance task 3226,Generated test row 3226,todo,medium,2026-12-31,
Performance task 3227,Generated test row 3227,todo,medium,2026-12-31,
Performance task 3228,Generated test row 3228,in_progress,medium,2026-12-31,
Performance task 3229,Generated test row 3229,todo,medium,2026-12-31,
Performance task 3230,Generated test row 3230,todo,high,2026-12-31,
Performance task 3231,Generated test row 3231,in_progress,medium,2026-12-31,
Performance task 3232,Generated test row 3232,todo,medium,2026-12-31,
Performance task 3233,Generated test row 3233,todo,medium,2026-12-31,
Performance task 3234,Generated test row 3234,in_progress,medium,2026-12-31,
Performance task 3235,Generated test row 3235,todo,medium,2026-12-31,
Performance task 3236,Generated test row 3236,todo,medium,2026-12-31,
Performance task 3237,Generated test row 3237,in_progress,medium,2026-12-31,
Performance task 3238,Generated test row 3238,todo,medium,2026-12-31,
Performance task 3239,Generated test row 3239,todo,medium,2026-12-31,
Performance task 3240,Generated test row 3240,in_progress,high,2026-12-31,
Performance task 3241,Generated test row 3241,todo,medium,2026-12-31,
Performance task 3242,Generated test row 3242,todo,medium,2026-12-31,
Performance task 3243,Generated test row 3243,in_progress,medium,2026-12-31,
Performance task 3244,Generated test row 3244,todo,medium,2026-12-31,
Performance task 3245,Generated test row 3245,todo,medium,2026-12-31,
Performance task 3246,Generated test row 3246,in_progress,medium,2026-12-31,
Performance task 3247,Generated test row 3247,todo,medium,2026-12-31,
Performance task 3248,Generated test row 3248,todo,medium,2026-12-31,
Performance task 3249,Generated test row 3249,in_progress,medium,2026-12-31,
Performance task 3250,Generated test row 3250,todo,high,2026-12-31,
Performance task 3251,Generated test row 3251,todo,medium,2026-12-31,
Performance task 3252,Generated test row 3252,in_progress,medium,2026-12-31,
Performance task 3253,Generated test row 3253,todo,medium,2026-12-31,
Performance task 3254,Generated test row 3254,todo,medium,2026-12-31,
Performance task 3255,Generated test row 3255,in_progress,medium,2026-12-31,
Performance task 3256,Generated test row 3256,todo,medium,2026-12-31,
Performance task 3257,Generated test row 3257,todo,medium,2026-12-31,
Performance task 3258,Generated test row 3258,in_progress,medium,2026-12-31,
Performance task 3259,Generated test row 3259,todo,medium,2026-12-31,
Performance task 3260,Generated test row 3260,todo,high,2026-12-31,
Performance task 3261,Generated test row 3261,in_progress,medium,2026-12-31,
Performance task 3262,Generated test row 3262,todo,medium,2026-12-31,
Performance task 3263,Generated test row 3263,todo,medium,2026-12-31,
Performance task 3264,Generated test row 3264,in_progress,medium,2026-12-31,
Performance task 3265,Generated test row 3265,todo,medium,2026-12-31,
Performance task 3266,Generated test row 3266,todo,medium,2026-12-31,
Performance task 3267,Generated test row 3267,in_progress,medium,2026-12-31,
Performance task 3268,Generated test row 3268,todo,medium,2026-12-31,
Performance task 3269,Generated test row 3269,todo,medium,2026-12-31,
Performance task 3270,Generated test row 3270,in_progress,high,2026-12-31,
Performance task 3271,Generated test row 3271,todo,medium,2026-12-31,
Performance task 3272,Generated test row 3272,todo,medium,2026-12-31,
Performance task 3273,Generated test row 3273,in_progress,medium,2026-12-31,
Performance task 3274,Generated test row 3274,todo,medium,2026-12-31,
Performance task 3275,Generated test row 3275,todo,medium,2026-12-31,
Performance task 3276,Generated test row 3276,in_progress,medium,2026-12-31,
Performance task 3277,Generated test row 3277,todo,medium,2026-12-31,
Performance task 3278,Generated test row 3278,todo,medium,2026-12-31,
Performance task 3279,Generated test row 3279,in_progress,medium,2026-12-31,
Performance task 3280,Generated test row 3280,todo,high,2026-12-31,
Performance task 3281,Generated test row 3281,todo,medium,2026-12-31,
Performance task 3282,Generated test row 3282,in_progress,medium,2026-12-31,
Performance task 3283,Generated test row 3283,todo,medium,2026-12-31,
Performance task 3284,Generated test row 3284,todo,medium,2026-12-31,
Performance task 3285,Generated test row 3285,in_progress,medium,2026-12-31,
Performance task 3286,Generated test row 3286,todo,medium,2026-12-31,
Performance task 3287,Generated test row 3287,todo,medium,2026-12-31,
Performance task 3288,Generated test row 3288,in_progress,medium,2026-12-31,
Performance task 3289,Generated test row 3289,todo,medium,2026-12-31,
Performance task 3290,Generated test row 3290,todo,high,2026-12-31,
Performance task 3291,Generated test row 3291,in_progress,medium,2026-12-31,
Performance task 3292,Generated test row 3292,todo,medium,2026-12-31,
Performance task 3293,Generated test row 3293,todo,medium,2026-12-31,
Performance task 3294,Generated test row 3294,in_progress,medium,2026-12-31,
Performance task 3295,Generated test row 3295,todo,medium,2026-12-31,
Performance task 3296,Generated test row 3296,todo,medium,2026-12-31,
Performance task 3297,Generated test row 3297,in_progress,medium,2026-12-31,
Performance task 3298,Generated test row 3298,todo,medium,2026-12-31,
Performance task 3299,Generated test row 3299,todo,medium,2026-12-31,
Performance task 3300,Generated test row 3300,invalid_status,high,2026-12-31,
Performance task 3301,Generated test row 3301,todo,medium,2026-12-31,
Performance task 3302,Generated test row 3302,todo,medium,2026-12-31,
Performance task 3303,Generated test row 3303,in_progress,medium,2026-12-31,
Performance task 3304,Generated test row 3304,todo,medium,2026-12-31,
Performance task 3305,Generated test row 3305,todo,medium,2026-12-31,
Performance task 3306,Generated test row 3306,in_progress,medium,2026-12-31,
Performance task 3307,Generated test row 3307,todo,medium,2026-12-31,
Performance task 3308,Generated test row 3308,todo,medium,2026-12-31,
Performance task 3309,Generated test row 3309,in_progress,medium,2026-12-31,
Performance task 3310,Generated test row 3310,todo,high,2026-12-31,
Performance task 3311,Generated test row 3311,todo,medium,2026-12-31,
Performance task 3312,Generated test row 3312,in_progress,medium,2026-12-31,
Performance task 3313,Generated test row 3313,todo,medium,2026-12-31,
Performance task 3314,Generated test row 3314,todo,medium,2026-12-31,
Performance task 3315,Generated test row 3315,in_progress,medium,2026-12-31,
Performance task 3316,Generated test row 3316,todo,medium,2026-12-31,
Performance task 3317,Generated test row 3317,todo,medium,2026-12-31,
Performance task 3318,Generated test row 3318,in_progress,medium,2026-12-31,
Performance task 3319,Generated test row 3319,todo,medium,2026-12-31,
Performance task 3320,Generated test row 3320,todo,high,2026-12-31,
Performance task 3321,Generated test row 3321,in_progress,medium,2026-12-31,
Performance task 3322,Generated test row 3322,todo,medium,2026-12-31,
Performance task 3323,Generated test row 3323,todo,medium,2026-12-31,
Performance task 3324,Generated test row 3324,in_progress,medium,2026-12-31,
Performance task 3325,Generated test row 3325,todo,medium,2026-12-31,
Performance task 3326,Generated test row 3326,todo,medium,2026-12-31,
Performance task 3327,Generated test row 3327,in_progress,medium,2026-12-31,
Performance task 3328,Generated test row 3328,todo,medium,2026-12-31,
Performance task 3329,Generated test row 3329,todo,medium,2026-12-31,
Performance task 3330,Generated test row 3330,in_progress,high,2026-12-31,
Performance task 3331,Generated test row 3331,todo,medium,2026-12-31,
Performance task 3332,Generated test row 3332,todo,medium,2026-12-31,
Performance task 3333,Generated test row 3333,in_progress,medium,2026-12-31,
Performance task 3334,Generated test row 3334,todo,medium,2026-12-31,
Performance task 3335,Generated test row 3335,todo,medium,2026-12-31,
Performance task 3336,Generated test row 3336,in_progress,medium,2026-12-31,
Performance task 3337,Generated test row 3337,todo,medium,2026-12-31,
Performance task 3338,Generated test row 3338,todo,medium,2026-12-31,
Performance task 3339,Generated test row 3339,in_progress,medium,2026-12-31,
Performance task 3340,Generated test row 3340,todo,high,2026-12-31,
Performance task 3341,Generated test row 3341,todo,medium,2026-12-31,
Performance task 3342,Generated test row 3342,in_progress,medium,2026-12-31,
Performance task 3343,Generated test row 3343,todo,medium,2026-12-31,
Performance task 3344,Generated test row 3344,todo,medium,2026-12-31,
Performance task 3345,Generated test row 3345,in_progress,medium,2026-12-31,
Performance task 3346,Generated test row 3346,todo,medium,2026-12-31,
Performance task 3347,Generated test row 3347,todo,medium,2026-12-31,
Performance task 3348,Generated test row 3348,in_progress,medium,2026-12-31,
Performance task 3349,Generated test row 3349,todo,medium,2026-12-31,
Performance task 3350,Generated test row 3350,todo,high,2026-12-31,
Performance task 3351,Generated test row 3351,in_progress,medium,2026-12-31,
Performance task 3352,Generated test row 3352,todo,medium,2026-12-31,
Performance task 3353,Generated test row 3353,todo,medium,2026-12-31,
Performance task 3354,Generated test row 3354,in_progress,medium,2026-12-31,
Performance task 3355,Generated test row 3355,todo,medium,2026-12-31,
Performance task 3356,Generated test row 3356,todo,medium,2026-12-31,
Performance task 3357,Generated test row 3357,in_progress,medium,2026-12-31,
Performance task 3358,Generated test row 3358,todo,medium,2026-12-31,
Performance task 3359,Generated test row 3359,todo,medium,2026-12-31,
Performance task 3360,Generated test row 3360,in_progress,high,2026-12-31,
Performance task 3361,Generated test row 3361,todo,medium,2026-12-31,
Performance task 3362,Generated test row 3362,todo,medium,2026-12-31,
Performance task 3363,Generated test row 3363,in_progress,medium,2026-12-31,
Performance task 3364,Generated test row 3364,todo,medium,2026-12-31,
Performance task 3365,Generated test row 3365,todo,medium,2026-12-31,
Performance task 3366,Generated test row 3366,in_progress,medium,2026-12-31,
Performance task 3367,Generated test row 3367,todo,medium,2026-12-31,
Performance task 3368,Generated test row 3368,todo,medium,2026-12-31,
Performance task 3369,Generated test row 3369,in_progress,medium,2026-12-31,
Performance task 3370,Generated test row 3370,todo,high,2026-12-31,
Performance task 3371,Generated test row 3371,todo,medium,2026-12-31,
Performance task 3372,Generated test row 3372,in_progress,medium,2026-12-31,
Performance task 3373,Generated test row 3373,todo,medium,2026-12-31,
Performance task 3374,Generated test row 3374,todo,medium,2026-12-31,
Performance task 3375,Generated test row 3375,in_progress,medium,2026-12-31,
Performance task 3376,Generated test row 3376,todo,medium,2026-12-31,
Performance task 3377,Generated test row 3377,todo,medium,2026-12-31,
Performance task 3378,Generated test row 3378,in_progress,medium,2026-12-31,
Performance task 3379,Generated test row 3379,todo,medium,2026-12-31,
Performance task 3380,Generated test row 3380,todo,high,2026-12-31,
Performance task 3381,Generated test row 3381,in_progress,medium,2026-12-31,
Performance task 3382,Generated test row 3382,todo,medium,2026-12-31,
Performance task 3383,Generated test row 3383,todo,medium,2026-12-31,
Performance task 3384,Generated test row 3384,in_progress,medium,2026-12-31,
Performance task 3385,Generated test row 3385,todo,medium,2026-12-31,
Performance task 3386,Generated test row 3386,todo,medium,2026-12-31,
Performance task 3387,Generated test row 3387,in_progress,medium,2026-12-31,
Performance task 3388,Generated test row 3388,todo,medium,2026-12-31,
Performance task 3389,Generated test row 3389,todo,medium,2026-12-31,
Performance task 3390,Generated test row 3390,in_progress,high,2026-12-31,
Performance task 3391,Generated test row 3391,todo,medium,2026-12-31,
Performance task 3392,Generated test row 3392,todo,medium,2026-12-31,
Performance task 3393,Generated test row 3393,in_progress,medium,2026-12-31,
Performance task 3394,Generated test row 3394,todo,medium,2026-12-31,
Performance task 3395,Generated test row 3395,todo,medium,2026-12-31,
Performance task 3396,Generated test row 3396,in_progress,medium,2026-12-31,
Performance task 3397,Generated test row 3397,todo,medium,2026-12-31,
Performance task 3398,Generated test row 3398,todo,medium,2026-12-31,
Performance task 3399,Generated test row 3399,in_progress,medium,2026-12-31,
Performance task 3400,Generated test row 3400,invalid_status,high,2026-12-31,
Performance task 3401,Generated test row 3401,todo,medium,2026-12-31,
Performance task 3402,Generated test row 3402,in_progress,medium,2026-12-31,
Performance task 3403,Generated test row 3403,todo,medium,2026-12-31,
Performance task 3404,Generated test row 3404,todo,medium,2026-12-31,
Performance task 3405,Generated test row 3405,in_progress,medium,2026-12-31,
Performance task 3406,Generated test row 3406,todo,medium,2026-12-31,
Performance task 3407,Generated test row 3407,todo,medium,2026-12-31,
Performance task 3408,Generated test row 3408,in_progress,medium,2026-12-31,
Performance task 3409,Generated test row 3409,todo,medium,2026-12-31,
Performance task 3410,Generated test row 3410,todo,high,2026-12-31,
Performance task 3411,Generated test row 3411,in_progress,medium,2026-12-31,
Performance task 3412,Generated test row 3412,todo,medium,2026-12-31,
Performance task 3413,Generated test row 3413,todo,medium,2026-12-31,
Performance task 3414,Generated test row 3414,in_progress,medium,2026-12-31,
Performance task 3415,Generated test row 3415,todo,medium,2026-12-31,
Performance task 3416,Generated test row 3416,todo,medium,2026-12-31,
Performance task 3417,Generated test row 3417,in_progress,medium,2026-12-31,
Performance task 3418,Generated test row 3418,todo,medium,2026-12-31,
Performance task 3419,Generated test row 3419,todo,medium,2026-12-31,
Performance task 3420,Generated test row 3420,in_progress,high,2026-12-31,
Performance task 3421,Generated test row 3421,todo,medium,2026-12-31,
Performance task 3422,Generated test row 3422,todo,medium,2026-12-31,
Performance task 3423,Generated test row 3423,in_progress,medium,2026-12-31,
Performance task 3424,Generated test row 3424,todo,medium,2026-12-31,
Performance task 3425,Generated test row 3425,todo,medium,2026-12-31,
Performance task 3426,Generated test row 3426,in_progress,medium,2026-12-31,
Performance task 3427,Generated test row 3427,todo,medium,2026-12-31,
Performance task 3428,Generated test row 3428,todo,medium,2026-12-31,
Performance task 3429,Generated test row 3429,in_progress,medium,2026-12-31,
Performance task 3430,Generated test row 3430,todo,high,2026-12-31,
Performance task 3431,Generated test row 3431,todo,medium,2026-12-31,
Performance task 3432,Generated test row 3432,in_progress,medium,2026-12-31,
Performance task 3433,Generated test row 3433,todo,medium,2026-12-31,
Performance task 3434,Generated test row 3434,todo,medium,2026-12-31,
Performance task 3435,Generated test row 3435,in_progress,medium,2026-12-31,
Performance task 3436,Generated test row 3436,todo,medium,2026-12-31,
Performance task 3437,Generated test row 3437,todo,medium,2026-12-31,
Performance task 3438,Generated test row 3438,in_progress,medium,2026-12-31,
Performance task 3439,Generated test row 3439,todo,medium,2026-12-31,
Performance task 3440,Generated test row 3440,todo,high,2026-12-31,
Performance task 3441,Generated test row 3441,in_progress,medium,2026-12-31,
Performance task 3442,Generated test row 3442,todo,medium,2026-12-31,
Performance task 3443,Generated test row 3443,todo,medium,2026-12-31,
Performance task 3444,Generated test row 3444,in_progress,medium,2026-12-31,
Performance task 3445,Generated test row 3445,todo,medium,2026-12-31,
Performance task 3446,Generated test row 3446,todo,medium,2026-12-31,
Performance task 3447,Generated test row 3447,in_progress,medium,2026-12-31,
Performance task 3448,Generated test row 3448,todo,medium,2026-12-31,
Performance task 3449,Generated test row 3449,todo,medium,2026-12-31,
Performance task 3450,Generated test row 3450,in_progress,high,2026-12-31,
Performance task 3451,Generated test row 3451,todo,medium,2026-12-31,
Performance task 3452,Generated test row 3452,todo,medium,2026-12-31,
Performance task 3453,Generated test row 3453,in_progress,medium,2026-12-31,
Performance task 3454,Generated test row 3454,todo,medium,2026-12-31,
Performance task 3455,Generated test row 3455,todo,medium,2026-12-31,
Performance task 3456,Generated test row 3456,in_progress,medium,2026-12-31,
Performance task 3457,Generated test row 3457,todo,medium,2026-12-31,
Performance task 3458,Generated test row 3458,todo,medium,2026-12-31,
Performance task 3459,Generated test row 3459,in_progress,medium,2026-12-31,
Performance task 3460,Generated test row 3460,todo,high,2026-12-31,
Performance task 3461,Generated test row 3461,todo,medium,2026-12-31,
Performance task 3462,Generated test row 3462,in_progress,medium,2026-12-31,
Performance task 3463,Generated test row 3463,todo,medium,2026-12-31,
Performance task 3464,Generated test row 3464,todo,medium,2026-12-31,
Performance task 3465,Generated test row 3465,in_progress,medium,2026-12-31,
Performance task 3466,Generated test row 3466,todo,medium,2026-12-31,
Performance task 3467,Generated test row 3467,todo,medium,2026-12-31,
Performance task 3468,Generated test row 3468,in_progress,medium,2026-12-31,
Performance task 3469,Generated test row 3469,todo,medium,2026-12-31,
Performance task 3470,Generated test row 3470,todo,high,2026-12-31,
Performance task 3471,Generated test row 3471,in_progress,medium,2026-12-31,
Performance task 3472,Generated test row 3472,todo,medium,2026-12-31,
Performance task 3473,Generated test row 3473,todo,medium,2026-12-31,
Performance task 3474,Generated test row 3474,in_progress,medium,2026-12-31,
Performance task 3475,Generated test row 3475,todo,medium,2026-12-31,
Performance task 3476,Generated test row 3476,todo,medium,2026-12-31,
Performance task 3477,Generated test row 3477,in_progress,medium,2026-12-31,
Performance task 3478,Generated test row 3478,todo,medium,2026-12-31,
Performance task 3479,Generated test row 3479,todo,medium,2026-12-31,
Performance task 3480,Generated test row 3480,in_progress,high,2026-12-31,
Performance task 3481,Generated test row 3481,todo,medium,2026-12-31,
Performance task 3482,Generated test row 3482,todo,medium,2026-12-31,
Performance task 3483,Generated test row 3483,in_progress,medium,2026-12-31,
Performance task 3484,Generated test row 3484,todo,medium,2026-12-31,
Performance task 3485,Generated test row 3485,todo,medium,2026-12-31,
Performance task 3486,Generated test row 3486,in_progress,medium,2026-12-31,
Performance task 3487,Generated test row 3487,todo,medium,2026-12-31,
Performance task 3488,Generated test row 3488,todo,medium,2026-12-31,
Performance task 3489,Generated test row 3489,in_progress,medium,2026-12-31,
Performance task 3490,Generated test row 3490,todo,high,2026-12-31,
Performance task 3491,Generated test row 3491,todo,medium,2026-12-31,
Performance task 3492,Generated test row 3492,in_progress,medium,2026-12-31,
Performance task 3493,Generated test row 3493,todo,medium,2026-12-31,
Performance task 3494,Generated test row 3494,todo,medium,2026-12-31,
Performance task 3495,Generated test row 3495,in_progress,medium,2026-12-31,
Performance task 3496,Generated test row 3496,todo,medium,2026-12-31,
Performance task 3497,Generated test row 3497,todo,medium,2026-12-31,
Performance task 3498,Generated test row 3498,in_progress,medium,2026-12-31,
Performance task 3499,Generated test row 3499,todo,medium,2026-12-31,
Performance task 3500,Generated test row 3500,invalid_status,high,2026-12-31,
Performance task 3501,Generated test row 3501,in_progress,medium,2026-12-31,
Performance task 3502,Generated test row 3502,todo,medium,2026-12-31,
Performance task 3503,Generated test row 3503,todo,medium,2026-12-31,
Performance task 3504,Generated test row 3504,in_progress,medium,2026-12-31,
Performance task 3505,Generated test row 3505,todo,medium,2026-12-31,
Performance task 3506,Generated test row 3506,todo,medium,2026-12-31,
Performance task 3507,Generated test row 3507,in_progress,medium,2026-12-31,
Performance task 3508,Generated test row 3508,todo,medium,2026-12-31,
Performance task 3509,Generated test row 3509,todo,medium,2026-12-31,
Performance task 3510,Generated test row 3510,in_progress,high,2026-12-31,
Performance task 3511,Generated test row 3511,todo,medium,2026-12-31,
Performance task 3512,Generated test row 3512,todo,medium,2026-12-31,
Performance task 3513,Generated test row 3513,in_progress,medium,2026-12-31,
Performance task 3514,Generated test row 3514,todo,medium,2026-12-31,
Performance task 3515,Generated test row 3515,todo,medium,2026-12-31,
Performance task 3516,Generated test row 3516,in_progress,medium,2026-12-31,
Performance task 3517,Generated test row 3517,todo,medium,2026-12-31,
Performance task 3518,Generated test row 3518,todo,medium,2026-12-31,
Performance task 3519,Generated test row 3519,in_progress,medium,2026-12-31,
Performance task 3520,Generated test row 3520,todo,high,2026-12-31,
Performance task 3521,Generated test row 3521,todo,medium,2026-12-31,
Performance task 3522,Generated test row 3522,in_progress,medium,2026-12-31,
Performance task 3523,Generated test row 3523,todo,medium,2026-12-31,
Performance task 3524,Generated test row 3524,todo,medium,2026-12-31,
Performance task 3525,Generated test row 3525,in_progress,medium,2026-12-31,
Performance task 3526,Generated test row 3526,todo,medium,2026-12-31,
Performance task 3527,Generated test row 3527,todo,medium,2026-12-31,
Performance task 3528,Generated test row 3528,in_progress,medium,2026-12-31,
Performance task 3529,Generated test row 3529,todo,medium,2026-12-31,
Performance task 3530,Generated test row 3530,todo,high,2026-12-31,
Performance task 3531,Generated test row 3531,in_progress,medium,2026-12-31,
Performance task 3532,Generated test row 3532,todo,medium,2026-12-31,
Performance task 3533,Generated test row 3533,todo,medium,2026-12-31,
Performance task 3534,Generated test row 3534,in_progress,medium,2026-12-31,
Performance task 3535,Generated test row 3535,todo,medium,2026-12-31,
Performance task 3536,Generated test row 3536,todo,medium,2026-12-31,
Performance task 3537,Generated test row 3537,in_progress,medium,2026-12-31,
Performance task 3538,Generated test row 3538,todo,medium,2026-12-31,
Performance task 3539,Generated test row 3539,todo,medium,2026-12-31,
Performance task 3540,Generated test row 3540,in_progress,high,2026-12-31,
Performance task 3541,Generated test row 3541,todo,medium,2026-12-31,
Performance task 3542,Generated test row 3542,todo,medium,2026-12-31,
Performance task 3543,Generated test row 3543,in_progress,medium,2026-12-31,
Performance task 3544,Generated test row 3544,todo,medium,2026-12-31,
Performance task 3545,Generated test row 3545,todo,medium,2026-12-31,
Performance task 3546,Generated test row 3546,in_progress,medium,2026-12-31,
Performance task 3547,Generated test row 3547,todo,medium,2026-12-31,
Performance task 3548,Generated test row 3548,todo,medium,2026-12-31,
Performance task 3549,Generated test row 3549,in_progress,medium,2026-12-31,
Performance task 3550,Generated test row 3550,todo,high,2026-12-31,
Performance task 3551,Generated test row 3551,todo,medium,2026-12-31,
Performance task 3552,Generated test row 3552,in_progress,medium,2026-12-31,
Performance task 3553,Generated test row 3553,todo,medium,2026-12-31,
Performance task 3554,Generated test row 3554,todo,medium,2026-12-31,
Performance task 3555,Generated test row 3555,in_progress,medium,2026-12-31,
Performance task 3556,Generated test row 3556,todo,medium,2026-12-31,
Performance task 3557,Generated test row 3557,todo,medium,2026-12-31,
Performance task 3558,Generated test row 3558,in_progress,medium,2026-12-31,
Performance task 3559,Generated test row 3559,todo,medium,2026-12-31,
Performance task 3560,Generated test row 3560,todo,high,2026-12-31,
Performance task 3561,Generated test row 3561,in_progress,medium,2026-12-31,
Performance task 3562,Generated test row 3562,todo,medium,2026-12-31,
Performance task 3563,Generated test row 3563,todo,medium,2026-12-31,
Performance task 3564,Generated test row 3564,in_progress,medium,2026-12-31,
Performance task 3565,Generated test row 3565,todo,medium,2026-12-31,
Performance task 3566,Generated test row 3566,todo,medium,2026-12-31,
Performance task 3567,Generated test row 3567,in_progress,medium,2026-12-31,
Performance task 3568,Generated test row 3568,todo,medium,2026-12-31,
Performance task 3569,Generated test row 3569,todo,medium,2026-12-31,
Performance task 3570,Generated test row 3570,in_progress,high,2026-12-31,
Performance task 3571,Generated test row 3571,todo,medium,2026-12-31,
Performance task 3572,Generated test row 3572,todo,medium,2026-12-31,
Performance task 3573,Generated test row 3573,in_progress,medium,2026-12-31,
Performance task 3574,Generated test row 3574,todo,medium,2026-12-31,
Performance task 3575,Generated test row 3575,todo,medium,2026-12-31,
Performance task 3576,Generated test row 3576,in_progress,medium,2026-12-31,
Performance task 3577,Generated test row 3577,todo,medium,2026-12-31,
Performance task 3578,Generated test row 3578,todo,medium,2026-12-31,
Performance task 3579,Generated test row 3579,in_progress,medium,2026-12-31,
Performance task 3580,Generated test row 3580,todo,high,2026-12-31,
Performance task 3581,Generated test row 3581,todo,medium,2026-12-31,
Performance task 3582,Generated test row 3582,in_progress,medium,2026-12-31,
Performance task 3583,Generated test row 3583,todo,medium,2026-12-31,
Performance task 3584,Generated test row 3584,todo,medium,2026-12-31,
Performance task 3585,Generated test row 3585,in_progress,medium,2026-12-31,
Performance task 3586,Generated test row 3586,todo,medium,2026-12-31,
Performance task 3587,Generated test row 3587,todo,medium,2026-12-31,
Performance task 3588,Generated test row 3588,in_progress,medium,2026-12-31,
Performance task 3589,Generated test row 3589,todo,medium,2026-12-31,
Performance task 3590,Generated test row 3590,todo,high,2026-12-31,
Performance task 3591,Generated test row 3591,in_progress,medium,2026-12-31,
Performance task 3592,Generated test row 3592,todo,medium,2026-12-31,
Performance task 3593,Generated test row 3593,todo,medium,2026-12-31,
Performance task 3594,Generated test row 3594,in_progress,medium,2026-12-31,
Performance task 3595,Generated test row 3595,todo,medium,2026-12-31,
Performance task 3596,Generated test row 3596,todo,medium,2026-12-31,
Performance task 3597,Generated test row 3597,in_progress,medium,2026-12-31,
Performance task 3598,Generated test row 3598,todo,medium,2026-12-31,
Performance task 3599,Generated test row 3599,todo,medium,2026-12-31,
Performance task 3600,Generated test row 3600,invalid_status,high,2026-12-31,
Performance task 3601,Generated test row 3601,todo,medium,2026-12-31,
Performance task 3602,Generated test row 3602,todo,medium,2026-12-31,
Performance task 3603,Generated test row 3603,in_progress,medium,2026-12-31,
Performance task 3604,Generated test row 3604,todo,medium,2026-12-31,
Performance task 3605,Generated test row 3605,todo,medium,2026-12-31,
Performance task 3606,Generated test row 3606,in_progress,medium,2026-12-31,
Performance task 3607,Generated test row 3607,todo,medium,2026-12-31,
Performance task 3608,Generated test row 3608,todo,medium,2026-12-31,
Performance task 3609,Generated test row 3609,in_progress,medium,2026-12-31,
Performance task 3610,Generated test row 3610,todo,high,2026-12-31,
Performance task 3611,Generated test row 3611,todo,medium,2026-12-31,
Performance task 3612,Generated test row 3612,in_progress,medium,2026-12-31,
Performance task 3613,Generated test row 3613,todo,medium,2026-12-31,
Performance task 3614,Generated test row 3614,todo,medium,2026-12-31,
Performance task 3615,Generated test row 3615,in_progress,medium,2026-12-31,
Performance task 3616,Generated test row 3616,todo,medium,2026-12-31,
Performance task 3617,Generated test row 3617,todo,medium,2026-12-31,
Performance task 3618,Generated test row 3618,in_progress,medium,2026-12-31,
Performance task 3619,Generated test row 3619,todo,medium,2026-12-31,
Performance task 3620,Generated test row 3620,todo,high,2026-12-31,
Performance task 3621,Generated test row 3621,in_progress,medium,2026-12-31,
Performance task 3622,Generated test row 3622,todo,medium,2026-12-31,
Performance task 3623,Generated test row 3623,todo,medium,2026-12-31,
Performance task 3624,Generated test row 3624,in_progress,medium,2026-12-31,
Performance task 3625,Generated test row 3625,todo,medium,2026-12-31,
Performance task 3626,Generated test row 3626,todo,medium,2026-12-31,
Performance task 3627,Generated test row 3627,in_progress,medium,2026-12-31,
Performance task 3628,Generated test row 3628,todo,medium,2026-12-31,
Performance task 3629,Generated test row 3629,todo,medium,2026-12-31,
Performance task 3630,Generated test row 3630,in_progress,high,2026-12-31,
Performance task 3631,Generated test row 3631,todo,medium,2026-12-31,
Performance task 3632,Generated test row 3632,todo,medium,2026-12-31,
Performance task 3633,Generated test row 3633,in_progress,medium,2026-12-31,
Performance task 3634,Generated test row 3634,todo,medium,2026-12-31,
Performance task 3635,Generated test row 3635,todo,medium,2026-12-31,
Performance task 3636,Generated test row 3636,in_progress,medium,2026-12-31,
Performance task 3637,Generated test row 3637,todo,medium,2026-12-31,
Performance task 3638,Generated test row 3638,todo,medium,2026-12-31,
Performance task 3639,Generated test row 3639,in_progress,medium,2026-12-31,
Performance task 3640,Generated test row 3640,todo,high,2026-12-31,
Performance task 3641,Generated test row 3641,todo,medium,2026-12-31,
Performance task 3642,Generated test row 3642,in_progress,medium,2026-12-31,
Performance task 3643,Generated test row 3643,todo,medium,2026-12-31,
Performance task 3644,Generated test row 3644,todo,medium,2026-12-31,
Performance task 3645,Generated test row 3645,in_progress,medium,2026-12-31,
Performance task 3646,Generated test row 3646,todo,medium,2026-12-31,
Performance task 3647,Generated test row 3647,todo,medium,2026-12-31,
Performance task 3648,Generated test row 3648,in_progress,medium,2026-12-31,
Performance task 3649,Generated test row 3649,todo,medium,2026-12-31,
Performance task 3650,Generated test row 3650,todo,high,2026-12-31,
Performance task 3651,Generated test row 3651,in_progress,medium,2026-12-31,
Performance task 3652,Generated test row 3652,todo,medium,2026-12-31,
Performance task 3653,Generated test row 3653,todo,medium,2026-12-31,
Performance task 3654,Generated test row 3654,in_progress,medium,2026-12-31,
Performance task 3655,Generated test row 3655,todo,medium,2026-12-31,
Performance task 3656,Generated test row 3656,todo,medium,2026-12-31,
Performance task 3657,Generated test row 3657,in_progress,medium,2026-12-31,
Performance task 3658,Generated test row 3658,todo,medium,2026-12-31,
Performance task 3659,Generated test row 3659,todo,medium,2026-12-31,
Performance task 3660,Generated test row 3660,in_progress,high,2026-12-31,
Performance task 3661,Generated test row 3661,todo,medium,2026-12-31,
Performance task 3662,Generated test row 3662,todo,medium,2026-12-31,
Performance task 3663,Generated test row 3663,in_progress,medium,2026-12-31,
Performance task 3664,Generated test row 3664,todo,medium,2026-12-31,
Performance task 3665,Generated test row 3665,todo,medium,2026-12-31,
Performance task 3666,Generated test row 3666,in_progress,medium,2026-12-31,
Performance task 3667,Generated test row 3667,todo,medium,2026-12-31,
Performance task 3668,Generated test row 3668,todo,medium,2026-12-31,
Performance task 3669,Generated test row 3669,in_progress,medium,2026-12-31,
Performance task 3670,Generated test row 3670,todo,high,2026-12-31,
Performance task 3671,Generated test row 3671,todo,medium,2026-12-31,
Performance task 3672,Generated test row 3672,in_progress,medium,2026-12-31,
Performance task 3673,Generated test row 3673,todo,medium,2026-12-31,
Performance task 3674,Generated test row 3674,todo,medium,2026-12-31,
Performance task 3675,Generated test row 3675,in_progress,medium,2026-12-31,
Performance task 3676,Generated test row 3676,todo,medium,2026-12-31,
Performance task 3677,Generated test row 3677,todo,medium,2026-12-31,
Performance task 3678,Generated test row 3678,in_progress,medium,2026-12-31,
Performance task 3679,Generated test row 3679,todo,medium,2026-12-31,
Performance task 3680,Generated test row 3680,todo,high,2026-12-31,
Performance task 3681,Generated test row 3681,in_progress,medium,2026-12-31,
Performance task 3682,Generated test row 3682,todo,medium,2026-12-31,
Performance task 3683,Generated test row 3683,todo,medium,2026-12-31,
Performance task 3684,Generated test row 3684,in_progress,medium,2026-12-31,
Performance task 3685,Generated test row 3685,todo,medium,2026-12-31,
Performance task 3686,Generated test row 3686,todo,medium,2026-12-31,
Performance task 3687,Generated test row 3687,in_progress,medium,2026-12-31,
Performance task 3688,Generated test row 3688,todo,medium,2026-12-31,
Performance task 3689,Generated test row 3689,todo,medium,2026-12-31,
Performance task 3690,Generated test row 3690,in_progress,high,2026-12-31,
Performance task 3691,Generated test row 3691,todo,medium,2026-12-31,
Performance task 3692,Generated test row 3692,todo,medium,2026-12-31,
Performance task 3693,Generated test row 3693,in_progress,medium,2026-12-31,
Performance task 3694,Generated test row 3694,todo,medium,2026-12-31,
Performance task 3695,Generated test row 3695,todo,medium,2026-12-31,
Performance task 3696,Generated test row 3696,in_progress,medium,2026-12-31,
Performance task 3697,Generated test row 3697,todo,medium,2026-12-31,
Performance task 3698,Generated test row 3698,todo,medium,2026-12-31,
Performance task 3699,Generated test row 3699,in_progress,medium,2026-12-31,
Performance task 3700,Generated test row 3700,invalid_status,high,2026-12-31,
Performance task 3701,Generated test row 3701,todo,medium,2026-12-31,
Performance task 3702,Generated test row 3702,in_progress,medium,2026-12-31,
Performance task 3703,Generated test row 3703,todo,medium,2026-12-31,
Performance task 3704,Generated test row 3704,todo,medium,2026-12-31,
Performance task 3705,Generated test row 3705,in_progress,medium,2026-12-31,
Performance task 3706,Generated test row 3706,todo,medium,2026-12-31,
Performance task 3707,Generated test row 3707,todo,medium,2026-12-31,
Performance task 3708,Generated test row 3708,in_progress,medium,2026-12-31,
Performance task 3709,Generated test row 3709,todo,medium,2026-12-31,
Performance task 3710,Generated test row 3710,todo,high,2026-12-31,
Performance task 3711,Generated test row 3711,in_progress,medium,2026-12-31,
Performance task 3712,Generated test row 3712,todo,medium,2026-12-31,
Performance task 3713,Generated test row 3713,todo,medium,2026-12-31,
Performance task 3714,Generated test row 3714,in_progress,medium,2026-12-31,
Performance task 3715,Generated test row 3715,todo,medium,2026-12-31,
Performance task 3716,Generated test row 3716,todo,medium,2026-12-31,
Performance task 3717,Generated test row 3717,in_progress,medium,2026-12-31,
Performance task 3718,Generated test row 3718,todo,medium,2026-12-31,
Performance task 3719,Generated test row 3719,todo,medium,2026-12-31,
Performance task 3720,Generated test row 3720,in_progress,high,2026-12-31,
Performance task 3721,Generated test row 3721,todo,medium,2026-12-31,
Performance task 3722,Generated test row 3722,todo,medium,2026-12-31,
Performance task 3723,Generated test row 3723,in_progress,medium,2026-12-31,
Performance task 3724,Generated test row 3724,todo,medium,2026-12-31,
Performance task 3725,Generated test row 3725,todo,medium,2026-12-31,
Performance task 3726,Generated test row 3726,in_progress,medium,2026-12-31,
Performance task 3727,Generated test row 3727,todo,medium,2026-12-31,
Performance task 3728,Generated test row 3728,todo,medium,2026-12-31,
Performance task 3729,Generated test row 3729,in_progress,medium,2026-12-31,
Performance task 3730,Generated test row 3730,todo,high,2026-12-31,
Performance task 3731,Generated test row 3731,todo,medium,2026-12-31,
Performance task 3732,Generated test row 3732,in_progress,medium,2026-12-31,
Performance task 3733,Generated test row 3733,todo,medium,2026-12-31,
Performance task 3734,Generated test row 3734,todo,medium,2026-12-31,
Performance task 3735,Generated test row 3735,in_progress,medium,2026-12-31,
Performance task 3736,Generated test row 3736,todo,medium,2026-12-31,
Performance task 3737,Generated test row 3737,todo,medium,2026-12-31,
Performance task 3738,Generated test row 3738,in_progress,medium,2026-12-31,
Performance task 3739,Generated test row 3739,todo,medium,2026-12-31,
Performance task 3740,Generated test row 3740,todo,high,2026-12-31,
Performance task 3741,Generated test row 3741,in_progress,medium,2026-12-31,
Performance task 3742,Generated test row 3742,todo,medium,2026-12-31,
Performance task 3743,Generated test row 3743,todo,medium,2026-12-31,
Performance task 3744,Generated test row 3744,in_progress,medium,2026-12-31,
Performance task 3745,Generated test row 3745,todo,medium,2026-12-31,
Performance task 3746,Generated test row 3746,todo,medium,2026-12-31,
Performance task 3747,Generated test row 3747,in_progress,medium,2026-12-31,
Performance task 3748,Generated test row 3748,todo,medium,2026-12-31,
Performance task 3749,Generated test row 3749,todo,medium,2026-12-31,
Performance task 3750,Generated test row 3750,in_progress,high,2026-12-31,
Performance task 3751,Generated test row 3751,todo,medium,2026-12-31,
Performance task 3752,Generated test row 3752,todo,medium,2026-12-31,
Performance task 3753,Generated test row 3753,in_progress,medium,2026-12-31,
Performance task 3754,Generated test row 3754,todo,medium,2026-12-31,
Performance task 3755,Generated test row 3755,todo,medium,2026-12-31,
Performance task 3756,Generated test row 3756,in_progress,medium,2026-12-31,
Performance task 3757,Generated test row 3757,todo,medium,2026-12-31,
Performance task 3758,Generated test row 3758,todo,medium,2026-12-31,
Performance task 3759,Generated test row 3759,in_progress,medium,2026-12-31,
Performance task 3760,Generated test row 3760,todo,high,2026-12-31,
Performance task 3761,Generated test row 3761,todo,medium,2026-12-31,
Performance task 3762,Generated test row 3762,in_progress,medium,2026-12-31,
Performance task 3763,Generated test row 3763,todo,medium,2026-12-31,
Performance task 3764,Generated test row 3764,todo,medium,2026-12-31,
Performance task 3765,Generated test row 3765,in_progress,medium,2026-12-31,
Performance task 3766,Generated test row 3766,todo,medium,2026-12-31,
Performance task 3767,Generated test row 3767,todo,medium,2026-12-31,
Performance task 3768,Generated test row 3768,in_progress,medium,2026-12-31,
Performance task 3769,Generated test row 3769,todo,medium,2026-12-31,
Performance task 3770,Generated test row 3770,todo,high,2026-12-31,
Performance task 3771,Generated test row 3771,in_progress,medium,2026-12-31,
Performance task 3772,Generated test row 3772,todo,medium,2026-12-31,
Performance task 3773,Generated test row 3773,todo,medium,2026-12-31,
Performance task 3774,Generated test row 3774,in_progress,medium,2026-12-31,
Performance task 3775,Generated test row 3775,todo,medium,2026-12-31,
Performance task 3776,Generated test row 3776,todo,medium,2026-12-31,
Performance task 3777,Generated test row 3777,in_progress,medium,2026-12-31,
Performance task 3778,Generated test row 3778,todo,medium,2026-12-31,
Performance task 3779,Generated test row 3779,todo,medium,2026-12-31,
Performance task 3780,Generated test row 3780,in_progress,high,2026-12-31,
Performance task 3781,Generated test row 3781,todo,medium,2026-12-31,
Performance task 3782,Generated test row 3782,todo,medium,2026-12-31,
Performance task 3783,Generated test row 3783,in_progress,medium,2026-12-31,
Performance task 3784,Generated test row 3784,todo,medium,2026-12-31,
Performance task 3785,Generated test row 3785,todo,medium,2026-12-31,
Performance task 3786,Generated test row 3786,in_progress,medium,2026-12-31,
Performance task 3787,Generated test row 3787,todo,medium,2026-12-31,
Performance task 3788,Generated test row 3788,todo,medium,2026-12-31,
Performance task 3789,Generated test row 3789,in_progress,medium,2026-12-31,
Performance task 3790,Generated test row 3790,todo,high,2026-12-31,
Performance task 3791,Generated test row 3791,todo,medium,2026-12-31,
Performance task 3792,Generated test row 3792,in_progress,medium,2026-12-31,
Performance task 3793,Generated test row 3793,todo,medium,2026-12-31,
Performance task 3794,Generated test row 3794,todo,medium,2026-12-31,
Performance task 3795,Generated test row 3795,in_progress,medium,2026-12-31,
Performance task 3796,Generated test row 3796,todo,medium,2026-12-31,
Performance task 3797,Generated test row 3797,todo,medium,2026-12-31,
Performance task 3798,Generated test row 3798,in_progress,medium,2026-12-31,
Performance task 3799,Generated test row 3799,todo,medium,2026-12-31,
Performance task 3800,Generated test row 3800,invalid_status,high,2026-12-31,
Performance task 3801,Generated test row 3801,in_progress,medium,2026-12-31,
Performance task 3802,Generated test row 3802,todo,medium,2026-12-31,
Performance task 3803,Generated test row 3803,todo,medium,2026-12-31,
Performance task 3804,Generated test row 3804,in_progress,medium,2026-12-31,
Performance task 3805,Generated test row 3805,todo,medium,2026-12-31,
Performance task 3806,Generated test row 3806,todo,medium,2026-12-31,
Performance task 3807,Generated test row 3807,in_progress,medium,2026-12-31,
Performance task 3808,Generated test row 3808,todo,medium,2026-12-31,
Performance task 3809,Generated test row 3809,todo,medium,2026-12-31,
Performance task 3810,Generated test row 3810,in_progress,high,2026-12-31,
Performance task 3811,Generated test row 3811,todo,medium,2026-12-31,
Performance task 3812,Generated test row 3812,todo,medium,2026-12-31,
Performance task 3813,Generated test row 3813,in_progress,medium,2026-12-31,
Performance task 3814,Generated test row 3814,todo,medium,2026-12-31,
Performance task 3815,Generated test row 3815,todo,medium,2026-12-31,
Performance task 3816,Generated test row 3816,in_progress,medium,2026-12-31,
Performance task 3817,Generated test row 3817,todo,medium,2026-12-31,
Performance task 3818,Generated test row 3818,todo,medium,2026-12-31,
Performance task 3819,Generated test row 3819,in_progress,medium,2026-12-31,
Performance task 3820,Generated test row 3820,todo,high,2026-12-31,
Performance task 3821,Generated test row 3821,todo,medium,2026-12-31,
Performance task 3822,Generated test row 3822,in_progress,medium,2026-12-31,
Performance task 3823,Generated test row 3823,todo,medium,2026-12-31,
Performance task 3824,Generated test row 3824,todo,medium,2026-12-31,
Performance task 3825,Generated test row 3825,in_progress,medium,2026-12-31,
Performance task 3826,Generated test row 3826,todo,medium,2026-12-31,
Performance task 3827,Generated test row 3827,todo,medium,2026-12-31,
Performance task 3828,Generated test row 3828,in_progress,medium,2026-12-31,
Performance task 3829,Generated test row 3829,todo,medium,2026-12-31,
Performance task 3830,Generated test row 3830,todo,high,2026-12-31,
Performance task 3831,Generated test row 3831,in_progress,medium,2026-12-31,
Performance task 3832,Generated test row 3832,todo,medium,2026-12-31,
Performance task 3833,Generated test row 3833,todo,medium,2026-12-31,
Performance task 3834,Generated test row 3834,in_progress,medium,2026-12-31,
Performance task 3835,Generated test row 3835,todo,medium,2026-12-31,
Performance task 3836,Generated test row 3836,todo,medium,2026-12-31,
Performance task 3837,Generated test row 3837,in_progress,medium,2026-12-31,
Performance task 3838,Generated test row 3838,todo,medium,2026-12-31,
Performance task 3839,Generated test row 3839,todo,medium,2026-12-31,
Performance task 3840,Generated test row 3840,in_progress,high,2026-12-31,
Performance task 3841,Generated test row 3841,todo,medium,2026-12-31,
Performance task 3842,Generated test row 3842,todo,medium,2026-12-31,
Performance task 3843,Generated test row 3843,in_progress,medium,2026-12-31,
Performance task 3844,Generated test row 3844,todo,medium,2026-12-31,
Performance task 3845,Generated test row 3845,todo,medium,2026-12-31,
Performance task 3846,Generated test row 3846,in_progress,medium,2026-12-31,
Performance task 3847,Generated test row 3847,todo,medium,2026-12-31,
Performance task 3848,Generated test row 3848,todo,medium,2026-12-31,
Performance task 3849,Generated test row 3849,in_progress,medium,2026-12-31,
Performance task 3850,Generated test row 3850,todo,high,2026-12-31,
Performance task 3851,Generated test row 3851,todo,medium,2026-12-31,
Performance task 3852,Generated test row 3852,in_progress,medium,2026-12-31,
Performance task 3853,Generated test row 3853,todo,medium,2026-12-31,
Performance task 3854,Generated test row 3854,todo,medium,2026-12-31,
Performance task 3855,Generated test row 3855,in_progress,medium,2026-12-31,
Performance task 3856,Generated test row 3856,todo,medium,2026-12-31,
Performance task 3857,Generated test row 3857,todo,medium,2026-12-31,
Performance task 3858,Generated test row 3858,in_progress,medium,2026-12-31,
Performance task 3859,Generated test row 3859,todo,medium,2026-12-31,
Performance task 3860,Generated test row 3860,todo,high,2026-12-31,
Performance task 3861,Generated test row 3861,in_progress,medium,2026-12-31,
Performance task 3862,Generated test row 3862,todo,medium,2026-12-31,
Performance task 3863,Generated test row 3863,todo,medium,2026-12-31,
Performance task 3864,Generated test row 3864,in_progress,medium,2026-12-31,
Performance task 3865,Generated test row 3865,todo,medium,2026-12-31,
Performance task 3866,Generated test row 3866,todo,medium,2026-12-31,
Performance task 3867,Generated test row 3867,in_progress,medium,2026-12-31,
Performance task 3868,Generated test row 3868,todo,medium,2026-12-31,
Performance task 3869,Generated test row 3869,todo,medium,2026-12-31,
Performance task 3870,Generated test row 3870,in_progress,high,2026-12-31,
Performance task 3871,Generated test row 3871,todo,medium,2026-12-31,
Performance task 3872,Generated test row 3872,todo,medium,2026-12-31,
Performance task 3873,Generated test row 3873,in_progress,medium,2026-12-31,
Performance task 3874,Generated test row 3874,todo,medium,2026-12-31,
Performance task 3875,Generated test row 3875,todo,medium,2026-12-31,
Performance task 3876,Generated test row 3876,in_progress,medium,2026-12-31,
Performance task 3877,Generated test row 3877,todo,medium,2026-12-31,
Performance task 3878,Generated test row 3878,todo,medium,2026-12-31,
Performance task 3879,Generated test row 3879,in_progress,medium,2026-12-31,
Performance task 3880,Generated test row 3880,todo,high,2026-12-31,
Performance task 3881,Generated test row 3881,todo,medium,2026-12-31,
Performance task 3882,Generated test row 3882,in_progress,medium,2026-12-31,
Performance task 3883,Generated test row 3883,todo,medium,2026-12-31,
Performance task 3884,Generated test row 3884,todo,medium,2026-12-31,
Performance task 3885,Generated test row 3885,in_progress,medium,2026-12-31,
Performance task 3886,Generated test row 3886,todo,medium,2026-12-31,
Performance task 3887,Generated test row 3887,todo,medium,2026-12-31,
Performance task 3888,Generated test row 3888,in_progress,medium,2026-12-31,
Performance task 3889,Generated test row 3889,todo,medium,2026-12-31,
Performance task 3890,Generated test row 3890,todo,high,2026-12-31,
Performance task 3891,Generated test row 3891,in_progress,medium,2026-12-31,
Performance task 3892,Generated test row 3892,todo,medium,2026-12-31,
Performance task 3893,Generated test row 3893,todo,medium,2026-12-31,
Performance task 3894,Generated test row 3894,in_progress,medium,2026-12-31,
Performance task 3895,Generated test row 3895,todo,medium,2026-12-31,
Performance task 3896,Generated test row 3896,todo,medium,2026-12-31,
Performance task 3897,Generated test row 3897,in_progress,medium,2026-12-31,
Performance task 3898,Generated test row 3898,todo,medium,2026-12-31,
Performance task 3899,Generated test row 3899,todo,medium,2026-12-31,
Performance task 3900,Generated test row 3900,invalid_status,high,2026-12-31,
Performance task 3901,Generated test row 3901,todo,medium,2026-12-31,
Performance task 3902,Generated test row 3902,todo,medium,2026-12-31,
Performance task 3903,Generated test row 3903,in_progress,medium,2026-12-31,
Performance task 3904,Generated test row 3904,todo,medium,2026-12-31,
Performance task 3905,Generated test row 3905,todo,medium,2026-12-31,
Performance task 3906,Generated test row 3906,in_progress,medium,2026-12-31,
Performance task 3907,Generated test row 3907,todo,medium,2026-12-31,
Performance task 3908,Generated test row 3908,todo,medium,2026-12-31,
Performance task 3909,Generated test row 3909,in_progress,medium,2026-12-31,
Performance task 3910,Generated test row 3910,todo,high,2026-12-31,
Performance task 3911,Generated test row 3911,todo,medium,2026-12-31,
Performance task 3912,Generated test row 3912,in_progress,medium,2026-12-31,
Performance task 3913,Generated test row 3913,todo,medium,2026-12-31,
Performance task 3914,Generated test row 3914,todo,medium,2026-12-31,
Performance task 3915,Generated test row 3915,in_progress,medium,2026-12-31,
Performance task 3916,Generated test row 3916,todo,medium,2026-12-31,
Performance task 3917,Generated test row 3917,todo,medium,2026-12-31,
Performance task 3918,Generated test row 3918,in_progress,medium,2026-12-31,
Performance task 3919,Generated test row 3919,todo,medium,2026-12-31,
Performance task 3920,Generated test row 3920,todo,high,2026-12-31,
Performance task 3921,Generated test row 3921,in_progress,medium,2026-12-31,
Performance task 3922,Generated test row 3922,todo,medium,2026-12-31,
Performance task 3923,Generated test row 3923,todo,medium,2026-12-31,
Performance task 3924,Generated test row 3924,in_progress,medium,2026-12-31,
Performance task 3925,Generated test row 3925,todo,medium,2026-12-31,
Performance task 3926,Generated test row 3926,todo,medium,2026-12-31,
Performance task 3927,Generated test row 3927,in_progress,medium,2026-12-31,
Performance task 3928,Generated test row 3928,todo,medium,2026-12-31,
Performance task 3929,Generated test row 3929,todo,medium,2026-12-31,
Performance task 3930,Generated test row 3930,in_progress,high,2026-12-31,
Performance task 3931,Generated test row 3931,todo,medium,2026-12-31,
Performance task 3932,Generated test row 3932,todo,medium,2026-12-31,
Performance task 3933,Generated test row 3933,in_progress,medium,2026-12-31,
Performance task 3934,Generated test row 3934,todo,medium,2026-12-31,
Performance task 3935,Generated test row 3935,todo,medium,2026-12-31,
Performance task 3936,Generated test row 3936,in_progress,medium,2026-12-31,
Performance task 3937,Generated test row 3937,todo,medium,2026-12-31,
Performance task 3938,Generated test row 3938,todo,medium,2026-12-31,
Performance task 3939,Generated test row 3939,in_progress,medium,2026-12-31,
Performance task 3940,Generated test row 3940,todo,high,2026-12-31,
Performance task 3941,Generated test row 3941,todo,medium,2026-12-31,
Performance task 3942,Generated test row 3942,in_progress,medium,2026-12-31,
Performance task 3943,Generated test row 3943,todo,medium,2026-12-31,
Performance task 3944,Generated test row 3944,todo,medium,2026-12-31,
Performance task 3945,Generated test row 3945,in_progress,medium,2026-12-31,
Performance task 3946,Generated test row 3946,todo,medium,2026-12-31,
Performance task 3947,Generated test row 3947,todo,medium,2026-12-31,
Performance task 3948,Generated test row 3948,in_progress,medium,2026-12-31,
Performance task 3949,Generated test row 3949,todo,medium,2026-12-31,
Performance task 3950,Generated test row 3950,todo,high,2026-12-31,
Performance task 3951,Generated test row 3951,in_progress,medium,2026-12-31,
Performance task 3952,Generated test row 3952,todo,medium,2026-12-31,
Performance task 3953,Generated test row 3953,todo,medium,2026-12-31,
Performance task 3954,Generated test row 3954,in_progress,medium,2026-12-31,
Performance task 3955,Generated test row 3955,todo,medium,2026-12-31,
Performance task 3956,Generated test row 3956,todo,medium,2026-12-31,
Performance task 3957,Generated test row 3957,in_progress,medium,2026-12-31,
Performance task 3958,Generated test row 3958,todo,medium,2026-12-31,
Performance task 3959,Generated test row 3959,todo,medium,2026-12-31,
Performance task 3960,Generated test row 3960,in_progress,high,2026-12-31,
Performance task 3961,Generated test row 3961,todo,medium,2026-12-31,
Performance task 3962,Generated test row 3962,todo,medium,2026-12-31,
Performance task 3963,Generated test row 3963,in_progress,medium,2026-12-31,
Performance task 3964,Generated test row 3964,todo,medium,2026-12-31,
Performance task 3965,Generated test row 3965,todo,medium,2026-12-31,
Performance task 3966,Generated test row 3966,in_progress,medium,2026-12-31,
Performance task 3967,Generated test row 3967,todo,medium,2026-12-31,
Performance task 3968,Generated test row 3968,todo,medium,2026-12-31,
Performance task 3969,Generated test row 3969,in_progress,medium,2026-12-31,
Performance task 3970,Generated test row 3970,todo,high,2026-12-31,
Performance task 3971,Generated test row 3971,todo,medium,2026-12-31,
Performance task 3972,Generated test row 3972,in_progress,medium,2026-12-31,
Performance task 3973,Generated test row 3973,todo,medium,2026-12-31,
Performance task 3974,Generated test row 3974,todo,medium,2026-12-31,
Performance task 3975,Generated test row 3975,in_progress,medium,2026-12-31,
Performance task 3976,Generated test row 3976,todo,medium,2026-12-31,
Performance task 3977,Generated test row 3977,todo,medium,2026-12-31,
Performance task 3978,Generated test row 3978,in_progress,medium,2026-12-31,
Performance task 3979,Generated test row 3979,todo,medium,2026-12-31,
Performance task 3980,Generated test row 3980,todo,high,2026-12-31,
Performance task 3981,Generated test row 3981,in_progress,medium,2026-12-31,
Performance task 3982,Generated test row 3982,todo,medium,2026-12-31,
Performance task 3983,Generated test row 3983,todo,medium,2026-12-31,
Performance task 3984,Generated test row 3984,in_progress,medium,2026-12-31,
Performance task 3985,Generated test row 3985,todo,medium,2026-12-31,
Performance task 3986,Generated test row 3986,todo,medium,2026-12-31,
Performance task 3987,Generated test row 3987,in_progress,medium,2026-12-31,
Performance task 3988,Generated test row 3988,todo,medium,2026-12-31,
Performance task 3989,Generated test row 3989,todo,medium,2026-12-31,
Performance task 3990,Generated test row 3990,in_progress,high,2026-12-31,
Performance task 3991,Generated test row 3991,todo,medium,2026-12-31,
Performance task 3992,Generated test row 3992,todo,medium,2026-12-31,
Performance task 3993,Generated test row 3993,in_progress,medium,2026-12-31,
Performance task 3994,Generated test row 3994,todo,medium,2026-12-31,
Performance task 3995,Generated test row 3995,todo,medium,2026-12-31,
Performance task 3996,Generated test row 3996,in_progress,medium,2026-12-31,
Performance task 3997,Generated test row 3997,todo,medium,2026-12-31,
Performance task 3998,Generated test row 3998,todo,medium,2026-12-31,
Performance task 3999,Generated test row 3999,in_progress,medium,2026-12-31,
Performance task 4000,Generated test row 4000,invalid_status,high,2026-12-31,
Performance task 4001,Generated test row 4001,todo,medium,2026-12-31,
Performance task 4002,Generated test row 4002,in_progress,medium,2026-12-31,
Performance task 4003,Generated test row 4003,todo,medium,2026-12-31,
Performance task 4004,Generated test row 4004,todo,medium,2026-12-31,
Performance task 4005,Generated test row 4005,in_progress,medium,2026-12-31,
Performance task 4006,Generated test row 4006,todo,medium,2026-12-31,
Performance task 4007,Generated test row 4007,todo,medium,2026-12-31,
Performance task 4008,Generated test row 4008,in_progress,medium,2026-12-31,
Performance task 4009,Generated test row 4009,todo,medium,2026-12-31,
Performance task 4010,Generated test row 4010,todo,high,2026-12-31,
Performance task 4011,Generated test row 4011,in_progress,medium,2026-12-31,
Performance task 4012,Generated test row 4012,todo,medium,2026-12-31,
Performance task 4013,Generated test row 4013,todo,medium,2026-12-31,
Performance task 4014,Generated test row 4014,in_progress,medium,2026-12-31,
Performance task 4015,Generated test row 4015,todo,medium,2026-12-31,
Performance task 4016,Generated test row 4016,todo,medium,2026-12-31,
Performance task 4017,Generated test row 4017,in_progress,medium,2026-12-31,
Performance task 4018,Generated test row 4018,todo,medium,2026-12-31,
Performance task 4019,Generated test row 4019,todo,medium,2026-12-31,
Performance task 4020,Generated test row 4020,in_progress,high,2026-12-31,
Performance task 4021,Generated test row 4021,todo,medium,2026-12-31,
Performance task 4022,Generated test row 4022,todo,medium,2026-12-31,
Performance task 4023,Generated test row 4023,in_progress,medium,2026-12-31,
Performance task 4024,Generated test row 4024,todo,medium,2026-12-31,
Performance task 4025,Generated test row 4025,todo,medium,2026-12-31,
Performance task 4026,Generated test row 4026,in_progress,medium,2026-12-31,
Performance task 4027,Generated test row 4027,todo,medium,2026-12-31,
Performance task 4028,Generated test row 4028,todo,medium,2026-12-31,
Performance task 4029,Generated test row 4029,in_progress,medium,2026-12-31,
Performance task 4030,Generated test row 4030,todo,high,2026-12-31,
Performance task 4031,Generated test row 4031,todo,medium,2026-12-31,
Performance task 4032,Generated test row 4032,in_progress,medium,2026-12-31,
Performance task 4033,Generated test row 4033,todo,medium,2026-12-31,
Performance task 4034,Generated test row 4034,todo,medium,2026-12-31,
Performance task 4035,Generated test row 4035,in_progress,medium,2026-12-31,
Performance task 4036,Generated test row 4036,todo,medium,2026-12-31,
Performance task 4037,Generated test row 4037,todo,medium,2026-12-31,
Performance task 4038,Generated test row 4038,in_progress,medium,2026-12-31,
Performance task 4039,Generated test row 4039,todo,medium,2026-12-31,
Performance task 4040,Generated test row 4040,todo,high,2026-12-31,
Performance task 4041,Generated test row 4041,in_progress,medium,2026-12-31,
Performance task 4042,Generated test row 4042,todo,medium,2026-12-31,
Performance task 4043,Generated test row 4043,todo,medium,2026-12-31,
Performance task 4044,Generated test row 4044,in_progress,medium,2026-12-31,
Performance task 4045,Generated test row 4045,todo,medium,2026-12-31,
Performance task 4046,Generated test row 4046,todo,medium,2026-12-31,
Performance task 4047,Generated test row 4047,in_progress,medium,2026-12-31,
Performance task 4048,Generated test row 4048,todo,medium,2026-12-31,
Performance task 4049,Generated test row 4049,todo,medium,2026-12-31,
Performance task 4050,Generated test row 4050,in_progress,high,2026-12-31,
Performance task 4051,Generated test row 4051,todo,medium,2026-12-31,
Performance task 4052,Generated test row 4052,todo,medium,2026-12-31,
Performance task 4053,Generated test row 4053,in_progress,medium,2026-12-31,
Performance task 4054,Generated test row 4054,todo,medium,2026-12-31,
Performance task 4055,Generated test row 4055,todo,medium,2026-12-31,
Performance task 4056,Generated test row 4056,in_progress,medium,2026-12-31,
Performance task 4057,Generated test row 4057,todo,medium,2026-12-31,
Performance task 4058,Generated test row 4058,todo,medium,2026-12-31,
Performance task 4059,Generated test row 4059,in_progress,medium,2026-12-31,
Performance task 4060,Generated test row 4060,todo,high,2026-12-31,
Performance task 4061,Generated test row 4061,todo,medium,2026-12-31,
Performance task 4062,Generated test row 4062,in_progress,medium,2026-12-31,
Performance task 4063,Generated test row 4063,todo,medium,2026-12-31,
Performance task 4064,Generated test row 4064,todo,medium,2026-12-31,
Performance task 4065,Generated test row 4065,in_progress,medium,2026-12-31,
Performance task 4066,Generated test row 4066,todo,medium,2026-12-31,
Performance task 4067,Generated test row 4067,todo,medium,2026-12-31,
Performance task 4068,Generated test row 4068,in_progress,medium,2026-12-31,
Performance task 4069,Generated test row 4069,todo,medium,2026-12-31,
Performance task 4070,Generated test row 4070,todo,high,2026-12-31,
Performance task 4071,Generated test row 4071,in_progress,medium,2026-12-31,
Performance task 4072,Generated test row 4072,todo,medium,2026-12-31,
Performance task 4073,Generated test row 4073,todo,medium,2026-12-31,
Performance task 4074,Generated test row 4074,in_progress,medium,2026-12-31,
Performance task 4075,Generated test row 4075,todo,medium,2026-12-31,
Performance task 4076,Generated test row 4076,todo,medium,2026-12-31,
Performance task 4077,Generated test row 4077,in_progress,medium,2026-12-31,
Performance task 4078,Generated test row 4078,todo,medium,2026-12-31,
Performance task 4079,Generated test row 4079,todo,medium,2026-12-31,
Performance task 4080,Generated test row 4080,in_progress,high,2026-12-31,
Performance task 4081,Generated test row 4081,todo,medium,2026-12-31,
Performance task 4082,Generated test row 4082,todo,medium,2026-12-31,
Performance task 4083,Generated test row 4083,in_progress,medium,2026-12-31,
Performance task 4084,Generated test row 4084,todo,medium,2026-12-31,
Performance task 4085,Generated test row 4085,todo,medium,2026-12-31,
Performance task 4086,Generated test row 4086,in_progress,medium,2026-12-31,
Performance task 4087,Generated test row 4087,todo,medium,2026-12-31,
Performance task 4088,Generated test row 4088,todo,medium,2026-12-31,
Performance task 4089,Generated test row 4089,in_progress,medium,2026-12-31,
Performance task 4090,Generated test row 4090,todo,high,2026-12-31,
Performance task 4091,Generated test row 4091,todo,medium,2026-12-31,
Performance task 4092,Generated test row 4092,in_progress,medium,2026-12-31,
Performance task 4093,Generated test row 4093,todo,medium,2026-12-31,
Performance task 4094,Generated test row 4094,todo,medium,2026-12-31,
Performance task 4095,Generated test row 4095,in_progress,medium,2026-12-31,
Performance task 4096,Generated test row 4096,todo,medium,2026-12-31,
Performance task 4097,Generated test row 4097,todo,medium,2026-12-31,
Performance task 4098,Generated test row 4098,in_progress,medium,2026-12-31,
Performance task 4099,Generated test row 4099,todo,medium,2026-12-31,
Performance task 4100,Generated test row 4100,invalid_status,high,2026-12-31,
Performance task 4101,Generated test row 4101,in_progress,medium,2026-12-31,
Performance task 4102,Generated test row 4102,todo,medium,2026-12-31,
Performance task 4103,Generated test row 4103,todo,medium,2026-12-31,
Performance task 4104,Generated test row 4104,in_progress,medium,2026-12-31,
Performance task 4105,Generated test row 4105,todo,medium,2026-12-31,
Performance task 4106,Generated test row 4106,todo,medium,2026-12-31,
Performance task 4107,Generated test row 4107,in_progress,medium,2026-12-31,
Performance task 4108,Generated test row 4108,todo,medium,2026-12-31,
Performance task 4109,Generated test row 4109,todo,medium,2026-12-31,
Performance task 4110,Generated test row 4110,in_progress,high,2026-12-31,
Performance task 4111,Generated test row 4111,todo,medium,2026-12-31,
Performance task 4112,Generated test row 4112,todo,medium,2026-12-31,
Performance task 4113,Generated test row 4113,in_progress,medium,2026-12-31,
Performance task 4114,Generated test row 4114,todo,medium,2026-12-31,
Performance task 4115,Generated test row 4115,todo,medium,2026-12-31,
Performance task 4116,Generated test row 4116,in_progress,medium,2026-12-31,
Performance task 4117,Generated test row 4117,todo,medium,2026-12-31,
Performance task 4118,Generated test row 4118,todo,medium,2026-12-31,
Performance task 4119,Generated test row 4119,in_progress,medium,2026-12-31,
Performance task 4120,Generated test row 4120,todo,high,2026-12-31,
Performance task 4121,Generated test row 4121,todo,medium,2026-12-31,
Performance task 4122,Generated test row 4122,in_progress,medium,2026-12-31,
Performance task 4123,Generated test row 4123,todo,medium,2026-12-31,
Performance task 4124,Generated test row 4124,todo,medium,2026-12-31,
Performance task 4125,Generated test row 4125,in_progress,medium,2026-12-31,
Performance task 4126,Generated test row 4126,todo,medium,2026-12-31,
Performance task 4127,Generated test row 4127,todo,medium,2026-12-31,
Performance task 4128,Generated test row 4128,in_progress,medium,2026-12-31,
Performance task 4129,Generated test row 4129,todo,medium,2026-12-31,
Performance task 4130,Generated test row 4130,todo,high,2026-12-31,
Performance task 4131,Generated test row 4131,in_progress,medium,2026-12-31,
Performance task 4132,Generated test row 4132,todo,medium,2026-12-31,
Performance task 4133,Generated test row 4133,todo,medium,2026-12-31,
Performance task 4134,Generated test row 4134,in_progress,medium,2026-12-31,
Performance task 4135,Generated test row 4135,todo,medium,2026-12-31,
Performance task 4136,Generated test row 4136,todo,medium,2026-12-31,
Performance task 4137,Generated test row 4137,in_progress,medium,2026-12-31,
Performance task 4138,Generated test row 4138,todo,medium,2026-12-31,
Performance task 4139,Generated test row 4139,todo,medium,2026-12-31,
Performance task 4140,Generated test row 4140,in_progress,high,2026-12-31,
Performance task 4141,Generated test row 4141,todo,medium,2026-12-31,
Performance task 4142,Generated test row 4142,todo,medium,2026-12-31,
Performance task 4143,Generated test row 4143,in_progress,medium,2026-12-31,
Performance task 4144,Generated test row 4144,todo,medium,2026-12-31,
Performance task 4145,Generated test row 4145,todo,medium,2026-12-31,
Performance task 4146,Generated test row 4146,in_progress,medium,2026-12-31,
Performance task 4147,Generated test row 4147,todo,medium,2026-12-31,
Performance task 4148,Generated test row 4148,todo,medium,2026-12-31,
Performance task 4149,Generated test row 4149,in_progress,medium,2026-12-31,
Performance task 4150,Generated test row 4150,todo,high,2026-12-31,
Performance task 4151,Generated test row 4151,todo,medium,2026-12-31,
Performance task 4152,Generated test row 4152,in_progress,medium,2026-12-31,
Performance task 4153,Generated test row 4153,todo,medium,2026-12-31,
Performance task 4154,Generated test row 4154,todo,medium,2026-12-31,
Performance task 4155,Generated test row 4155,in_progress,medium,2026-12-31,
Performance task 4156,Generated test row 4156,todo,medium,2026-12-31,
Performance task 4157,Generated test row 4157,todo,medium,2026-12-31,
Performance task 4158,Generated test row 4158,in_progress,medium,2026-12-31,
Performance task 4159,Generated test row 4159,todo,medium,2026-12-31,
Performance task 4160,Generated test row 4160,todo,high,2026-12-31,
Performance task 4161,Generated test row 4161,in_progress,medium,2026-12-31,
Performance task 4162,Generated test row 4162,todo,medium,2026-12-31,
Performance task 4163,Generated test row 4163,todo,medium,2026-12-31,
Performance task 4164,Generated test row 4164,in_progress,medium,2026-12-31,
Performance task 4165,Generated test row 4165,todo,medium,2026-12-31,
Performance task 4166,Generated test row 4166,todo,medium,2026-12-31,
Performance task 4167,Generated test row 4167,in_progress,medium,2026-12-31,
Performance task 4168,Generated test row 4168,todo,medium,2026-12-31,
Performance task 4169,Generated test row 4169,todo,medium,2026-12-31,
Performance task 4170,Generated test row 4170,in_progress,high,2026-12-31,
Performance task 4171,Generated test row 4171,todo,medium,2026-12-31,
Performance task 4172,Generated test row 4172,todo,medium,2026-12-31,
Performance task 4173,Generated test row 4173,in_progress,medium,2026-12-31,
Performance task 4174,Generated test row 4174,todo,medium,2026-12-31,
Performance task 4175,Generated test row 4175,todo,medium,2026-12-31,
Performance task 4176,Generated test row 4176,in_progress,medium,2026-12-31,
Performance task 4177,Generated test row 4177,todo,medium,2026-12-31,
Performance task 4178,Generated test row 4178,todo,medium,2026-12-31,
Performance task 4179,Generated test row 4179,in_progress,medium,2026-12-31,
Performance task 4180,Generated test row 4180,todo,high,2026-12-31,
Performance task 4181,Generated test row 4181,todo,medium,2026-12-31,
Performance task 4182,Generated test row 4182,in_progress,medium,2026-12-31,
Performance task 4183,Generated test row 4183,todo,medium,2026-12-31,
Performance task 4184,Generated test row 4184,todo,medium,2026-12-31,
Performance task 4185,Generated test row 4185,in_progress,medium,2026-12-31,
Performance task 4186,Generated test row 4186,todo,medium,2026-12-31,
Performance task 4187,Generated test row 4187,todo,medium,2026-12-31,
Performance task 4188,Generated test row 4188,in_progress,medium,2026-12-31,
Performance task 4189,Generated test row 4189,todo,medium,2026-12-31,
Performance task 4190,Generated test row 4190,todo,high,2026-12-31,
Performance task 4191,Generated test row 4191,in_progress,medium,2026-12-31,
Performance task 4192,Generated test row 4192,todo,medium,2026-12-31,
Performance task 4193,Generated test row 4193,todo,medium,2026-12-31,
Performance task 4194,Generated test row 4194,in_progress,medium,2026-12-31,
Performance task 4195,Generated test row 4195,todo,medium,2026-12-31,
Performance task 4196,Generated test row 4196,todo,medium,2026-12-31,
Performance task 4197,Generated test row 4197,in_progress,medium,2026-12-31,
Performance task 4198,Generated test row 4198,todo,medium,2026-12-31,
Performance task 4199,Generated test row 4199,todo,medium,2026-12-31,
Performance task 4200,Generated test row 4200,invalid_status,high,2026-12-31,
Performance task 4201,Generated test row 4201,todo,medium,2026-12-31,
Performance task 4202,Generated test row 4202,todo,medium,2026-12-31,
Performance task 4203,Generated test row 4203,in_progress,medium,2026-12-31,
Performance task 4204,Generated test row 4204,todo,medium,2026-12-31,
Performance task 4205,Generated test row 4205,todo,medium,2026-12-31,
Performance task 4206,Generated test row 4206,in_progress,medium,2026-12-31,
Performance task 4207,Generated test row 4207,todo,medium,2026-12-31,
Performance task 4208,Generated test row 4208,todo,medium,2026-12-31,
Performance task 4209,Generated test row 4209,in_progress,medium,2026-12-31,
Performance task 4210,Generated test row 4210,todo,high,2026-12-31,
Performance task 4211,Generated test row 4211,todo,medium,2026-12-31,
Performance task 4212,Generated test row 4212,in_progress,medium,2026-12-31,
Performance task 4213,Generated test row 4213,todo,medium,2026-12-31,
Performance task 4214,Generated test row 4214,todo,medium,2026-12-31,
Performance task 4215,Generated test row 4215,in_progress,medium,2026-12-31,
Performance task 4216,Generated test row 4216,todo,medium,2026-12-31,
Performance task 4217,Generated test row 4217,todo,medium,2026-12-31,
Performance task 4218,Generated test row 4218,in_progress,medium,2026-12-31,
Performance task 4219,Generated test row 4219,todo,medium,2026-12-31,
Performance task 4220,Generated test row 4220,todo,high,2026-12-31,
Performance task 4221,Generated test row 4221,in_progress,medium,2026-12-31,
Performance task 4222,Generated test row 4222,todo,medium,2026-12-31,
Performance task 4223,Generated test row 4223,todo,medium,2026-12-31,
Performance task 4224,Generated test row 4224,in_progress,medium,2026-12-31,
Performance task 4225,Generated test row 4225,todo,medium,2026-12-31,
Performance task 4226,Generated test row 4226,todo,medium,2026-12-31,
Performance task 4227,Generated test row 4227,in_progress,medium,2026-12-31,
Performance task 4228,Generated test row 4228,todo,medium,2026-12-31,
Performance task 4229,Generated test row 4229,todo,medium,2026-12-31,
Performance task 4230,Generated test row 4230,in_progress,high,2026-12-31,
Performance task 4231,Generated test row 4231,todo,medium,2026-12-31,
Performance task 4232,Generated test row 4232,todo,medium,2026-12-31,
Performance task 4233,Generated test row 4233,in_progress,medium,2026-12-31,
Performance task 4234,Generated test row 4234,todo,medium,2026-12-31,
Performance task 4235,Generated test row 4235,todo,medium,2026-12-31,
Performance task 4236,Generated test row 4236,in_progress,medium,2026-12-31,
Performance task 4237,Generated test row 4237,todo,medium,2026-12-31,
Performance task 4238,Generated test row 4238,todo,medium,2026-12-31,
Performance task 4239,Generated test row 4239,in_progress,medium,2026-12-31,
Performance task 4240,Generated test row 4240,todo,high,2026-12-31,
Performance task 4241,Generated test row 4241,todo,medium,2026-12-31,
Performance task 4242,Generated test row 4242,in_progress,medium,2026-12-31,
Performance task 4243,Generated test row 4243,todo,medium,2026-12-31,
Performance task 4244,Generated test row 4244,todo,medium,2026-12-31,
Performance task 4245,Generated test row 4245,in_progress,medium,2026-12-31,
Performance task 4246,Generated test row 4246,todo,medium,2026-12-31,
Performance task 4247,Generated test row 4247,todo,medium,2026-12-31,
Performance task 4248,Generated test row 4248,in_progress,medium,2026-12-31,
Performance task 4249,Generated test row 4249,todo,medium,2026-12-31,
Performance task 4250,Generated test row 4250,todo,high,2026-12-31,
Performance task 4251,Generated test row 4251,in_progress,medium,2026-12-31,
Performance task 4252,Generated test row 4252,todo,medium,2026-12-31,
Performance task 4253,Generated test row 4253,todo,medium,2026-12-31,
Performance task 4254,Generated test row 4254,in_progress,medium,2026-12-31,
Performance task 4255,Generated test row 4255,todo,medium,2026-12-31,
Performance task 4256,Generated test row 4256,todo,medium,2026-12-31,
Performance task 4257,Generated test row 4257,in_progress,medium,2026-12-31,
Performance task 4258,Generated test row 4258,todo,medium,2026-12-31,
Performance task 4259,Generated test row 4259,todo,medium,2026-12-31,
Performance task 4260,Generated test row 4260,in_progress,high,2026-12-31,
Performance task 4261,Generated test row 4261,todo,medium,2026-12-31,
Performance task 4262,Generated test row 4262,todo,medium,2026-12-31,
Performance task 4263,Generated test row 4263,in_progress,medium,2026-12-31,
Performance task 4264,Generated test row 4264,todo,medium,2026-12-31,
Performance task 4265,Generated test row 4265,todo,medium,2026-12-31,
Performance task 4266,Generated test row 4266,in_progress,medium,2026-12-31,
Performance task 4267,Generated test row 4267,todo,medium,2026-12-31,
Performance task 4268,Generated test row 4268,todo,medium,2026-12-31,
Performance task 4269,Generated test row 4269,in_progress,medium,2026-12-31,
Performance task 4270,Generated test row 4270,todo,high,2026-12-31,
Performance task 4271,Generated test row 4271,todo,medium,2026-12-31,
Performance task 4272,Generated test row 4272,in_progress,medium,2026-12-31,
Performance task 4273,Generated test row 4273,todo,medium,2026-12-31,
Performance task 4274,Generated test row 4274,todo,medium,2026-12-31,
Performance task 4275,Generated test row 4275,in_progress,medium,2026-12-31,
Performance task 4276,Generated test row 4276,todo,medium,2026-12-31,
Performance task 4277,Generated test row 4277,todo,medium,2026-12-31,
Performance task 4278,Generated test row 4278,in_progress,medium,2026-12-31,
Performance task 4279,Generated test row 4279,todo,medium,2026-12-31,
Performance task 4280,Generated test row 4280,todo,high,2026-12-31,
Performance task 4281,Generated test row 4281,in_progress,medium,2026-12-31,
Performance task 4282,Generated test row 4282,todo,medium,2026-12-31,
Performance task 4283,Generated test row 4283,todo,medium,2026-12-31,
Performance task 4284,Generated test row 4284,in_progress,medium,2026-12-31,
Performance task 4285,Generated test row 4285,todo,medium,2026-12-31,
Performance task 4286,Generated test row 4286,todo,medium,2026-12-31,
Performance task 4287,Generated test row 4287,in_progress,medium,2026-12-31,
Performance task 4288,Generated test row 4288,todo,medium,2026-12-31,
Performance task 4289,Generated test row 4289,todo,medium,2026-12-31,
Performance task 4290,Generated test row 4290,in_progress,high,2026-12-31,
Performance task 4291,Generated test row 4291,todo,medium,2026-12-31,
Performance task 4292,Generated test row 4292,todo,medium,2026-12-31,
Performance task 4293,Generated test row 4293,in_progress,medium,2026-12-31,
Performance task 4294,Generated test row 4294,todo,medium,2026-12-31,
Performance task 4295,Generated test row 4295,todo,medium,2026-12-31,
Performance task 4296,Generated test row 4296,in_progress,medium,2026-12-31,
Performance task 4297,Generated test row 4297,todo,medium,2026-12-31,
Performance task 4298,Generated test row 4298,todo,medium,2026-12-31,
Performance task 4299,Generated test row 4299,in_progress,medium,2026-12-31,
Performance task 4300,Generated test row 4300,invalid_status,high,2026-12-31,
Performance task 4301,Generated test row 4301,todo,medium,2026-12-31,
Performance task 4302,Generated test row 4302,in_progress,medium,2026-12-31,
Performance task 4303,Generated test row 4303,todo,medium,2026-12-31,
Performance task 4304,Generated test row 4304,todo,medium,2026-12-31,
Performance task 4305,Generated test row 4305,in_progress,medium,2026-12-31,
Performance task 4306,Generated test row 4306,todo,medium,2026-12-31,
Performance task 4307,Generated test row 4307,todo,medium,2026-12-31,
Performance task 4308,Generated test row 4308,in_progress,medium,2026-12-31,
Performance task 4309,Generated test row 4309,todo,medium,2026-12-31,
Performance task 4310,Generated test row 4310,todo,high,2026-12-31,
Performance task 4311,Generated test row 4311,in_progress,medium,2026-12-31,
Performance task 4312,Generated test row 4312,todo,medium,2026-12-31,
Performance task 4313,Generated test row 4313,todo,medium,2026-12-31,
Performance task 4314,Generated test row 4314,in_progress,medium,2026-12-31,
Performance task 4315,Generated test row 4315,todo,medium,2026-12-31,
Performance task 4316,Generated test row 4316,todo,medium,2026-12-31,
Performance task 4317,Generated test row 4317,in_progress,medium,2026-12-31,
Performance task 4318,Generated test row 4318,todo,medium,2026-12-31,
Performance task 4319,Generated test row 4319,todo,medium,2026-12-31,
Performance task 4320,Generated test row 4320,in_progress,high,2026-12-31,
Performance task 4321,Generated test row 4321,todo,medium,2026-12-31,
Performance task 4322,Generated test row 4322,todo,medium,2026-12-31,
Performance task 4323,Generated test row 4323,in_progress,medium,2026-12-31,
Performance task 4324,Generated test row 4324,todo,medium,2026-12-31,
Performance task 4325,Generated test row 4325,todo,medium,2026-12-31,
Performance task 4326,Generated test row 4326,in_progress,medium,2026-12-31,
Performance task 4327,Generated test row 4327,todo,medium,2026-12-31,
Performance task 4328,Generated test row 4328,todo,medium,2026-12-31,
Performance task 4329,Generated test row 4329,in_progress,medium,2026-12-31,
Performance task 4330,Generated test row 4330,todo,high,2026-12-31,
Performance task 4331,Generated test row 4331,todo,medium,2026-12-31,
Performance task 4332,Generated test row 4332,in_progress,medium,2026-12-31,
Performance task 4333,Generated test row 4333,todo,medium,2026-12-31,
Performance task 4334,Generated test row 4334,todo,medium,2026-12-31,
Performance task 4335,Generated test row 4335,in_progress,medium,2026-12-31,
Performance task 4336,Generated test row 4336,todo,medium,2026-12-31,
Performance task 4337,Generated test row 4337,todo,medium,2026-12-31,
Performance task 4338,Generated test row 4338,in_progress,medium,2026-12-31,
Performance task 4339,Generated test row 4339,todo,medium,2026-12-31,
Performance task 4340,Generated test row 4340,todo,high,2026-12-31,
Performance task 4341,Generated test row 4341,in_progress,medium,2026-12-31,
Performance task 4342,Generated test row 4342,todo,medium,2026-12-31,
Performance task 4343,Generated test row 4343,todo,medium,2026-12-31,
Performance task 4344,Generated test row 4344,in_progress,medium,2026-12-31,
Performance task 4345,Generated test row 4345,todo,medium,2026-12-31,
Performance task 4346,Generated test row 4346,todo,medium,2026-12-31,
Performance task 4347,Generated test row 4347,in_progress,medium,2026-12-31,
Performance task 4348,Generated test row 4348,todo,medium,2026-12-31,
Performance task 4349,Generated test row 4349,todo,medium,2026-12-31,
Performance task 4350,Generated test row 4350,in_progress,high,2026-12-31,
Performance task 4351,Generated test row 4351,todo,medium,2026-12-31,
Performance task 4352,Generated test row 4352,todo,medium,2026-12-31,
Performance task 4353,Generated test row 4353,in_progress,medium,2026-12-31,
Performance task 4354,Generated test row 4354,todo,medium,2026-12-31,
Performance task 4355,Generated test row 4355,todo,medium,2026-12-31,
Performance task 4356,Generated test row 4356,in_progress,medium,2026-12-31,
Performance task 4357,Generated test row 4357,todo,medium,2026-12-31,
Performance task 4358,Generated test row 4358,todo,medium,2026-12-31,
Performance task 4359,Generated test row 4359,in_progress,medium,2026-12-31,
Performance task 4360,Generated test row 4360,todo,high,2026-12-31,
Performance task 4361,Generated test row 4361,todo,medium,2026-12-31,
Performance task 4362,Generated test row 4362,in_progress,medium,2026-12-31,
Performance task 4363,Generated test row 4363,todo,medium,2026-12-31,
Performance task 4364,Generated test row 4364,todo,medium,2026-12-31,
Performance task 4365,Generated test row 4365,in_progress,medium,2026-12-31,
Performance task 4366,Generated test row 4366,todo,medium,2026-12-31,
Performance task 4367,Generated test row 4367,todo,medium,2026-12-31,
Performance task 4368,Generated test row 4368,in_progress,medium,2026-12-31,
Performance task 4369,Generated test row 4369,todo,medium,2026-12-31,
Performance task 4370,Generated test row 4370,todo,high,2026-12-31,
Performance task 4371,Generated test row 4371,in_progress,medium,2026-12-31,
Performance task 4372,Generated test row 4372,todo,medium,2026-12-31,
Performance task 4373,Generated test row 4373,todo,medium,2026-12-31,
Performance task 4374,Generated test row 4374,in_progress,medium,2026-12-31,
Performance task 4375,Generated test row 4375,todo,medium,2026-12-31,
Performance task 4376,Generated test row 4376,todo,medium,2026-12-31,
Performance task 4377,Generated test row 4377,in_progress,medium,2026-12-31,
Performance task 4378,Generated test row 4378,todo,medium,2026-12-31,
Performance task 4379,Generated test row 4379,todo,medium,2026-12-31,
Performance task 4380,Generated test row 4380,in_progress,high,2026-12-31,
Performance task 4381,Generated test row 4381,todo,medium,2026-12-31,
Performance task 4382,Generated test row 4382,todo,medium,2026-12-31,
Performance task 4383,Generated test row 4383,in_progress,medium,2026-12-31,
Performance task 4384,Generated test row 4384,todo,medium,2026-12-31,
Performance task 4385,Generated test row 4385,todo,medium,2026-12-31,
Performance task 4386,Generated test row 4386,in_progress,medium,2026-12-31,
Performance task 4387,Generated test row 4387,todo,medium,2026-12-31,
Performance task 4388,Generated test row 4388,todo,medium,2026-12-31,
Performance task 4389,Generated test row 4389,in_progress,medium,2026-12-31,
Performance task 4390,Generated test row 4390,todo,high,2026-12-31,
Performance task 4391,Generated test row 4391,todo,medium,2026-12-31,
Performance task 4392,Generated test row 4392,in_progress,medium,2026-12-31,
Performance task 4393,Generated test row 4393,todo,medium,2026-12-31,
Performance task 4394,Generated test row 4394,todo,medium,2026-12-31,
Performance task 4395,Generated test row 4395,in_progress,medium,2026-12-31,
Performance task 4396,Generated test row 4396,todo,medium,2026-12-31,
Performance task 4397,Generated test row 4397,todo,medium,2026-12-31,
Performance task 4398,Generated test row 4398,in_progress,medium,2026-12-31,
Performance task 4399,Generated test row 4399,todo,medium,2026-12-31,
Performance task 4400,Generated test row 4400,invalid_status,high,2026-12-31,
Performance task 4401,Generated test row 4401,in_progress,medium,2026-12-31,
Performance task 4402,Generated test row 4402,todo,medium,2026-12-31,
Performance task 4403,Generated test row 4403,todo,medium,2026-12-31,
Performance task 4404,Generated test row 4404,in_progress,medium,2026-12-31,
Performance task 4405,Generated test row 4405,todo,medium,2026-12-31,
Performance task 4406,Generated test row 4406,todo,medium,2026-12-31,
Performance task 4407,Generated test row 4407,in_progress,medium,2026-12-31,
Performance task 4408,Generated test row 4408,todo,medium,2026-12-31,
Performance task 4409,Generated test row 4409,todo,medium,2026-12-31,
Performance task 4410,Generated test row 4410,in_progress,high,2026-12-31,
Performance task 4411,Generated test row 4411,todo,medium,2026-12-31,
Performance task 4412,Generated test row 4412,todo,medium,2026-12-31,
Performance task 4413,Generated test row 4413,in_progress,medium,2026-12-31,
Performance task 4414,Generated test row 4414,todo,medium,2026-12-31,
Performance task 4415,Generated test row 4415,todo,medium,2026-12-31,
Performance task 4416,Generated test row 4416,in_progress,medium,2026-12-31,
Performance task 4417,Generated test row 4417,todo,medium,2026-12-31,
Performance task 4418,Generated test row 4418,todo,medium,2026-12-31,
Performance task 4419,Generated test row 4419,in_progress,medium,2026-12-31,
Performance task 4420,Generated test row 4420,todo,high,2026-12-31,
Performance task 4421,Generated test row 4421,todo,medium,2026-12-31,
Performance task 4422,Generated test row 4422,in_progress,medium,2026-12-31,
Performance task 4423,Generated test row 4423,todo,medium,2026-12-31,
Performance task 4424,Generated test row 4424,todo,medium,2026-12-31,
Performance task 4425,Generated test row 4425,in_progress,medium,2026-12-31,
Performance task 4426,Generated test row 4426,todo,medium,2026-12-31,
Performance task 4427,Generated test row 4427,todo,medium,2026-12-31,
Performance task 4428,Generated test row 4428,in_progress,medium,2026-12-31,
Performance task 4429,Generated test row 4429,todo,medium,2026-12-31,
Performance task 4430,Generated test row 4430,todo,high,2026-12-31,
Performance task 4431,Generated test row 4431,in_progress,medium,2026-12-31,
Performance task 4432,Generated test row 4432,todo,medium,2026-12-31,
Performance task 4433,Generated test row 4433,todo,medium,2026-12-31,
Performance task 4434,Generated test row 4434,in_progress,medium,2026-12-31,
Performance task 4435,Generated test row 4435,todo,medium,2026-12-31,
Performance task 4436,Generated test row 4436,todo,medium,2026-12-31,
Performance task 4437,Generated test row 4437,in_progress,medium,2026-12-31,
Performance task 4438,Generated test row 4438,todo,medium,2026-12-31,
Performance task 4439,Generated test row 4439,todo,medium,2026-12-31,
Performance task 4440,Generated test row 4440,in_progress,high,2026-12-31,
Performance task 4441,Generated test row 4441,todo,medium,2026-12-31,
Performance task 4442,Generated test row 4442,todo,medium,2026-12-31,
Performance task 4443,Generated test row 4443,in_progress,medium,2026-12-31,
Performance task 4444,Generated test row 4444,todo,medium,2026-12-31,
Performance task 4445,Generated test row 4445,todo,medium,2026-12-31,
Performance task 4446,Generated test row 4446,in_progress,medium,2026-12-31,
Performance task 4447,Generated test row 4447,todo,medium,2026-12-31,
Performance task 4448,Generated test row 4448,todo,medium,2026-12-31,
Performance task 4449,Generated test row 4449,in_progress,medium,2026-12-31,
Performance task 4450,Generated test row 4450,todo,high,2026-12-31,
Performance task 4451,Generated test row 4451,todo,medium,2026-12-31,
Performance task 4452,Generated test row 4452,in_progress,medium,2026-12-31,
Performance task 4453,Generated test row 4453,todo,medium,2026-12-31,
Performance task 4454,Generated test row 4454,todo,medium,2026-12-31,
Performance task 4455,Generated test row 4455,in_progress,medium,2026-12-31,
Performance task 4456,Generated test row 4456,todo,medium,2026-12-31,
Performance task 4457,Generated test row 4457,todo,medium,2026-12-31,
Performance task 4458,Generated test row 4458,in_progress,medium,2026-12-31,
Performance task 4459,Generated test row 4459,todo,medium,2026-12-31,
Performance task 4460,Generated test row 4460,todo,high,2026-12-31,
Performance task 4461,Generated test row 4461,in_progress,medium,2026-12-31,
Performance task 4462,Generated test row 4462,todo,medium,2026-12-31,
Performance task 4463,Generated test row 4463,todo,medium,2026-12-31,
Performance task 4464,Generated test row 4464,in_progress,medium,2026-12-31,
Performance task 4465,Generated test row 4465,todo,medium,2026-12-31,
Performance task 4466,Generated test row 4466,todo,medium,2026-12-31,
Performance task 4467,Generated test row 4467,in_progress,medium,2026-12-31,
Performance task 4468,Generated test row 4468,todo,medium,2026-12-31,
Performance task 4469,Generated test row 4469,todo,medium,2026-12-31,
Performance task 4470,Generated test row 4470,in_progress,high,2026-12-31,
Performance task 4471,Generated test row 4471,todo,medium,2026-12-31,
Performance task 4472,Generated test row 4472,todo,medium,2026-12-31,
Performance task 4473,Generated test row 4473,in_progress,medium,2026-12-31,
Performance task 4474,Generated test row 4474,todo,medium,2026-12-31,
Performance task 4475,Generated test row 4475,todo,medium,2026-12-31,
Performance task 4476,Generated test row 4476,in_progress,medium,2026-12-31,
Performance task 4477,Generated test row 4477,todo,medium,2026-12-31,
Performance task 4478,Generated test row 4478,todo,medium,2026-12-31,
Performance task 4479,Generated test row 4479,in_progress,medium,2026-12-31,
Performance task 4480,Generated test row 4480,todo,high,2026-12-31,
Performance task 4481,Generated test row 4481,todo,medium,2026-12-31,
Performance task 4482,Generated test row 4482,in_progress,medium,2026-12-31,
Performance task 4483,Generated test row 4483,todo,medium,2026-12-31,
Performance task 4484,Generated test row 4484,todo,medium,2026-12-31,
Performance task 4485,Generated test row 4485,in_progress,medium,2026-12-31,
Performance task 4486,Generated test row 4486,todo,medium,2026-12-31,
Performance task 4487,Generated test row 4487,todo,medium,2026-12-31,
Performance task 4488,Generated test row 4488,in_progress,medium,2026-12-31,
Performance task 4489,Generated test row 4489,todo,medium,2026-12-31,
Performance task 4490,Generated test row 4490,todo,high,2026-12-31,
Performance task 4491,Generated test row 4491,in_progress,medium,2026-12-31,
Performance task 4492,Generated test row 4492,todo,medium,2026-12-31,
Performance task 4493,Generated test row 4493,todo,medium,2026-12-31,
Performance task 4494,Generated test row 4494,in_progress,medium,2026-12-31,
Performance task 4495,Generated test row 4495,todo,medium,2026-12-31,
Performance task 4496,Generated test row 4496,todo,medium,2026-12-31,
Performance task 4497,Generated test row 4497,in_progress,medium,2026-12-31,
Performance task 4498,Generated test row 4498,todo,medium,2026-12-31,
Performance task 4499,Generated test row 4499,todo,medium,2026-12-31,
Performance task 4500,Generated test row 4500,invalid_status,high,2026-12-31,
Performance task 4501,Generated test row 4501,todo,medium,2026-12-31,
Performance task 4502,Generated test row 4502,todo,medium,2026-12-31,
Performance task 4503,Generated test row 4503,in_progress,medium,2026-12-31,
Performance task 4504,Generated test row 4504,todo,medium,2026-12-31,
Performance task 4505,Generated test row 4505,todo,medium,2026-12-31,
Performance task 4506,Generated test row 4506,in_progress,medium,2026-12-31,
Performance task 4507,Generated test row 4507,todo,medium,2026-12-31,
Performance task 4508,Generated test row 4508,todo,medium,2026-12-31,
Performance task 4509,Generated test row 4509,in_progress,medium,2026-12-31,
Performance task 4510,Generated test row 4510,todo,high,2026-12-31,
Performance task 4511,Generated test row 4511,todo,medium,2026-12-31,
Performance task 4512,Generated test row 4512,in_progress,medium,2026-12-31,
Performance task 4513,Generated test row 4513,todo,medium,2026-12-31,
Performance task 4514,Generated test row 4514,todo,medium,2026-12-31,
Performance task 4515,Generated test row 4515,in_progress,medium,2026-12-31,
Performance task 4516,Generated test row 4516,todo,medium,2026-12-31,
Performance task 4517,Generated test row 4517,todo,medium,2026-12-31,
Performance task 4518,Generated test row 4518,in_progress,medium,2026-12-31,
Performance task 4519,Generated test row 4519,todo,medium,2026-12-31,
Performance task 4520,Generated test row 4520,todo,high,2026-12-31,
Performance task 4521,Generated test row 4521,in_progress,medium,2026-12-31,
Performance task 4522,Generated test row 4522,todo,medium,2026-12-31,
Performance task 4523,Generated test row 4523,todo,medium,2026-12-31,
Performance task 4524,Generated test row 4524,in_progress,medium,2026-12-31,
Performance task 4525,Generated test row 4525,todo,medium,2026-12-31,
Performance task 4526,Generated test row 4526,todo,medium,2026-12-31,
Performance task 4527,Generated test row 4527,in_progress,medium,2026-12-31,
Performance task 4528,Generated test row 4528,todo,medium,2026-12-31,
Performance task 4529,Generated test row 4529,todo,medium,2026-12-31,
Performance task 4530,Generated test row 4530,in_progress,high,2026-12-31,
Performance task 4531,Generated test row 4531,todo,medium,2026-12-31,
Performance task 4532,Generated test row 4532,todo,medium,2026-12-31,
Performance task 4533,Generated test row 4533,in_progress,medium,2026-12-31,
Performance task 4534,Generated test row 4534,todo,medium,2026-12-31,
Performance task 4535,Generated test row 4535,todo,medium,2026-12-31,
Performance task 4536,Generated test row 4536,in_progress,medium,2026-12-31,
Performance task 4537,Generated test row 4537,todo,medium,2026-12-31,
Performance task 4538,Generated test row 4538,todo,medium,2026-12-31,
Performance task 4539,Generated test row 4539,in_progress,medium,2026-12-31,
Performance task 4540,Generated test row 4540,todo,high,2026-12-31,
Performance task 4541,Generated test row 4541,todo,medium,2026-12-31,
Performance task 4542,Generated test row 4542,in_progress,medium,2026-12-31,
Performance task 4543,Generated test row 4543,todo,medium,2026-12-31,
Performance task 4544,Generated test row 4544,todo,medium,2026-12-31,
Performance task 4545,Generated test row 4545,in_progress,medium,2026-12-31,
Performance task 4546,Generated test row 4546,todo,medium,2026-12-31,
Performance task 4547,Generated test row 4547,todo,medium,2026-12-31,
Performance task 4548,Generated test row 4548,in_progress,medium,2026-12-31,
Performance task 4549,Generated test row 4549,todo,medium,2026-12-31,
Performance task 4550,Generated test row 4550,todo,high,2026-12-31,
Performance task 4551,Generated test row 4551,in_progress,medium,2026-12-31,
Performance task 4552,Generated test row 4552,todo,medium,2026-12-31,
Performance task 4553,Generated test row 4553,todo,medium,2026-12-31,
Performance task 4554,Generated test row 4554,in_progress,medium,2026-12-31,
Performance task 4555,Generated test row 4555,todo,medium,2026-12-31,
Performance task 4556,Generated test row 4556,todo,medium,2026-12-31,
Performance task 4557,Generated test row 4557,in_progress,medium,2026-12-31,
Performance task 4558,Generated test row 4558,todo,medium,2026-12-31,
Performance task 4559,Generated test row 4559,todo,medium,2026-12-31,
Performance task 4560,Generated test row 4560,in_progress,high,2026-12-31,
Performance task 4561,Generated test row 4561,todo,medium,2026-12-31,
Performance task 4562,Generated test row 4562,todo,medium,2026-12-31,
Performance task 4563,Generated test row 4563,in_progress,medium,2026-12-31,
Performance task 4564,Generated test row 4564,todo,medium,2026-12-31,
Performance task 4565,Generated test row 4565,todo,medium,2026-12-31,
Performance task 4566,Generated test row 4566,in_progress,medium,2026-12-31,
Performance task 4567,Generated test row 4567,todo,medium,2026-12-31,
Performance task 4568,Generated test row 4568,todo,medium,2026-12-31,
Performance task 4569,Generated test row 4569,in_progress,medium,2026-12-31,
Performance task 4570,Generated test row 4570,todo,high,2026-12-31,
Performance task 4571,Generated test row 4571,todo,medium,2026-12-31,
Performance task 4572,Generated test row 4572,in_progress,medium,2026-12-31,
Performance task 4573,Generated test row 4573,todo,medium,2026-12-31,
Performance task 4574,Generated test row 4574,todo,medium,2026-12-31,
Performance task 4575,Generated test row 4575,in_progress,medium,2026-12-31,
Performance task 4576,Generated test row 4576,todo,medium,2026-12-31,
Performance task 4577,Generated test row 4577,todo,medium,2026-12-31,
Performance task 4578,Generated test row 4578,in_progress,medium,2026-12-31,
Performance task 4579,Generated test row 4579,todo,medium,2026-12-31,
Performance task 4580,Generated test row 4580,todo,high,2026-12-31,
Performance task 4581,Generated test row 4581,in_progress,medium,2026-12-31,
Performance task 4582,Generated test row 4582,todo,medium,2026-12-31,
Performance task 4583,Generated test row 4583,todo,medium,2026-12-31,
Performance task 4584,Generated test row 4584,in_progress,medium,2026-12-31,
Performance task 4585,Generated test row 4585,todo,medium,2026-12-31,
Performance task 4586,Generated test row 4586,todo,medium,2026-12-31,
Performance task 4587,Generated test row 4587,in_progress,medium,2026-12-31,
Performance task 4588,Generated test row 4588,todo,medium,2026-12-31,
Performance task 4589,Generated test row 4589,todo,medium,2026-12-31,
Performance task 4590,Generated test row 4590,in_progress,high,2026-12-31,
Performance task 4591,Generated test row 4591,todo,medium,2026-12-31,
Performance task 4592,Generated test row 4592,todo,medium,2026-12-31,
Performance task 4593,Generated test row 4593,in_progress,medium,2026-12-31,
Performance task 4594,Generated test row 4594,todo,medium,2026-12-31,
Performance task 4595,Generated test row 4595,todo,medium,2026-12-31,
Performance task 4596,Generated test row 4596,in_progress,medium,2026-12-31,
Performance task 4597,Generated test row 4597,todo,medium,2026-12-31,
Performance task 4598,Generated test row 4598,todo,medium,2026-12-31,
Performance task 4599,Generated test row 4599,in_progress,medium,2026-12-31,
Performance task 4600,Generated test row 4600,invalid_status,high,2026-12-31,
Performance task 4601,Generated test row 4601,todo,medium,2026-12-31,
Performance task 4602,Generated test row 4602,in_progress,medium,2026-12-31,
Performance task 4603,Generated test row 4603,todo,medium,2026-12-31,
Performance task 4604,Generated test row 4604,todo,medium,2026-12-31,
Performance task 4605,Generated test row 4605,in_progress,medium,2026-12-31,
Performance task 4606,Generated test row 4606,todo,medium,2026-12-31,
Performance task 4607,Generated test row 4607,todo,medium,2026-12-31,
Performance task 4608,Generated test row 4608,in_progress,medium,2026-12-31,
Performance task 4609,Generated test row 4609,todo,medium,2026-12-31,
Performance task 4610,Generated test row 4610,todo,high,2026-12-31,
Performance task 4611,Generated test row 4611,in_progress,medium,2026-12-31,
Performance task 4612,Generated test row 4612,todo,medium,2026-12-31,
Performance task 4613,Generated test row 4613,todo,medium,2026-12-31,
Performance task 4614,Generated test row 4614,in_progress,medium,2026-12-31,
Performance task 4615,Generated test row 4615,todo,medium,2026-12-31,
Performance task 4616,Generated test row 4616,todo,medium,2026-12-31,
Performance task 4617,Generated test row 4617,in_progress,medium,2026-12-31,
Performance task 4618,Generated test row 4618,todo,medium,2026-12-31,
Performance task 4619,Generated test row 4619,todo,medium,2026-12-31,
Performance task 4620,Generated test row 4620,in_progress,high,2026-12-31,
Performance task 4621,Generated test row 4621,todo,medium,2026-12-31,
Performance task 4622,Generated test row 4622,todo,medium,2026-12-31,
Performance task 4623,Generated test row 4623,in_progress,medium,2026-12-31,
Performance task 4624,Generated test row 4624,todo,medium,2026-12-31,
Performance task 4625,Generated test row 4625,todo,medium,2026-12-31,
Performance task 4626,Generated test row 4626,in_progress,medium,2026-12-31,
Performance task 4627,Generated test row 4627,todo,medium,2026-12-31,
Performance task 4628,Generated test row 4628,todo,medium,2026-12-31,
Performance task 4629,Generated test row 4629,in_progress,medium,2026-12-31,
Performance task 4630,Generated test row 4630,todo,high,2026-12-31,
Performance task 4631,Generated test row 4631,todo,medium,2026-12-31,
Performance task 4632,Generated test row 4632,in_progress,medium,2026-12-31,
Performance task 4633,Generated test row 4633,todo,medium,2026-12-31,
Performance task 4634,Generated test row 4634,todo,medium,2026-12-31,
Performance task 4635,Generated test row 4635,in_progress,medium,2026-12-31,
Performance task 4636,Generated test row 4636,todo,medium,2026-12-31,
Performance task 4637,Generated test row 4637,todo,medium,2026-12-31,
Performance task 4638,Generated test row 4638,in_progress,medium,2026-12-31,
Performance task 4639,Generated test row 4639,todo,medium,2026-12-31,
Performance task 4640,Generated test row 4640,todo,high,2026-12-31,
Performance task 4641,Generated test row 4641,in_progress,medium,2026-12-31,
Performance task 4642,Generated test row 4642,todo,medium,2026-12-31,
Performance task 4643,Generated test row 4643,todo,medium,2026-12-31,
Performance task 4644,Generated test row 4644,in_progress,medium,2026-12-31,
Performance task 4645,Generated test row 4645,todo,medium,2026-12-31,
Performance task 4646,Generated test row 4646,todo,medium,2026-12-31,
Performance task 4647,Generated test row 4647,in_progress,medium,2026-12-31,
Performance task 4648,Generated test row 4648,todo,medium,2026-12-31,
Performance task 4649,Generated test row 4649,todo,medium,2026-12-31,
Performance task 4650,Generated test row 4650,in_progress,high,2026-12-31,
Performance task 4651,Generated test row 4651,todo,medium,2026-12-31,
Performance task 4652,Generated test row 4652,todo,medium,2026-12-31,
Performance task 4653,Generated test row 4653,in_progress,medium,2026-12-31,
Performance task 4654,Generated test row 4654,todo,medium,2026-12-31,
Performance task 4655,Generated test row 4655,todo,medium,2026-12-31,
Performance task 4656,Generated test row 4656,in_progress,medium,2026-12-31,
Performance task 4657,Generated test row 4657,todo,medium,2026-12-31,
Performance task 4658,Generated test row 4658,todo,medium,2026-12-31,
Performance task 4659,Generated test row 4659,in_progress,medium,2026-12-31,
Performance task 4660,Generated test row 4660,todo,high,2026-12-31,
Performance task 4661,Generated test row 4661,todo,medium,2026-12-31,
Performance task 4662,Generated test row 4662,in_progress,medium,2026-12-31,
Performance task 4663,Generated test row 4663,todo,medium,2026-12-31,
Performance task 4664,Generated test row 4664,todo,medium,2026-12-31,
Performance task 4665,Generated test row 4665,in_progress,medium,2026-12-31,
Performance task 4666,Generated test row 4666,todo,medium,2026-12-31,
Performance task 4667,Generated test row 4667,todo,medium,2026-12-31,
Performance task 4668,Generated test row 4668,in_progress,medium,2026-12-31,
Performance task 4669,Generated test row 4669,todo,medium,2026-12-31,
Performance task 4670,Generated test row 4670,todo,high,2026-12-31,
Performance task 4671,Generated test row 4671,in_progress,medium,2026-12-31,
Performance task 4672,Generated test row 4672,todo,medium,2026-12-31,
Performance task 4673,Generated test row 4673,todo,medium,2026-12-31,
Performance task 4674,Generated test row 4674,in_progress,medium,2026-12-31,
Performance task 4675,Generated test row 4675,todo,medium,2026-12-31,
Performance task 4676,Generated test row 4676,todo,medium,2026-12-31,
Performance task 4677,Generated test row 4677,in_progress,medium,2026-12-31,
Performance task 4678,Generated test row 4678,todo,medium,2026-12-31,
Performance task 4679,Generated test row 4679,todo,medium,2026-12-31,
Performance task 4680,Generated test row 4680,in_progress,high,2026-12-31,
Performance task 4681,Generated test row 4681,todo,medium,2026-12-31,
Performance task 4682,Generated test row 4682,todo,medium,2026-12-31,
Performance task 4683,Generated test row 4683,in_progress,medium,2026-12-31,
Performance task 4684,Generated test row 4684,todo,medium,2026-12-31,
Performance task 4685,Generated test row 4685,todo,medium,2026-12-31,
Performance task 4686,Generated test row 4686,in_progress,medium,2026-12-31,
Performance task 4687,Generated test row 4687,todo,medium,2026-12-31,
Performance task 4688,Generated test row 4688,todo,medium,2026-12-31,
Performance task 4689,Generated test row 4689,in_progress,medium,2026-12-31,
Performance task 4690,Generated test row 4690,todo,high,2026-12-31,
Performance task 4691,Generated test row 4691,todo,medium,2026-12-31,
Performance task 4692,Generated test row 4692,in_progress,medium,2026-12-31,
Performance task 4693,Generated test row 4693,todo,medium,2026-12-31,
Performance task 4694,Generated test row 4694,todo,medium,2026-12-31,
Performance task 4695,Generated test row 4695,in_progress,medium,2026-12-31,
Performance task 4696,Generated test row 4696,todo,medium,2026-12-31,
Performance task 4697,Generated test row 4697,todo,medium,2026-12-31,
Performance task 4698,Generated test row 4698,in_progress,medium,2026-12-31,
Performance task 4699,Generated test row 4699,todo,medium,2026-12-31,
Performance task 4700,Generated test row 4700,invalid_status,high,2026-12-31,
Performance task 4701,Generated test row 4701,in_progress,medium,2026-12-31,
Performance task 4702,Generated test row 4702,todo,medium,2026-12-31,
Performance task 4703,Generated test row 4703,todo,medium,2026-12-31,
Performance task 4704,Generated test row 4704,in_progress,medium,2026-12-31,
Performance task 4705,Generated test row 4705,todo,medium,2026-12-31,
Performance task 4706,Generated test row 4706,todo,medium,2026-12-31,
Performance task 4707,Generated test row 4707,in_progress,medium,2026-12-31,
Performance task 4708,Generated test row 4708,todo,medium,2026-12-31,
Performance task 4709,Generated test row 4709,todo,medium,2026-12-31,
Performance task 4710,Generated test row 4710,in_progress,high,2026-12-31,
Performance task 4711,Generated test row 4711,todo,medium,2026-12-31,
Performance task 4712,Generated test row 4712,todo,medium,2026-12-31,
Performance task 4713,Generated test row 4713,in_progress,medium,2026-12-31,
Performance task 4714,Generated test row 4714,todo,medium,2026-12-31,
Performance task 4715,Generated test row 4715,todo,medium,2026-12-31,
Performance task 4716,Generated test row 4716,in_progress,medium,2026-12-31,
Performance task 4717,Generated test row 4717,todo,medium,2026-12-31,
Performance task 4718,Generated test row 4718,todo,medium,2026-12-31,
Performance task 4719,Generated test row 4719,in_progress,medium,2026-12-31,
Performance task 4720,Generated test row 4720,todo,high,2026-12-31,
Performance task 4721,Generated test row 4721,todo,medium,2026-12-31,
Performance task 4722,Generated test row 4722,in_progress,medium,2026-12-31,
Performance task 4723,Generated test row 4723,todo,medium,2026-12-31,
Performance task 4724,Generated test row 4724,todo,medium,2026-12-31,
Performance task 4725,Generated test row 4725,in_progress,medium,2026-12-31,
Performance task 4726,Generated test row 4726,todo,medium,2026-12-31,
Performance task 4727,Generated test row 4727,todo,medium,2026-12-31,
Performance task 4728,Generated test row 4728,in_progress,medium,2026-12-31,
Performance task 4729,Generated test row 4729,todo,medium,2026-12-31,
Performance task 4730,Generated test row 4730,todo,high,2026-12-31,
Performance task 4731,Generated test row 4731,in_progress,medium,2026-12-31,
Performance task 4732,Generated test row 4732,todo,medium,2026-12-31,
Performance task 4733,Generated test row 4733,todo,medium,2026-12-31,
Performance task 4734,Generated test row 4734,in_progress,medium,2026-12-31,
Performance task 4735,Generated test row 4735,todo,medium,2026-12-31,
Performance task 4736,Generated test row 4736,todo,medium,2026-12-31,
Performance task 4737,Generated test row 4737,in_progress,medium,2026-12-31,
Performance task 4738,Generated test row 4738,todo,medium,2026-12-31,
Performance task 4739,Generated test row 4739,todo,medium,2026-12-31,
Performance task 4740,Generated test row 4740,in_progress,high,2026-12-31,
Performance task 4741,Generated test row 4741,todo,medium,2026-12-31,
Performance task 4742,Generated test row 4742,todo,medium,2026-12-31,
Performance task 4743,Generated test row 4743,in_progress,medium,2026-12-31,
Performance task 4744,Generated test row 4744,todo,medium,2026-12-31,
Performance task 4745,Generated test row 4745,todo,medium,2026-12-31,
Performance task 4746,Generated test row 4746,in_progress,medium,2026-12-31,
Performance task 4747,Generated test row 4747,todo,medium,2026-12-31,
Performance task 4748,Generated test row 4748,todo,medium,2026-12-31,
Performance task 4749,Generated test row 4749,in_progress,medium,2026-12-31,
Performance task 4750,Generated test row 4750,todo,high,2026-12-31,
Performance task 4751,Generated test row 4751,todo,medium,2026-12-31,
Performance task 4752,Generated test row 4752,in_progress,medium,2026-12-31,
Performance task 4753,Generated test row 4753,todo,medium,2026-12-31,
Performance task 4754,Generated test row 4754,todo,medium,2026-12-31,
Performance task 4755,Generated test row 4755,in_progress,medium,2026-12-31,
Performance task 4756,Generated test row 4756,todo,medium,2026-12-31,
Performance task 4757,Generated test row 4757,todo,medium,2026-12-31,
Performance task 4758,Generated test row 4758,in_progress,medium,2026-12-31,
Performance task 4759,Generated test row 4759,todo,medium,2026-12-31,
Performance task 4760,Generated test row 4760,todo,high,2026-12-31,
Performance task 4761,Generated test row 4761,in_progress,medium,2026-12-31,
Performance task 4762,Generated test row 4762,todo,medium,2026-12-31,
Performance task 4763,Generated test row 4763,todo,medium,2026-12-31,
Performance task 4764,Generated test row 4764,in_progress,medium,2026-12-31,
Performance task 4765,Generated test row 4765,todo,medium,2026-12-31,
Performance task 4766,Generated test row 4766,todo,medium,2026-12-31,
Performance task 4767,Generated test row 4767,in_progress,medium,2026-12-31,
Performance task 4768,Generated test row 4768,todo,medium,2026-12-31,
Performance task 4769,Generated test row 4769,todo,medium,2026-12-31,
Performance task 4770,Generated test row 4770,in_progress,high,2026-12-31,
Performance task 4771,Generated test row 4771,todo,medium,2026-12-31,
Performance task 4772,Generated test row 4772,todo,medium,2026-12-31,
Performance task 4773,Generated test row 4773,in_progress,medium,2026-12-31,
Performance task 4774,Generated test row 4774,todo,medium,2026-12-31,
Performance task 4775,Generated test row 4775,todo,medium,2026-12-31,
Performance task 4776,Generated test row 4776,in_progress,medium,2026-12-31,
Performance task 4777,Generated test row 4777,todo,medium,2026-12-31,
Performance task 4778,Generated test row 4778,todo,medium,2026-12-31,
Performance task 4779,Generated test row 4779,in_progress,medium,2026-12-31,
Performance task 4780,Generated test row 4780,todo,high,2026-12-31,
Performance task 4781,Generated test row 4781,todo,medium,2026-12-31,
Performance task 4782,Generated test row 4782,in_progress,medium,2026-12-31,
Performance task 4783,Generated test row 4783,todo,medium,2026-12-31,
Performance task 4784,Generated test row 4784,todo,medium,2026-12-31,
Performance task 4785,Generated test row 4785,in_progress,medium,2026-12-31,
Performance task 4786,Generated test row 4786,todo,medium,2026-12-31,
Performance task 4787,Generated test row 4787,todo,medium,2026-12-31,
Performance task 4788,Generated test row 4788,in_progress,medium,2026-12-31,
Performance task 4789,Generated test row 4789,todo,medium,2026-12-31,
Performance task 4790,Generated test row 4790,todo,high,2026-12-31,
Performance task 4791,Generated test row 4791,in_progress,medium,2026-12-31,
Performance task 4792,Generated test row 4792,todo,medium,2026-12-31,
Performance task 4793,Generated test row 4793,todo,medium,2026-12-31,
Performance task 4794,Generated test row 4794,in_progress,medium,2026-12-31,
Performance task 4795,Generated test row 4795,todo,medium,2026-12-31,
Performance task 4796,Generated test row 4796,todo,medium,2026-12-31,
Performance task 4797,Generated test row 4797,in_progress,medium,2026-12-31,
Performance task 4798,Generated test row 4798,todo,medium,2026-12-31,
Performance task 4799,Generated test row 4799,todo,medium,2026-12-31,
Performance task 4800,Generated test row 4800,invalid_status,high,2026-12-31,
Performance task 4801,Generated test row 4801,todo,medium,2026-12-31,
Performance task 4802,Generated test row 4802,todo,medium,2026-12-31,
Performance task 4803,Generated test row 4803,in_progress,medium,2026-12-31,
Performance task 4804,Generated test row 4804,todo,medium,2026-12-31,
Performance task 4805,Generated test row 4805,todo,medium,2026-12-31,
Performance task 4806,Generated test row 4806,in_progress,medium,2026-12-31,
Performance task 4807,Generated test row 4807,todo,medium,2026-12-31,
Performance task 4808,Generated test row 4808,todo,medium,2026-12-31,
Performance task 4809,Generated test row 4809,in_progress,medium,2026-12-31,
Performance task 4810,Generated test row 4810,todo,high,2026-12-31,
Performance task 4811,Generated test row 4811,todo,medium,2026-12-31,
Performance task 4812,Generated test row 4812,in_progress,medium,2026-12-31,
Performance task 4813,Generated test row 4813,todo,medium,2026-12-31,
Performance task 4814,Generated test row 4814,todo,medium,2026-12-31,
Performance task 4815,Generated test row 4815,in_progress,medium,2026-12-31,
Performance task 4816,Generated test row 4816,todo,medium,2026-12-31,
Performance task 4817,Generated test row 4817,todo,medium,2026-12-31,
Performance task 4818,Generated test row 4818,in_progress,medium,2026-12-31,
Performance task 4819,Generated test row 4819,todo,medium,2026-12-31,
Performance task 4820,Generated test row 4820,todo,high,2026-12-31,
Performance task 4821,Generated test row 4821,in_progress,medium,2026-12-31,
Performance task 4822,Generated test row 4822,todo,medium,2026-12-31,
Performance task 4823,Generated test row 4823,todo,medium,2026-12-31,
Performance task 4824,Generated test row 4824,in_progress,medium,2026-12-31,
Performance task 4825,Generated test row 4825,todo,medium,2026-12-31,
Performance task 4826,Generated test row 4826,todo,medium,2026-12-31,
Performance task 4827,Generated test row 4827,in_progress,medium,2026-12-31,
Performance task 4828,Generated test row 4828,todo,medium,2026-12-31,
Performance task 4829,Generated test row 4829,todo,medium,2026-12-31,
Performance task 4830,Generated test row 4830,in_progress,high,2026-12-31,
Performance task 4831,Generated test row 4831,todo,medium,2026-12-31,
Performance task 4832,Generated test row 4832,todo,medium,2026-12-31,
Performance task 4833,Generated test row 4833,in_progress,medium,2026-12-31,
Performance task 4834,Generated test row 4834,todo,medium,2026-12-31,
Performance task 4835,Generated test row 4835,todo,medium,2026-12-31,
Performance task 4836,Generated test row 4836,in_progress,medium,2026-12-31,
Performance task 4837,Generated test row 4837,todo,medium,2026-12-31,
Performance task 4838,Generated test row 4838,todo,medium,2026-12-31,
Performance task 4839,Generated test row 4839,in_progress,medium,2026-12-31,
Performance task 4840,Generated test row 4840,todo,high,2026-12-31,
Performance task 4841,Generated test row 4841,todo,medium,2026-12-31,
Performance task 4842,Generated test row 4842,in_progress,medium,2026-12-31,
Performance task 4843,Generated test row 4843,todo,medium,2026-12-31,
Performance task 4844,Generated test row 4844,todo,medium,2026-12-31,
Performance task 4845,Generated test row 4845,in_progress,medium,2026-12-31,
Performance task 4846,Generated test row 4846,todo,medium,2026-12-31,
Performance task 4847,Generated test row 4847,todo,medium,2026-12-31,
Performance task 4848,Generated test row 4848,in_progress,medium,2026-12-31,
Performance task 4849,Generated test row 4849,todo,medium,2026-12-31,
Performance task 4850,Generated test row 4850,todo,high,2026-12-31,
Performance task 4851,Generated test row 4851,in_progress,medium,2026-12-31,
Performance task 4852,Generated test row 4852,todo,medium,2026-12-31,
Performance task 4853,Generated test row 4853,todo,medium,2026-12-31,
Performance task 4854,Generated test row 4854,in_progress,medium,2026-12-31,
Performance task 4855,Generated test row 4855,todo,medium,2026-12-31,
Performance task 4856,Generated test row 4856,todo,medium,2026-12-31,
Performance task 4857,Generated test row 4857,in_progress,medium,2026-12-31,
Performance task 4858,Generated test row 4858,todo,medium,2026-12-31,
Performance task 4859,Generated test row 4859,todo,medium,2026-12-31,
Performance task 4860,Generated test row 4860,in_progress,high,2026-12-31,
Performance task 4861,Generated test row 4861,todo,medium,2026-12-31,
Performance task 4862,Generated test row 4862,todo,medium,2026-12-31,
Performance task 4863,Generated test row 4863,in_progress,medium,2026-12-31,
Performance task 4864,Generated test row 4864,todo,medium,2026-12-31,
Performance task 4865,Generated test row 4865,todo,medium,2026-12-31,
Performance task 4866,Generated test row 4866,in_progress,medium,2026-12-31,
Performance task 4867,Generated test row 4867,todo,medium,2026-12-31,
Performance task 4868,Generated test row 4868,todo,medium,2026-12-31,
Performance task 4869,Generated test row 4869,in_progress,medium,2026-12-31,
Performance task 4870,Generated test row 4870,todo,high,2026-12-31,
Performance task 4871,Generated test row 4871,todo,medium,2026-12-31,
Performance task 4872,Generated test row 4872,in_progress,medium,2026-12-31,
Performance task 4873,Generated test row 4873,todo,medium,2026-12-31,
Performance task 4874,Generated test row 4874,todo,medium,2026-12-31,
Performance task 4875,Generated test row 4875,in_progress,medium,2026-12-31,
Performance task 4876,Generated test row 4876,todo,medium,2026-12-31,
Performance task 4877,Generated test row 4877,todo,medium,2026-12-31,
Performance task 4878,Generated test row 4878,in_progress,medium,2026-12-31,
Performance task 4879,Generated test row 4879,todo,medium,2026-12-31,
Performance task 4880,Generated test row 4880,todo,high,2026-12-31,
Performance task 4881,Generated test row 4881,in_progress,medium,2026-12-31,
Performance task 4882,Generated test row 4882,todo,medium,2026-12-31,
Performance task 4883,Generated test row 4883,todo,medium,2026-12-31,
Performance task 4884,Generated test row 4884,in_progress,medium,2026-12-31,
Performance task 4885,Generated test row 4885,todo,medium,2026-12-31,
Performance task 4886,Generated test row 4886,todo,medium,2026-12-31,
Performance task 4887,Generated test row 4887,in_progress,medium,2026-12-31,
Performance task 4888,Generated test row 4888,todo,medium,2026-12-31,
Performance task 4889,Generated test row 4889,todo,medium,2026-12-31,
Performance task 4890,Generated test row 4890,in_progress,high,2026-12-31,
Performance task 4891,Generated test row 4891,todo,medium,2026-12-31,
Performance task 4892,Generated test row 4892,todo,medium,2026-12-31,
Performance task 4893,Generated test row 4893,in_progress,medium,2026-12-31,
Performance task 4894,Generated test row 4894,todo,medium,2026-12-31,
Performance task 4895,Generated test row 4895,todo,medium,2026-12-31,
Performance task 4896,Generated test row 4896,in_progress,medium,2026-12-31,
Performance task 4897,Generated test row 4897,todo,medium,2026-12-31,
Performance task 4898,Generated test row 4898,todo,medium,2026-12-31,
Performance task 4899,Generated test row 4899,in_progress,medium,2026-12-31,
Performance task 4900,Generated test row 4900,invalid_status,high,2026-12-31,
Performance task 4901,Generated test row 4901,todo,medium,2026-12-31,
Performance task 4902,Generated test row 4902,in_progress,medium,2026-12-31,
Performance task 4903,Generated test row 4903,todo,medium,2026-12-31,
Performance task 4904,Generated test row 4904,todo,medium,2026-12-31,
Performance task 4905,Generated test row 4905,in_progress,medium,2026-12-31,
Performance task 4906,Generated test row 4906,todo,medium,2026-12-31,
Performance task 4907,Generated test row 4907,todo,medium,2026-12-31,
Performance task 4908,Generated test row 4908,in_progress,medium,2026-12-31,
Performance task 4909,Generated test row 4909,todo,medium,2026-12-31,
Performance task 4910,Generated test row 4910,todo,high,2026-12-31,
Performance task 4911,Generated test row 4911,in_progress,medium,2026-12-31,
Performance task 4912,Generated test row 4912,todo,medium,2026-12-31,
Performance task 4913,Generated test row 4913,todo,medium,2026-12-31,
Performance task 4914,Generated test row 4914,in_progress,medium,2026-12-31,
Performance task 4915,Generated test row 4915,todo,medium,2026-12-31,
Performance task 4916,Generated test row 4916,todo,medium,2026-12-31,
Performance task 4917,Generated test row 4917,in_progress,medium,2026-12-31,
Performance task 4918,Generated test row 4918,todo,medium,2026-12-31,
Performance task 4919,Generated test row 4919,todo,medium,2026-12-31,
Performance task 4920,Generated test row 4920,in_progress,high,2026-12-31,
Performance task 4921,Generated test row 4921,todo,medium,2026-12-31,
Performance task 4922,Generated test row 4922,todo,medium,2026-12-31,
Performance task 4923,Generated test row 4923,in_progress,medium,2026-12-31,
Performance task 4924,Generated test row 4924,todo,medium,2026-12-31,
Performance task 4925,Generated test row 4925,todo,medium,2026-12-31,
Performance task 4926,Generated test row 4926,in_progress,medium,2026-12-31,
Performance task 4927,Generated test row 4927,todo,medium,2026-12-31,
Performance task 4928,Generated test row 4928,todo,medium,2026-12-31,
Performance task 4929,Generated test row 4929,in_progress,medium,2026-12-31,
Performance task 4930,Generated test row 4930,todo,high,2026-12-31,
Performance task 4931,Generated test row 4931,todo,medium,2026-12-31,
Performance task 4932,Generated test row 4932,in_progress,medium,2026-12-31,
Performance task 4933,Generated test row 4933,todo,medium,2026-12-31,
Performance task 4934,Generated test row 4934,todo,medium,2026-12-31,
Performance task 4935,Generated test row 4935,in_progress,medium,2026-12-31,
Performance task 4936,Generated test row 4936,todo,medium,2026-12-31,
Performance task 4937,Generated test row 4937,todo,medium,2026-12-31,
Performance task 4938,Generated test row 4938,in_progress,medium,2026-12-31,
Performance task 4939,Generated test row 4939,todo,medium,2026-12-31,
Performance task 4940,Generated test row 4940,todo,high,2026-12-31,
Performance task 4941,Generated test row 4941,in_progress,medium,2026-12-31,
Performance task 4942,Generated test row 4942,todo,medium,2026-12-31,
Performance task 4943,Generated test row 4943,todo,medium,2026-12-31,
Performance task 4944,Generated test row 4944,in_progress,medium,2026-12-31,
Performance task 4945,Generated test row 4945,todo,medium,2026-12-31,
Performance task 4946,Generated test row 4946,todo,medium,2026-12-31,
Performance task 4947,Generated test row 4947,in_progress,medium,2026-12-31,
Performance task 4948,Generated test row 4948,todo,medium,2026-12-31,
Performance task 4949,Generated test row 4949,todo,medium,2026-12-31,
Performance task 4950,Generated test row 4950,in_progress,high,2026-12-31,
Performance task 4951,Generated test row 4951,todo,medium,2026-12-31,
Performance task 4952,Generated test row 4952,todo,medium,2026-12-31,
Performance task 4953,Generated test row 4953,in_progress,medium,2026-12-31,
Performance task 4954,Generated test row 4954,todo,medium,2026-12-31,
Performance task 4955,Generated test row 4955,todo,medium,2026-12-31,
Performance task 4956,Generated test row 4956,in_progress,medium,2026-12-31,
Performance task 4957,Generated test row 4957,todo,medium,2026-12-31,
Performance task 4958,Generated test row 4958,todo,medium,2026-12-31,
Performance task 4959,Generated test row 4959,in_progress,medium,2026-12-31,
Performance task 4960,Generated test row 4960,todo,high,2026-12-31,
Performance task 4961,Generated test row 4961,todo,medium,2026-12-31,
Performance task 4962,Generated test row 4962,in_progress,medium,2026-12-31,
Performance task 4963,Generated test row 4963,todo,medium,2026-12-31,
Performance task 4964,Generated test row 4964,todo,medium,2026-12-31,
Performance task 4965,Generated test row 4965,in_progress,medium,2026-12-31,
Performance task 4966,Generated test row 4966,todo,medium,2026-12-31,
Performance task 4967,Generated test row 4967,todo,medium,2026-12-31,
Performance task 4968,Generated test row 4968,in_progress,medium,2026-12-31,
Performance task 4969,Generated test row 4969,todo,medium,2026-12-31,
Performance task 4970,Generated test row 4970,todo,high,2026-12-31,
Performance task 4971,Generated test row 4971,in_progress,medium,2026-12-31,
Performance task 4972,Generated test row 4972,todo,medium,2026-12-31,
Performance task 4973,Generated test row 4973,todo,medium,2026-12-31,
Performance task 4974,Generated test row 4974,in_progress,medium,2026-12-31,
Performance task 4975,Generated test row 4975,todo,medium,2026-12-31,
Performance task 4976,Generated test row 4976,todo,medium,2026-12-31,
Performance task 4977,Generated test row 4977,in_progress,medium,2026-12-31,
Performance task 4978,Generated test row 4978,todo,medium,2026-12-31,
Performance task 4979,Generated test row 4979,todo,medium,2026-12-31,
Performance task 4980,Generated test row 4980,in_progress,high,2026-12-31,
Performance task 4981,Generated test row 4981,todo,medium,2026-12-31,
Performance task 4982,Generated test row 4982,todo,medium,2026-12-31,
Performance task 4983,Generated test row 4983,in_progress,medium,2026-12-31,
Performance task 4984,Generated test row 4984,todo,medium,2026-12-31,
Performance task 4985,Generated test row 4985,todo,medium,2026-12-31,
Performance task 4986,Generated test row 4986,in_progress,medium,2026-12-31,
Performance task 4987,Generated test row 4987,todo,medium,2026-12-31,
Performance task 4988,Generated test row 4988,todo,medium,2026-12-31,
Performance task 4989,Generated test row 4989,in_progress,medium,2026-12-31,
Performance task 4990,Generated test row 4990,todo,high,2026-12-31,
Performance task 4991,Generated test row 4991,todo,medium,2026-12-31,
Performance task 4992,Generated test row 4992,in_progress,medium,2026-12-31,
Performance task 4993,Generated test row 4993,todo,medium,2026-12-31,
Performance task 4994,Generated test row 4994,todo,medium,2026-12-31,
Performance task 4995,Generated test row 4995,in_progress,medium,2026-12-31,
Performance task 4996,Generated test row 4996,todo,medium,2026-12-31,
Performance task 4997,Generated test row 4997,todo,medium,2026-12-31,
Performance task 4998,Generated test row 4998,in_progress,medium,2026-12-31,
Performance task 4999,Generated test row 4999,todo,medium,2026-12-31,
Performance task 5000,Generated test row 5000,invalid_status,high,2026-12-31,
Performance task 5001,Generated test row 5001,in_progress,medium,2026-12-31,
Performance task 5002,Generated test row 5002,todo,medium,2026-12-31,
Performance task 5003,Generated test row 5003,todo,medium,2026-12-31,
Performance task 5004,Generated test row 5004,in_progress,medium,2026-12-31,
Performance task 5005,Generated test row 5005,todo,medium,2026-12-31,
Performance task 5006,Generated test row 5006,todo,medium,2026-12-31,
Performance task 5007,Generated test row 5007,in_progress,medium,2026-12-31,
Performance task 5008,Generated test row 5008,todo,medium,2026-12-31,
Performance task 5009,Generated test row 5009,todo,medium,2026-12-31,
Performance task 5010,Generated test row 5010,in_progress,high,2026-12-31,
Performance task 5011,Generated test row 5011,todo,medium,2026-12-31,
Performance task 5012,Generated test row 5012,todo,medium,2026-12-31,
Performance task 5013,Generated test row 5013,in_progress,medium,2026-12-31,
Performance task 5014,Generated test row 5014,todo,medium,2026-12-31,
Performance task 5015,Generated test row 5015,todo,medium,2026-12-31,
Performance task 5016,Generated test row 5016,in_progress,medium,2026-12-31,
Performance task 5017,Generated test row 5017,todo,medium,2026-12-31,
Performance task 5018,Generated test row 5018,todo,medium,2026-12-31,
Performance task 5019,Generated test row 5019,in_progress,medium,2026-12-31,
Performance task 5020,Generated test row 5020,todo,high,2026-12-31,
Performance task 5021,Generated test row 5021,todo,medium,2026-12-31,
Performance task 5022,Generated test row 5022,in_progress,medium,2026-12-31,
Performance task 5023,Generated test row 5023,todo,medium,2026-12-31,
Performance task 5024,Generated test row 5024,todo,medium,2026-12-31,
Performance task 5025,Generated test row 5025,in_progress,medium,2026-12-31,
Performance task 5026,Generated test row 5026,todo,medium,2026-12-31,
Performance task 5027,Generated test row 5027,todo,medium,2026-12-31,
Performance task 5028,Generated test row 5028,in_progress,medium,2026-12-31,
Performance task 5029,Generated test row 5029,todo,medium,2026-12-31,
Performance task 5030,Generated test row 5030,todo,high,2026-12-31,
Performance task 5031,Generated test row 5031,in_progress,medium,2026-12-31,
Performance task 5032,Generated test row 5032,todo,medium,2026-12-31,
Performance task 5033,Generated test row 5033,todo,medium,2026-12-31,
Performance task 5034,Generated test row 5034,in_progress,medium,2026-12-31,
Performance task 5035,Generated test row 5035,todo,medium,2026-12-31,
Performance task 5036,Generated test row 5036,todo,medium,2026-12-31,
Performance task 5037,Generated test row 5037,in_progress,medium,2026-12-31,
Performance task 5038,Generated test row 5038,todo,medium,2026-12-31,
Performance task 5039,Generated test row 5039,todo,medium,2026-12-31,
Performance task 5040,Generated test row 5040,in_progress,high,2026-12-31,
Performance task 5041,Generated test row 5041,todo,medium,2026-12-31,
Performance task 5042,Generated test row 5042,todo,medium,2026-12-31,
Performance task 5043,Generated test row 5043,in_progress,medium,2026-12-31,
Performance task 5044,Generated test row 5044,todo,medium,2026-12-31,
Performance task 5045,Generated test row 5045,todo,medium,2026-12-31,
Performance task 5046,Generated test row 5046,in_progress,medium,2026-12-31,
Performance task 5047,Generated test row 5047,todo,medium,2026-12-31,
Performance task 5048,Generated test row 5048,todo,medium,2026-12-31,
Performance task 5049,Generated test row 5049,in_progress,medium,2026-12-31,
Performance task 5050,Generated test row 5050,todo,high,2026-12-31,
Performance task 5051,Generated test row 5051,todo,medium,2026-12-31,
Performance task 5052,Generated test row 5052,in_progress,medium,2026-12-31,
Performance task 5053,Generated test row 5053,todo,medium,2026-12-31,
Performance task 5054,Generated test row 5054,todo,medium,2026-12-31,
Performance task 5055,Generated test row 5055,in_progress,medium,2026-12-31,
Performance task 5056,Generated test row 5056,todo,medium,2026-12-31,
Performance task 5057,Generated test row 5057,todo,medium,2026-12-31,
Performance task 5058,Generated test row 5058,in_progress,medium,2026-12-31,
Performance task 5059,Generated test row 5059,todo,medium,2026-12-31,
Performance task 5060,Generated test row 5060,todo,high,2026-12-31,
Performance task 5061,Generated test row 5061,in_progress,medium,2026-12-31,
Performance task 5062,Generated test row 5062,todo,medium,2026-12-31,
Performance task 5063,Generated test row 5063,todo,medium,2026-12-31,
Performance task 5064,Generated test row 5064,in_progress,medium,2026-12-31,
Performance task 5065,Generated test row 5065,todo,medium,2026-12-31,
Performance task 5066,Generated test row 5066,todo,medium,2026-12-31,
Performance task 5067,Generated test row 5067,in_progress,medium,2026-12-31,
Performance task 5068,Generated test row 5068,todo,medium,2026-12-31,
Performance task 5069,Generated test row 5069,todo,medium,2026-12-31,
Performance task 5070,Generated test row 5070,in_progress,high,2026-12-31,
Performance task 5071,Generated test row 5071,todo,medium,2026-12-31,
Performance task 5072,Generated test row 5072,todo,medium,2026-12-31,
Performance task 5073,Generated test row 5073,in_progress,medium,2026-12-31,
Performance task 5074,Generated test row 5074,todo,medium,2026-12-31,
Performance task 5075,Generated test row 5075,todo,medium,2026-12-31,
Performance task 5076,Generated test row 5076,in_progress,medium,2026-12-31,
Performance task 5077,Generated test row 5077,todo,medium,2026-12-31,
Performance task 5078,Generated test row 5078,todo,medium,2026-12-31,
Performance task 5079,Generated test row 5079,in_progress,medium,2026-12-31,
Performance task 5080,Generated test row 5080,todo,high,2026-12-31,
Performance task 5081,Generated test row 5081,todo,medium,2026-12-31,
Performance task 5082,Generated test row 5082,in_progress,medium,2026-12-31,
Performance task 5083,Generated test row 5083,todo,medium,2026-12-31,
Performance task 5084,Generated test row 5084,todo,medium,2026-12-31,
Performance task 5085,Generated test row 5085,in_progress,medium,2026-12-31,
Performance task 5086,Generated test row 5086,todo,medium,2026-12-31,
Performance task 5087,Generated test row 5087,todo,medium,2026-12-31,
Performance task 5088,Generated test row 5088,in_progress,medium,2026-12-31,
Performance task 5089,Generated test row 5089,todo,medium,2026-12-31,
Performance task 5090,Generated test row 5090,todo,high,2026-12-31,
Performance task 5091,Generated test row 5091,in_progress,medium,2026-12-31,
Performance task 5092,Generated test row 5092,todo,medium,2026-12-31,
Performance task 5093,Generated test row 5093,todo,medium,2026-12-31,
Performance task 5094,Generated test row 5094,in_progress,medium,2026-12-31,
Performance task 5095,Generated test row 5095,todo,medium,2026-12-31,
Performance task 5096,Generated test row 5096,todo,medium,2026-12-31,
Performance task 5097,Generated test row 5097,in_progress,medium,2026-12-31,
Performance task 5098,Generated test row 5098,todo,medium,2026-12-31,
Performance task 5099,Generated test row 5099,todo,medium,2026-12-31,
Performance task 5100,Generated test row 5100,invalid_status,high,2026-12-31,
Performance task 5101,Generated test row 5101,todo,medium,2026-12-31,
Performance task 5102,Generated test row 5102,todo,medium,2026-12-31,
Performance task 5103,Generated test row 5103,in_progress,medium,2026-12-31,
Performance task 5104,Generated test row 5104,todo,medium,2026-12-31,
Performance task 5105,Generated test row 5105,todo,medium,2026-12-31,
Performance task 5106,Generated test row 5106,in_progress,medium,2026-12-31,
Performance task 5107,Generated test row 5107,todo,medium,2026-12-31,
Performance task 5108,Generated test row 5108,todo,medium,2026-12-31,
Performance task 5109,Generated test row 5109,in_progress,medium,2026-12-31,
Performance task 5110,Generated test row 5110,todo,high,2026-12-31,
Performance task 5111,Generated test row 5111,todo,medium,2026-12-31,
Performance task 5112,Generated test row 5112,in_progress,medium,2026-12-31,
Performance task 5113,Generated test row 5113,todo,medium,2026-12-31,
Performance task 5114,Generated test row 5114,todo,medium,2026-12-31,
Performance task 5115,Generated test row 5115,in_progress,medium,2026-12-31,
Performance task 5116,Generated test row 5116,todo,medium,2026-12-31,
Performance task 5117,Generated test row 5117,todo,medium,2026-12-31,
Performance task 5118,Generated test row 5118,in_progress,medium,2026-12-31,
Performance task 5119,Generated test row 5119,todo,medium,2026-12-31,
Performance task 5120,Generated test row 5120,todo,high,2026-12-31,
Performance task 5121,Generated test row 5121,in_progress,medium,2026-12-31,
Performance task 5122,Generated test row 5122,todo,medium,2026-12-31,
Performance task 5123,Generated test row 5123,todo,medium,2026-12-31,
Performance task 5124,Generated test row 5124,in_progress,medium,2026-12-31,
Performance task 5125,Generated test row 5125,todo,medium,2026-12-31,
Performance task 5126,Generated test row 5126,todo,medium,2026-12-31,
Performance task 5127,Generated test row 5127,in_progress,medium,2026-12-31,
Performance task 5128,Generated test row 5128,todo,medium,2026-12-31,
Performance task 5129,Generated test row 5129,todo,medium,2026-12-31,
Performance task 5130,Generated test row 5130,in_progress,high,2026-12-31,
Performance task 5131,Generated test row 5131,todo,medium,2026-12-31,
Performance task 5132,Generated test row 5132,todo,medium,2026-12-31,
Performance task 5133,Generated test row 5133,in_progress,medium,2026-12-31,
Performance task 5134,Generated test row 5134,todo,medium,2026-12-31,
Performance task 5135,Generated test row 5135,todo,medium,2026-12-31,
Performance task 5136,Generated test row 5136,in_progress,medium,2026-12-31,
Performance task 5137,Generated test row 5137,todo,medium,2026-12-31,
Performance task 5138,Generated test row 5138,todo,medium,2026-12-31,
Performance task 5139,Generated test row 5139,in_progress,medium,2026-12-31,
Performance task 5140,Generated test row 5140,todo,high,2026-12-31,
Performance task 5141,Generated test row 5141,todo,medium,2026-12-31,
Performance task 5142,Generated test row 5142,in_progress,medium,2026-12-31,
Performance task 5143,Generated test row 5143,todo,medium,2026-12-31,
Performance task 5144,Generated test row 5144,todo,medium,2026-12-31,
Performance task 5145,Generated test row 5145,in_progress,medium,2026-12-31,
Performance task 5146,Generated test row 5146,todo,medium,2026-12-31,
Performance task 5147,Generated test row 5147,todo,medium,2026-12-31,
Performance task 5148,Generated test row 5148,in_progress,medium,2026-12-31,
Performance task 5149,Generated test row 5149,todo,medium,2026-12-31,
Performance task 5150,Generated test row 5150,todo,high,2026-12-31,
Performance task 5151,Generated test row 5151,in_progress,medium,2026-12-31,
Performance task 5152,Generated test row 5152,todo,medium,2026-12-31,
Performance task 5153,Generated test row 5153,todo,medium,2026-12-31,
Performance task 5154,Generated test row 5154,in_progress,medium,2026-12-31,
Performance task 5155,Generated test row 5155,todo,medium,2026-12-31,
Performance task 5156,Generated test row 5156,todo,medium,2026-12-31,
Performance task 5157,Generated test row 5157,in_progress,medium,2026-12-31,
Performance task 5158,Generated test row 5158,todo,medium,2026-12-31,
Performance task 5159,Generated test row 5159,todo,medium,2026-12-31,
Performance task 5160,Generated test row 5160,in_progress,high,2026-12-31,
Performance task 5161,Generated test row 5161,todo,medium,2026-12-31,
Performance task 5162,Generated test row 5162,todo,medium,2026-12-31,
Performance task 5163,Generated test row 5163,in_progress,medium,2026-12-31,
Performance task 5164,Generated test row 5164,todo,medium,2026-12-31,
Performance task 5165,Generated test row 5165,todo,medium,2026-12-31,
Performance task 5166,Generated test row 5166,in_progress,medium,2026-12-31,
Performance task 5167,Generated test row 5167,todo,medium,2026-12-31,
Performance task 5168,Generated test row 5168,todo,medium,2026-12-31,
Performance task 5169,Generated test row 5169,in_progress,medium,2026-12-31,
Performance task 5170,Generated test row 5170,todo,high,2026-12-31,
Performance task 5171,Generated test row 5171,todo,medium,2026-12-31,
Performance task 5172,Generated test row 5172,in_progress,medium,2026-12-31,
Performance task 5173,Generated test row 5173,todo,medium,2026-12-31,
Performance task 5174,Generated test row 5174,todo,medium,2026-12-31,
Performance task 5175,Generated test row 5175,in_progress,medium,2026-12-31,
Performance task 5176,Generated test row 5176,todo,medium,2026-12-31,
Performance task 5177,Generated test row 5177,todo,medium,2026-12-31,
Performance task 5178,Generated test row 5178,in_progress,medium,2026-12-31,
Performance task 5179,Generated test row 5179,todo,medium,2026-12-31,
Performance task 5180,Generated test row 5180,todo,high,2026-12-31,
Performance task 5181,Generated test row 5181,in_progress,medium,2026-12-31,
Performance task 5182,Generated test row 5182,todo,medium,2026-12-31,
Performance task 5183,Generated test row 5183,todo,medium,2026-12-31,
Performance task 5184,Generated test row 5184,in_progress,medium,2026-12-31,
Performance task 5185,Generated test row 5185,todo,medium,2026-12-31,
Performance task 5186,Generated test row 5186,todo,medium,2026-12-31,
Performance task 5187,Generated test row 5187,in_progress,medium,2026-12-31,
Performance task 5188,Generated test row 5188,todo,medium,2026-12-31,
Performance task 5189,Generated test row 5189,todo,medium,2026-12-31,
Performance task 5190,Generated test row 5190,in_progress,high,2026-12-31,
Performance task 5191,Generated test row 5191,todo,medium,2026-12-31,
Performance task 5192,Generated test row 5192,todo,medium,2026-12-31,
Performance task 5193,Generated test row 5193,in_progress,medium,2026-12-31,
Performance task 5194,Generated test row 5194,todo,medium,2026-12-31,
Performance task 5195,Generated test row 5195,todo,medium,2026-12-31,
Performance task 5196,Generated test row 5196,in_progress,medium,2026-12-31,
Performance task 5197,Generated test row 5197,todo,medium,2026-12-31,
Performance task 5198,Generated test row 5198,todo,medium,2026-12-31,
Performance task 5199,Generated test row 5199,in_progress,medium,2026-12-31,
Performance task 5200,Generated test row 5200,invalid_status,high,2026-12-31,
Performance task 5201,Generated test row 5201,todo,medium,2026-12-31,
Performance task 5202,Generated test row 5202,in_progress,medium,2026-12-31,
Performance task 5203,Generated test row 5203,todo,medium,2026-12-31,
Performance task 5204,Generated test row 5204,todo,medium,2026-12-31,
Performance task 5205,Generated test row 5205,in_progress,medium,2026-12-31,
Performance task 5206,Generated test row 5206,todo,medium,2026-12-31,
Performance task 5207,Generated test row 5207,todo,medium,2026-12-31,
Performance task 5208,Generated test row 5208,in_progress,medium,2026-12-31,
Performance task 5209,Generated test row 5209,todo,medium,2026-12-31,
Performance task 5210,Generated test row 5210,todo,high,2026-12-31,
Performance task 5211,Generated test row 5211,in_progress,medium,2026-12-31,
Performance task 5212,Generated test row 5212,todo,medium,2026-12-31,
Performance task 5213,Generated test row 5213,todo,medium,2026-12-31,
Performance task 5214,Generated test row 5214,in_progress,medium,2026-12-31,
Performance task 5215,Generated test row 5215,todo,medium,2026-12-31,
Performance task 5216,Generated test row 5216,todo,medium,2026-12-31,
Performance task 5217,Generated test row 5217,in_progress,medium,2026-12-31,
Performance task 5218,Generated test row 5218,todo,medium,2026-12-31,
Performance task 5219,Generated test row 5219,todo,medium,2026-12-31,
Performance task 5220,Generated test row 5220,in_progress,high,2026-12-31,
Performance task 5221,Generated test row 5221,todo,medium,2026-12-31,
Performance task 5222,Generated test row 5222,todo,medium,2026-12-31,
Performance task 5223,Generated test row 5223,in_progress,medium,2026-12-31,
Performance task 5224,Generated test row 5224,todo,medium,2026-12-31,
Performance task 5225,Generated test row 5225,todo,medium,2026-12-31,
Performance task 5226,Generated test row 5226,in_progress,medium,2026-12-31,
Performance task 5227,Generated test row 5227,todo,medium,2026-12-31,
Performance task 5228,Generated test row 5228,todo,medium,2026-12-31,
Performance task 5229,Generated test row 5229,in_progress,medium,2026-12-31,
Performance task 5230,Generated test row 5230,todo,high,2026-12-31,
Performance task 5231,Generated test row 5231,todo,medium,2026-12-31,
Performance task 5232,Generated test row 5232,in_progress,medium,2026-12-31,
Performance task 5233,Generated test row 5233,todo,medium,2026-12-31,
Performance task 5234,Generated test row 5234,todo,medium,2026-12-31,
Performance task 5235,Generated test row 5235,in_progress,medium,2026-12-31,
Performance task 5236,Generated test row 5236,todo,medium,2026-12-31,
Performance task 5237,Generated test row 5237,todo,medium,2026-12-31,
Performance task 5238,Generated test row 5238,in_progress,medium,2026-12-31,
Performance task 5239,Generated test row 5239,todo,medium,2026-12-31,
Performance task 5240,Generated test row 5240,todo,high,2026-12-31,
Performance task 5241,Generated test row 5241,in_progress,medium,2026-12-31,
Performance task 5242,Generated test row 5242,todo,medium,2026-12-31,
Performance task 5243,Generated test row 5243,todo,medium,2026-12-31,
Performance task 5244,Generated test row 5244,in_progress,medium,2026-12-31,
Performance task 5245,Generated test row 5245,todo,medium,2026-12-31,
Performance task 5246,Generated test row 5246,todo,medium,2026-12-31,
Performance task 5247,Generated test row 5247,in_progress,medium,2026-12-31,
Performance task 5248,Generated test row 5248,todo,medium,2026-12-31,
Performance task 5249,Generated test row 5249,todo,medium,2026-12-31,
Performance task 5250,Generated test row 5250,in_progress,high,2026-12-31,
Performance task 5251,Generated test row 5251,todo,medium,2026-12-31,
Performance task 5252,Generated test row 5252,todo,medium,2026-12-31,
Performance task 5253,Generated test row 5253,in_progress,medium,2026-12-31,
Performance task 5254,Generated test row 5254,todo,medium,2026-12-31,
Performance task 5255,Generated test row 5255,todo,medium,2026-12-31,
Performance task 5256,Generated test row 5256,in_progress,medium,2026-12-31,
Performance task 5257,Generated test row 5257,todo,medium,2026-12-31,
Performance task 5258,Generated test row 5258,todo,medium,2026-12-31,
Performance task 5259,Generated test row 5259,in_progress,medium,2026-12-31,
Performance task 5260,Generated test row 5260,todo,high,2026-12-31,
Performance task 5261,Generated test row 5261,todo,medium,2026-12-31,
Performance task 5262,Generated test row 5262,in_progress,medium,2026-12-31,
Performance task 5263,Generated test row 5263,todo,medium,2026-12-31,
Performance task 5264,Generated test row 5264,todo,medium,2026-12-31,
Performance task 5265,Generated test row 5265,in_progress,medium,2026-12-31,
Performance task 5266,Generated test row 5266,todo,medium,2026-12-31,
Performance task 5267,Generated test row 5267,todo,medium,2026-12-31,
Performance task 5268,Generated test row 5268,in_progress,medium,2026-12-31,
Performance task 5269,Generated test row 5269,todo,medium,2026-12-31,
Performance task 5270,Generated test row 5270,todo,high,2026-12-31,
Performance task 5271,Generated test row 5271,in_progress,medium,2026-12-31,
Performance task 5272,Generated test row 5272,todo,medium,2026-12-31,
Performance task 5273,Generated test row 5273,todo,medium,2026-12-31,
Performance task 5274,Generated test row 5274,in_progress,medium,2026-12-31,
Performance task 5275,Generated test row 5275,todo,medium,2026-12-31,
Performance task 5276,Generated test row 5276,todo,medium,2026-12-31,
Performance task 5277,Generated test row 5277,in_progress,medium,2026-12-31,
Performance task 5278,Generated test row 5278,todo,medium,2026-12-31,
Performance task 5279,Generated test row 5279,todo,medium,2026-12-31,
Performance task 5280,Generated test row 5280,in_progress,high,2026-12-31,
Performance task 5281,Generated test row 5281,todo,medium,2026-12-31,
Performance task 5282,Generated test row 5282,todo,medium,2026-12-31,
Performance task 5283,Generated test row 5283,in_progress,medium,2026-12-31,
Performance task 5284,Generated test row 5284,todo,medium,2026-12-31,
Performance task 5285,Generated test row 5285,todo,medium,2026-12-31,
Performance task 5286,Generated test row 5286,in_progress,medium,2026-12-31,
Performance task 5287,Generated test row 5287,todo,medium,2026-12-31,
Performance task 5288,Generated test row 5288,todo,medium,2026-12-31,
Performance task 5289,Generated test row 5289,in_progress,medium,2026-12-31,
Performance task 5290,Generated test row 5290,todo,high,2026-12-31,
Performance task 5291,Generated test row 5291,todo,medium,2026-12-31,
Performance task 5292,Generated test row 5292,in_progress,medium,2026-12-31,
Performance task 5293,Generated test row 5293,todo,medium,2026-12-31,
Performance task 5294,Generated test row 5294,todo,medium,2026-12-31,
Performance task 5295,Generated test row 5295,in_progress,medium,2026-12-31,
Performance task 5296,Generated test row 5296,todo,medium,2026-12-31,
Performance task 5297,Generated test row 5297,todo,medium,2026-12-31,
Performance task 5298,Generated test row 5298,in_progress,medium,2026-12-31,
Performance task 5299,Generated test row 5299,todo,medium,2026-12-31,
Performance task 5300,Generated test row 5300,invalid_status,high,2026-12-31,
Performance task 5301,Generated test row 5301,in_progress,medium,2026-12-31,
Performance task 5302,Generated test row 5302,todo,medium,2026-12-31,
Performance task 5303,Generated test row 5303,todo,medium,2026-12-31,
Performance task 5304,Generated test row 5304,in_progress,medium,2026-12-31,
Performance task 5305,Generated test row 5305,todo,medium,2026-12-31,
Performance task 5306,Generated test row 5306,todo,medium,2026-12-31,
Performance task 5307,Generated test row 5307,in_progress,medium,2026-12-31,
Performance task 5308,Generated test row 5308,todo,medium,2026-12-31,
Performance task 5309,Generated test row 5309,todo,medium,2026-12-31,
Performance task 5310,Generated test row 5310,in_progress,high,2026-12-31,
Performance task 5311,Generated test row 5311,todo,medium,2026-12-31,
Performance task 5312,Generated test row 5312,todo,medium,2026-12-31,
Performance task 5313,Generated test row 5313,in_progress,medium,2026-12-31,
Performance task 5314,Generated test row 5314,todo,medium,2026-12-31,
Performance task 5315,Generated test row 5315,todo,medium,2026-12-31,
Performance task 5316,Generated test row 5316,in_progress,medium,2026-12-31,
Performance task 5317,Generated test row 5317,todo,medium,2026-12-31,
Performance task 5318,Generated test row 5318,todo,medium,2026-12-31,
Performance task 5319,Generated test row 5319,in_progress,medium,2026-12-31,
Performance task 5320,Generated test row 5320,todo,high,2026-12-31,
Performance task 5321,Generated test row 5321,todo,medium,2026-12-31,
Performance task 5322,Generated test row 5322,in_progress,medium,2026-12-31,
Performance task 5323,Generated test row 5323,todo,medium,2026-12-31,
Performance task 5324,Generated test row 5324,todo,medium,2026-12-31,
Performance task 5325,Generated test row 5325,in_progress,medium,2026-12-31,
Performance task 5326,Generated test row 5326,todo,medium,2026-12-31,
Performance task 5327,Generated test row 5327,todo,medium,2026-12-31,
Performance task 5328,Generated test row 5328,in_progress,medium,2026-12-31,
Performance task 5329,Generated test row 5329,todo,medium,2026-12-31,
Performance task 5330,Generated test row 5330,todo,high,2026-12-31,
Performance task 5331,Generated test row 5331,in_progress,medium,2026-12-31,
Performance task 5332,Generated test row 5332,todo,medium,2026-12-31,
Performance task 5333,Generated test row 5333,todo,medium,2026-12-31,
Performance task 5334,Generated test row 5334,in_progress,medium,2026-12-31,
Performance task 5335,Generated test row 5335,todo,medium,2026-12-31,
Performance task 5336,Generated test row 5336,todo,medium,2026-12-31,
Performance task 5337,Generated test row 5337,in_progress,medium,2026-12-31,
Performance task 5338,Generated test row 5338,todo,medium,2026-12-31,
Performance task 5339,Generated test row 5339,todo,medium,2026-12-31,
Performance task 5340,Generated test row 5340,in_progress,high,2026-12-31,
Performance task 5341,Generated test row 5341,todo,medium,2026-12-31,
Performance task 5342,Generated test row 5342,todo,medium,2026-12-31,
Performance task 5343,Generated test row 5343,in_progress,medium,2026-12-31,
Performance task 5344,Generated test row 5344,todo,medium,2026-12-31,
Performance task 5345,Generated test row 5345,todo,medium,2026-12-31,
Performance task 5346,Generated test row 5346,in_progress,medium,2026-12-31,
Performance task 5347,Generated test row 5347,todo,medium,2026-12-31,
Performance task 5348,Generated test row 5348,todo,medium,2026-12-31,
Performance task 5349,Generated test row 5349,in_progress,medium,2026-12-31,
Performance task 5350,Generated test row 5350,todo,high,2026-12-31,
Performance task 5351,Generated test row 5351,todo,medium,2026-12-31,
Performance task 5352,Generated test row 5352,in_progress,medium,2026-12-31,
Performance task 5353,Generated test row 5353,todo,medium,2026-12-31,
Performance task 5354,Generated test row 5354,todo,medium,2026-12-31,
Performance task 5355,Generated test row 5355,in_progress,medium,2026-12-31,
Performance task 5356,Generated test row 5356,todo,medium,2026-12-31,
Performance task 5357,Generated test row 5357,todo,medium,2026-12-31,
Performance task 5358,Generated test row 5358,in_progress,medium,2026-12-31,
Performance task 5359,Generated test row 5359,todo,medium,2026-12-31,
Performance task 5360,Generated test row 5360,todo,high,2026-12-31,
Performance task 5361,Generated test row 5361,in_progress,medium,2026-12-31,
Performance task 5362,Generated test row 5362,todo,medium,2026-12-31,
Performance task 5363,Generated test row 5363,todo,medium,2026-12-31,
Performance task 5364,Generated test row 5364,in_progress,medium,2026-12-31,
Performance task 5365,Generated test row 5365,todo,medium,2026-12-31,
Performance task 5366,Generated test row 5366,todo,medium,2026-12-31,
Performance task 5367,Generated test row 5367,in_progress,medium,2026-12-31,
Performance task 5368,Generated test row 5368,todo,medium,2026-12-31,
Performance task 5369,Generated test row 5369,todo,medium,2026-12-31,
Performance task 5370,Generated test row 5370,in_progress,high,2026-12-31,
Performance task 5371,Generated test row 5371,todo,medium,2026-12-31,
Performance task 5372,Generated test row 5372,todo,medium,2026-12-31,
Performance task 5373,Generated test row 5373,in_progress,medium,2026-12-31,
Performance task 5374,Generated test row 5374,todo,medium,2026-12-31,
Performance task 5375,Generated test row 5375,todo,medium,2026-12-31,
Performance task 5376,Generated test row 5376,in_progress,medium,2026-12-31,
Performance task 5377,Generated test row 5377,todo,medium,2026-12-31,
Performance task 5378,Generated test row 5378,todo,medium,2026-12-31,
Performance task 5379,Generated test row 5379,in_progress,medium,2026-12-31,
Performance task 5380,Generated test row 5380,todo,high,2026-12-31,
Performance task 5381,Generated test row 5381,todo,medium,2026-12-31,
Performance task 5382,Generated test row 5382,in_progress,medium,2026-12-31,
Performance task 5383,Generated test row 5383,todo,medium,2026-12-31,
Performance task 5384,Generated test row 5384,todo,medium,2026-12-31,
Performance task 5385,Generated test row 5385,in_progress,medium,2026-12-31,
Performance task 5386,Generated test row 5386,todo,medium,2026-12-31,
Performance task 5387,Generated test row 5387,todo,medium,2026-12-31,
Performance task 5388,Generated test row 5388,in_progress,medium,2026-12-31,
Performance task 5389,Generated test row 5389,todo,medium,2026-12-31,
Performance task 5390,Generated test row 5390,todo,high,2026-12-31,
Performance task 5391,Generated test row 5391,in_progress,medium,2026-12-31,
Performance task 5392,Generated test row 5392,todo,medium,2026-12-31,
Performance task 5393,Generated test row 5393,todo,medium,2026-12-31,
Performance task 5394,Generated test row 5394,in_progress,medium,2026-12-31,
Performance task 5395,Generated test row 5395,todo,medium,2026-12-31,
Performance task 5396,Generated test row 5396,todo,medium,2026-12-31,
Performance task 5397,Generated test row 5397,in_progress,medium,2026-12-31,
Performance task 5398,Generated test row 5398,todo,medium,2026-12-31,
Performance task 5399,Generated test row 5399,todo,medium,2026-12-31,
Performance task 5400,Generated test row 5400,invalid_status,high,2026-12-31,
Performance task 5401,Generated test row 5401,todo,medium,2026-12-31,
Performance task 5402,Generated test row 5402,todo,medium,2026-12-31,
Performance task 5403,Generated test row 5403,in_progress,medium,2026-12-31,
Performance task 5404,Generated test row 5404,todo,medium,2026-12-31,
Performance task 5405,Generated test row 5405,todo,medium,2026-12-31,
Performance task 5406,Generated test row 5406,in_progress,medium,2026-12-31,
Performance task 5407,Generated test row 5407,todo,medium,2026-12-31,
Performance task 5408,Generated test row 5408,todo,medium,2026-12-31,
Performance task 5409,Generated test row 5409,in_progress,medium,2026-12-31,
Performance task 5410,Generated test row 5410,todo,high,2026-12-31,
Performance task 5411,Generated test row 5411,todo,medium,2026-12-31,
Performance task 5412,Generated test row 5412,in_progress,medium,2026-12-31,
Performance task 5413,Generated test row 5413,todo,medium,2026-12-31,
Performance task 5414,Generated test row 5414,todo,medium,2026-12-31,
Performance task 5415,Generated test row 5415,in_progress,medium,2026-12-31,
Performance task 5416,Generated test row 5416,todo,medium,2026-12-31,
Performance task 5417,Generated test row 5417,todo,medium,2026-12-31,
Performance task 5418,Generated test row 5418,in_progress,medium,2026-12-31,
Performance task 5419,Generated test row 5419,todo,medium,2026-12-31,
Performance task 5420,Generated test row 5420,todo,high,2026-12-31,
Performance task 5421,Generated test row 5421,in_progress,medium,2026-12-31,
Performance task 5422,Generated test row 5422,todo,medium,2026-12-31,
Performance task 5423,Generated test row 5423,todo,medium,2026-12-31,
Performance task 5424,Generated test row 5424,in_progress,medium,2026-12-31,
Performance task 5425,Generated test row 5425,todo,medium,2026-12-31,
Performance task 5426,Generated test row 5426,todo,medium,2026-12-31,
Performance task 5427,Generated test row 5427,in_progress,medium,2026-12-31,
Performance task 5428,Generated test row 5428,todo,medium,2026-12-31,
Performance task 5429,Generated test row 5429,todo,medium,2026-12-31,
Performance task 5430,Generated test row 5430,in_progress,high,2026-12-31,
Performance task 5431,Generated test row 5431,todo,medium,2026-12-31,
Performance task 5432,Generated test row 5432,todo,medium,2026-12-31,
Performance task 5433,Generated test row 5433,in_progress,medium,2026-12-31,
Performance task 5434,Generated test row 5434,todo,medium,2026-12-31,
Performance task 5435,Generated test row 5435,todo,medium,2026-12-31,
Performance task 5436,Generated test row 5436,in_progress,medium,2026-12-31,
Performance task 5437,Generated test row 5437,todo,medium,2026-12-31,
Performance task 5438,Generated test row 5438,todo,medium,2026-12-31,
Performance task 5439,Generated test row 5439,in_progress,medium,2026-12-31,
Performance task 5440,Generated test row 5440,todo,high,2026-12-31,
Performance task 5441,Generated test row 5441,todo,medium,2026-12-31,
Performance task 5442,Generated test row 5442,in_progress,medium,2026-12-31,
Performance task 5443,Generated test row 5443,todo,medium,2026-12-31,
Performance task 5444,Generated test row 5444,todo,medium,2026-12-31,
Performance task 5445,Generated test row 5445,in_progress,medium,2026-12-31,
Performance task 5446,Generated test row 5446,todo,medium,2026-12-31,
Performance task 5447,Generated test row 5447,todo,medium,2026-12-31,
Performance task 5448,Generated test row 5448,in_progress,medium,2026-12-31,
Performance task 5449,Generated test row 5449,todo,medium,2026-12-31,
Performance task 5450,Generated test row 5450,todo,high,2026-12-31,
Performance task 5451,Generated test row 5451,in_progress,medium,2026-12-31,
Performance task 5452,Generated test row 5452,todo,medium,2026-12-31,
Performance task 5453,Generated test row 5453,todo,medium,2026-12-31,
Performance task 5454,Generated test row 5454,in_progress,medium,2026-12-31,
Performance task 5455,Generated test row 5455,todo,medium,2026-12-31,
Performance task 5456,Generated test row 5456,todo,medium,2026-12-31,
Performance task 5457,Generated test row 5457,in_progress,medium,2026-12-31,
Performance task 5458,Generated test row 5458,todo,medium,2026-12-31,
Performance task 5459,Generated test row 5459,todo,medium,2026-12-31,
Performance task 5460,Generated test row 5460,in_progress,high,2026-12-31,
Performance task 5461,Generated test row 5461,todo,medium,2026-12-31,
Performance task 5462,Generated test row 5462,todo,medium,2026-12-31,
Performance task 5463,Generated test row 5463,in_progress,medium,2026-12-31,
Performance task 5464,Generated test row 5464,todo,medium,2026-12-31,
Performance task 5465,Generated test row 5465,todo,medium,2026-12-31,
Performance task 5466,Generated test row 5466,in_progress,medium,2026-12-31,
Performance task 5467,Generated test row 5467,todo,medium,2026-12-31,
Performance task 5468,Generated test row 5468,todo,medium,2026-12-31,
Performance task 5469,Generated test row 5469,in_progress,medium,2026-12-31,
Performance task 5470,Generated test row 5470,todo,high,2026-12-31,
Performance task 5471,Generated test row 5471,todo,medium,2026-12-31,
Performance task 5472,Generated test row 5472,in_progress,medium,2026-12-31,
Performance task 5473,Generated test row 5473,todo,medium,2026-12-31,
Performance task 5474,Generated test row 5474,todo,medium,2026-12-31,
Performance task 5475,Generated test row 5475,in_progress,medium,2026-12-31,
Performance task 5476,Generated test row 5476,todo,medium,2026-12-31,
Performance task 5477,Generated test row 5477,todo,medium,2026-12-31,
Performance task 5478,Generated test row 5478,in_progress,medium,2026-12-31,
Performance task 5479,Generated test row 5479,todo,medium,2026-12-31,
Performance task 5480,Generated test row 5480,todo,high,2026-12-31,
Performance task 5481,Generated test row 5481,in_progress,medium,2026-12-31,
Performance task 5482,Generated test row 5482,todo,medium,2026-12-31,
Performance task 5483,Generated test row 5483,todo,medium,2026-12-31,
Performance task 5484,Generated test row 5484,in_progress,medium,2026-12-31,
Performance task 5485,Generated test row 5485,todo,medium,2026-12-31,
Performance task 5486,Generated test row 5486,todo,medium,2026-12-31,
Performance task 5487,Generated test row 5487,in_progress,medium,2026-12-31,
Performance task 5488,Generated test row 5488,todo,medium,2026-12-31,
Performance task 5489,Generated test row 5489,todo,medium,2026-12-31,
Performance task 5490,Generated test row 5490,in_progress,high,2026-12-31,
Performance task 5491,Generated test row 5491,todo,medium,2026-12-31,
Performance task 5492,Generated test row 5492,todo,medium,2026-12-31,
Performance task 5493,Generated test row 5493,in_progress,medium,2026-12-31,
Performance task 5494,Generated test row 5494,todo,medium,2026-12-31,
Performance task 5495,Generated test row 5495,todo,medium,2026-12-31,
Performance task 5496,Generated test row 5496,in_progress,medium,2026-12-31,
Performance task 5497,Generated test row 5497,todo,medium,2026-12-31,
Performance task 5498,Generated test row 5498,todo,medium,2026-12-31,
Performance task 5499,Generated test row 5499,in_progress,medium,2026-12-31,
Performance task 5500,Generated test row 5500,invalid_status,high,2026-12-31,
Performance task 5501,Generated test row 5501,todo,medium,2026-12-31,
Performance task 5502,Generated test row 5502,in_progress,medium,2026-12-31,
Performance task 5503,Generated test row 5503,todo,medium,2026-12-31,
Performance task 5504,Generated test row 5504,todo,medium,2026-12-31,
Performance task 5505,Generated test row 5505,in_progress,medium,2026-12-31,
Performance task 5506,Generated test row 5506,todo,medium,2026-12-31,
Performance task 5507,Generated test row 5507,todo,medium,2026-12-31,
Performance task 5508,Generated test row 5508,in_progress,medium,2026-12-31,
Performance task 5509,Generated test row 5509,todo,medium,2026-12-31,
Performance task 5510,Generated test row 5510,todo,high,2026-12-31,
Performance task 5511,Generated test row 5511,in_progress,medium,2026-12-31,
Performance task 5512,Generated test row 5512,todo,medium,2026-12-31,
Performance task 5513,Generated test row 5513,todo,medium,2026-12-31,
Performance task 5514,Generated test row 5514,in_progress,medium,2026-12-31,
Performance task 5515,Generated test row 5515,todo,medium,2026-12-31,
Performance task 5516,Generated test row 5516,todo,medium,2026-12-31,
Performance task 5517,Generated test row 5517,in_progress,medium,2026-12-31,
Performance task 5518,Generated test row 5518,todo,medium,2026-12-31,
Performance task 5519,Generated test row 5519,todo,medium,2026-12-31,
Performance task 5520,Generated test row 5520,in_progress,high,2026-12-31,
Performance task 5521,Generated test row 5521,todo,medium,2026-12-31,
Performance task 5522,Generated test row 5522,todo,medium,2026-12-31,
Performance task 5523,Generated test row 5523,in_progress,medium,2026-12-31,
Performance task 5524,Generated test row 5524,todo,medium,2026-12-31,
Performance task 5525,Generated test row 5525,todo,medium,2026-12-31,
Performance task 5526,Generated test row 5526,in_progress,medium,2026-12-31,
Performance task 5527,Generated test row 5527,todo,medium,2026-12-31,
Performance task 5528,Generated test row 5528,todo,medium,2026-12-31,
Performance task 5529,Generated test row 5529,in_progress,medium,2026-12-31,
Performance task 5530,Generated test row 5530,todo,high,2026-12-31,
Performance task 5531,Generated test row 5531,todo,medium,2026-12-31,
Performance task 5532,Generated test row 5532,in_progress,medium,2026-12-31,
Performance task 5533,Generated test row 5533,todo,medium,2026-12-31,
Performance task 5534,Generated test row 5534,todo,medium,2026-12-31,
Performance task 5535,Generated test row 5535,in_progress,medium,2026-12-31,
Performance task 5536,Generated test row 5536,todo,medium,2026-12-31,
Performance task 5537,Generated test row 5537,todo,medium,2026-12-31,
Performance task 5538,Generated test row 5538,in_progress,medium,2026-12-31,
Performance task 5539,Generated test row 5539,todo,medium,2026-12-31,
Performance task 5540,Generated test row 5540,todo,high,2026-12-31,
Performance task 5541,Generated test row 5541,in_progress,medium,2026-12-31,
Performance task 5542,Generated test row 5542,todo,medium,2026-12-31,
Performance task 5543,Generated test row 5543,todo,medium,2026-12-31,
Performance task 5544,Generated test row 5544,in_progress,medium,2026-12-31,
Performance task 5545,Generated test row 5545,todo,medium,2026-12-31,
Performance task 5546,Generated test row 5546,todo,medium,2026-12-31,
Performance task 5547,Generated test row 5547,in_progress,medium,2026-12-31,
Performance task 5548,Generated test row 5548,todo,medium,2026-12-31,
Performance task 5549,Generated test row 5549,todo,medium,2026-12-31,
Performance task 5550,Generated test row 5550,in_progress,high,2026-12-31,
Performance task 5551,Generated test row 5551,todo,medium,2026-12-31,
Performance task 5552,Generated test row 5552,todo,medium,2026-12-31,
Performance task 5553,Generated test row 5553,in_progress,medium,2026-12-31,
Performance task 5554,Generated test row 5554,todo,medium,2026-12-31,
Performance task 5555,Generated test row 5555,todo,medium,2026-12-31,
Performance task 5556,Generated test row 5556,in_progress,medium,2026-12-31,
Performance task 5557,Generated test row 5557,todo,medium,2026-12-31,
Performance task 5558,Generated test row 5558,todo,medium,2026-12-31,
Performance task 5559,Generated test row 5559,in_progress,medium,2026-12-31,
Performance task 5560,Generated test row 5560,todo,high,2026-12-31,
Performance task 5561,Generated test row 5561,todo,medium,2026-12-31,
Performance task 5562,Generated test row 5562,in_progress,medium,2026-12-31,
Performance task 5563,Generated test row 5563,todo,medium,2026-12-31,
Performance task 5564,Generated test row 5564,todo,medium,2026-12-31,
Performance task 5565,Generated test row 5565,in_progress,medium,2026-12-31,
Performance task 5566,Generated test row 5566,todo,medium,2026-12-31,
Performance task 5567,Generated test row 5567,todo,medium,2026-12-31,
Performance task 5568,Generated test row 5568,in_progress,medium,2026-12-31,
Performance task 5569,Generated test row 5569,todo,medium,2026-12-31,
Performance task 5570,Generated test row 5570,todo,high,2026-12-31,
Performance task 5571,Generated test row 5571,in_progress,medium,2026-12-31,
Performance task 5572,Generated test row 5572,todo,medium,2026-12-31,
Performance task 5573,Generated test row 5573,todo,medium,2026-12-31,
Performance task 5574,Generated test row 5574,in_progress,medium,2026-12-31,
Performance task 5575,Generated test row 5575,todo,medium,2026-12-31,
Performance task 5576,Generated test row 5576,todo,medium,2026-12-31,
Performance task 5577,Generated test row 5577,in_progress,medium,2026-12-31,
Performance task 5578,Generated test row 5578,todo,medium,2026-12-31,
Performance task 5579,Generated test row 5579,todo,medium,2026-12-31,
Performance task 5580,Generated test row 5580,in_progress,high,2026-12-31,
Performance task 5581,Generated test row 5581,todo,medium,2026-12-31,
Performance task 5582,Generated test row 5582,todo,medium,2026-12-31,
Performance task 5583,Generated test row 5583,in_progress,medium,2026-12-31,
Performance task 5584,Generated test row 5584,todo,medium,2026-12-31,
Performance task 5585,Generated test row 5585,todo,medium,2026-12-31,
Performance task 5586,Generated test row 5586,in_progress,medium,2026-12-31,
Performance task 5587,Generated test row 5587,todo,medium,2026-12-31,
Performance task 5588,Generated test row 5588,todo,medium,2026-12-31,
Performance task 5589,Generated test row 5589,in_progress,medium,2026-12-31,
Performance task 5590,Generated test row 5590,todo,high,2026-12-31,
Performance task 5591,Generated test row 5591,todo,medium,2026-12-31,
Performance task 5592,Generated test row 5592,in_progress,medium,2026-12-31,
Performance task 5593,Generated test row 5593,todo,medium,2026-12-31,
Performance task 5594,Generated test row 5594,todo,medium,2026-12-31,
Performance task 5595,Generated test row 5595,in_progress,medium,2026-12-31,
Performance task 5596,Generated test row 5596,todo,medium,2026-12-31,
Performance task 5597,Generated test row 5597,todo,medium,2026-12-31,
Performance task 5598,Generated test row 5598,in_progress,medium,2026-12-31,
Performance task 5599,Generated test row 5599,todo,medium,2026-12-31,
Performance task 5600,Generated test row 5600,invalid_status,high,2026-12-31,
Performance task 5601,Generated test row 5601,in_progress,medium,2026-12-31,
Performance task 5602,Generated test row 5602,todo,medium,2026-12-31,
Performance task 5603,Generated test row 5603,todo,medium,2026-12-31,
Performance task 5604,Generated test row 5604,in_progress,medium,2026-12-31,
Performance task 5605,Generated test row 5605,todo,medium,2026-12-31,
Performance task 5606,Generated test row 5606,todo,medium,2026-12-31,
Performance task 5607,Generated test row 5607,in_progress,medium,2026-12-31,
Performance task 5608,Generated test row 5608,todo,medium,2026-12-31,
Performance task 5609,Generated test row 5609,todo,medium,2026-12-31,
Performance task 5610,Generated test row 5610,in_progress,high,2026-12-31,
Performance task 5611,Generated test row 5611,todo,medium,2026-12-31,
Performance task 5612,Generated test row 5612,todo,medium,2026-12-31,
Performance task 5613,Generated test row 5613,in_progress,medium,2026-12-31,
Performance task 5614,Generated test row 5614,todo,medium,2026-12-31,
Performance task 5615,Generated test row 5615,todo,medium,2026-12-31,
Performance task 5616,Generated test row 5616,in_progress,medium,2026-12-31,
Performance task 5617,Generated test row 5617,todo,medium,2026-12-31,
Performance task 5618,Generated test row 5618,todo,medium,2026-12-31,
Performance task 5619,Generated test row 5619,in_progress,medium,2026-12-31,
Performance task 5620,Generated test row 5620,todo,high,2026-12-31,
Performance task 5621,Generated test row 5621,todo,medium,2026-12-31,
Performance task 5622,Generated test row 5622,in_progress,medium,2026-12-31,
Performance task 5623,Generated test row 5623,todo,medium,2026-12-31,
Performance task 5624,Generated test row 5624,todo,medium,2026-12-31,
Performance task 5625,Generated test row 5625,in_progress,medium,2026-12-31,
Performance task 5626,Generated test row 5626,todo,medium,2026-12-31,
Performance task 5627,Generated test row 5627,todo,medium,2026-12-31,
Performance task 5628,Generated test row 5628,in_progress,medium,2026-12-31,
Performance task 5629,Generated test row 5629,todo,medium,2026-12-31,
Performance task 5630,Generated test row 5630,todo,high,2026-12-31,
Performance task 5631,Generated test row 5631,in_progress,medium,2026-12-31,
Performance task 5632,Generated test row 5632,todo,medium,2026-12-31,
Performance task 5633,Generated test row 5633,todo,medium,2026-12-31,
Performance task 5634,Generated test row 5634,in_progress,medium,2026-12-31,
Performance task 5635,Generated test row 5635,todo,medium,2026-12-31,
Performance task 5636,Generated test row 5636,todo,medium,2026-12-31,
Performance task 5637,Generated test row 5637,in_progress,medium,2026-12-31,
Performance task 5638,Generated test row 5638,todo,medium,2026-12-31,
Performance task 5639,Generated test row 5639,todo,medium,2026-12-31,
Performance task 5640,Generated test row 5640,in_progress,high,2026-12-31,
Performance task 5641,Generated test row 5641,todo,medium,2026-12-31,
Performance task 5642,Generated test row 5642,todo,medium,2026-12-31,
Performance task 5643,Generated test row 5643,in_progress,medium,2026-12-31,
Performance task 5644,Generated test row 5644,todo,medium,2026-12-31,
Performance task 5645,Generated test row 5645,todo,medium,2026-12-31,
Performance task 5646,Generated test row 5646,in_progress,medium,2026-12-31,
Performance task 5647,Generated test row 5647,todo,medium,2026-12-31,
Performance task 5648,Generated test row 5648,todo,medium,2026-12-31,
Performance task 5649,Generated test row 5649,in_progress,medium,2026-12-31,
Performance task 5650,Generated test row 5650,todo,high,2026-12-31,
Performance task 5651,Generated test row 5651,todo,medium,2026-12-31,
Performance task 5652,Generated test row 5652,in_progress,medium,2026-12-31,
Performance task 5653,Generated test row 5653,todo,medium,2026-12-31,
Performance task 5654,Generated test row 5654,todo,medium,2026-12-31,
Performance task 5655,Generated test row 5655,in_progress,medium,2026-12-31,
Performance task 5656,Generated test row 5656,todo,medium,2026-12-31,
Performance task 5657,Generated test row 5657,todo,medium,2026-12-31,
Performance task 5658,Generated test row 5658,in_progress,medium,2026-12-31,
Performance task 5659,Generated test row 5659,todo,medium,2026-12-31,
Performance task 5660,Generated test row 5660,todo,high,2026-12-31,
Performance task 5661,Generated test row 5661,in_progress,medium,2026-12-31,
Performance task 5662,Generated test row 5662,todo,medium,2026-12-31,
Performance task 5663,Generated test row 5663,todo,medium,2026-12-31,
Performance task 5664,Generated test row 5664,in_progress,medium,2026-12-31,
Performance task 5665,Generated test row 5665,todo,medium,2026-12-31,
Performance task 5666,Generated test row 5666,todo,medium,2026-12-31,
Performance task 5667,Generated test row 5667,in_progress,medium,2026-12-31,
Performance task 5668,Generated test row 5668,todo,medium,2026-12-31,
Performance task 5669,Generated test row 5669,todo,medium,2026-12-31,
Performance task 5670,Generated test row 5670,in_progress,high,2026-12-31,
Performance task 5671,Generated test row 5671,todo,medium,2026-12-31,
Performance task 5672,Generated test row 5672,todo,medium,2026-12-31,
Performance task 5673,Generated test row 5673,in_progress,medium,2026-12-31,
Performance task 5674,Generated test row 5674,todo,medium,2026-12-31,
Performance task 5675,Generated test row 5675,todo,medium,2026-12-31,
Performance task 5676,Generated test row 5676,in_progress,medium,2026-12-31,
Performance task 5677,Generated test row 5677,todo,medium,2026-12-31,
Performance task 5678,Generated test row 5678,todo,medium,2026-12-31,
Performance task 5679,Generated test row 5679,in_progress,medium,2026-12-31,
Performance task 5680,Generated test row 5680,todo,high,2026-12-31,
Performance task 5681,Generated test row 5681,todo,medium,2026-12-31,
Performance task 5682,Generated test row 5682,in_progress,medium,2026-12-31,
Performance task 5683,Generated test row 5683,todo,medium,2026-12-31,
Performance task 5684,Generated test row 5684,todo,medium,2026-12-31,
Performance task 5685,Generated test row 5685,in_progress,medium,2026-12-31,
Performance task 5686,Generated test row 5686,todo,medium,2026-12-31,
Performance task 5687,Generated test row 5687,todo,medium,2026-12-31,
Performance task 5688,Generated test row 5688,in_progress,medium,2026-12-31,
Performance task 5689,Generated test row 5689,todo,medium,2026-12-31,
Performance task 5690,Generated test row 5690,todo,high,2026-12-31,
Performance task 5691,Generated test row 5691,in_progress,medium,2026-12-31,
Performance task 5692,Generated test row 5692,todo,medium,2026-12-31,
Performance task 5693,Generated test row 5693,todo,medium,2026-12-31,
Performance task 5694,Generated test row 5694,in_progress,medium,2026-12-31,
Performance task 5695,Generated test row 5695,todo,medium,2026-12-31,
Performance task 5696,Generated test row 5696,todo,medium,2026-12-31,
Performance task 5697,Generated test row 5697,in_progress,medium,2026-12-31,
Performance task 5698,Generated test row 5698,todo,medium,2026-12-31,
Performance task 5699,Generated test row 5699,todo,medium,2026-12-31,
Performance task 5700,Generated test row 5700,invalid_status,high,2026-12-31,
Performance task 5701,Generated test row 5701,todo,medium,2026-12-31,
Performance task 5702,Generated test row 5702,todo,medium,2026-12-31,
Performance task 5703,Generated test row 5703,in_progress,medium,2026-12-31,
Performance task 5704,Generated test row 5704,todo,medium,2026-12-31,
Performance task 5705,Generated test row 5705,todo,medium,2026-12-31,
Performance task 5706,Generated test row 5706,in_progress,medium,2026-12-31,
Performance task 5707,Generated test row 5707,todo,medium,2026-12-31,
Performance task 5708,Generated test row 5708,todo,medium,2026-12-31,
Performance task 5709,Generated test row 5709,in_progress,medium,2026-12-31,
Performance task 5710,Generated test row 5710,todo,high,2026-12-31,
Performance task 5711,Generated test row 5711,todo,medium,2026-12-31,
Performance task 5712,Generated test row 5712,in_progress,medium,2026-12-31,
Performance task 5713,Generated test row 5713,todo,medium,2026-12-31,
Performance task 5714,Generated test row 5714,todo,medium,2026-12-31,
Performance task 5715,Generated test row 5715,in_progress,medium,2026-12-31,
Performance task 5716,Generated test row 5716,todo,medium,2026-12-31,
Performance task 5717,Generated test row 5717,todo,medium,2026-12-31,
Performance task 5718,Generated test row 5718,in_progress,medium,2026-12-31,
Performance task 5719,Generated test row 5719,todo,medium,2026-12-31,
Performance task 5720,Generated test row 5720,todo,high,2026-12-31,
Performance task 5721,Generated test row 5721,in_progress,medium,2026-12-31,
Performance task 5722,Generated test row 5722,todo,medium,2026-12-31,
Performance task 5723,Generated test row 5723,todo,medium,2026-12-31,
Performance task 5724,Generated test row 5724,in_progress,medium,2026-12-31,
Performance task 5725,Generated test row 5725,todo,medium,2026-12-31,
Performance task 5726,Generated test row 5726,todo,medium,2026-12-31,
Performance task 5727,Generated test row 5727,in_progress,medium,2026-12-31,
Performance task 5728,Generated test row 5728,todo,medium,2026-12-31,
Performance task 5729,Generated test row 5729,todo,medium,2026-12-31,
Performance task 5730,Generated test row 5730,in_progress,high,2026-12-31,
Performance task 5731,Generated test row 5731,todo,medium,2026-12-31,
Performance task 5732,Generated test row 5732,todo,medium,2026-12-31,
Performance task 5733,Generated test row 5733,in_progress,medium,2026-12-31,
Performance task 5734,Generated test row 5734,todo,medium,2026-12-31,
Performance task 5735,Generated test row 5735,todo,medium,2026-12-31,
Performance task 5736,Generated test row 5736,in_progress,medium,2026-12-31,
Performance task 5737,Generated test row 5737,todo,medium,2026-12-31,
Performance task 5738,Generated test row 5738,todo,medium,2026-12-31,
Performance task 5739,Generated test row 5739,in_progress,medium,2026-12-31,
Performance task 5740,Generated test row 5740,todo,high,2026-12-31,
Performance task 5741,Generated test row 5741,todo,medium,2026-12-31,
Performance task 5742,Generated test row 5742,in_progress,medium,2026-12-31,
Performance task 5743,Generated test row 5743,todo,medium,2026-12-31,
Performance task 5744,Generated test row 5744,todo,medium,2026-12-31,
Performance task 5745,Generated test row 5745,in_progress,medium,2026-12-31,
Performance task 5746,Generated test row 5746,todo,medium,2026-12-31,
Performance task 5747,Generated test row 5747,todo,medium,2026-12-31,
Performance task 5748,Generated test row 5748,in_progress,medium,2026-12-31,
Performance task 5749,Generated test row 5749,todo,medium,2026-12-31,
Performance task 5750,Generated test row 5750,todo,high,2026-12-31,
Performance task 5751,Generated test row 5751,in_progress,medium,2026-12-31,
Performance task 5752,Generated test row 5752,todo,medium,2026-12-31,
Performance task 5753,Generated test row 5753,todo,medium,2026-12-31,
Performance task 5754,Generated test row 5754,in_progress,medium,2026-12-31,
Performance task 5755,Generated test row 5755,todo,medium,2026-12-31,
Performance task 5756,Generated test row 5756,todo,medium,2026-12-31,
Performance task 5757,Generated test row 5757,in_progress,medium,2026-12-31,
Performance task 5758,Generated test row 5758,todo,medium,2026-12-31,
Performance task 5759,Generated test row 5759,todo,medium,2026-12-31,
Performance task 5760,Generated test row 5760,in_progress,high,2026-12-31,
Performance task 5761,Generated test row 5761,todo,medium,2026-12-31,
Performance task 5762,Generated test row 5762,todo,medium,2026-12-31,
Performance task 5763,Generated test row 5763,in_progress,medium,2026-12-31,
Performance task 5764,Generated test row 5764,todo,medium,2026-12-31,
Performance task 5765,Generated test row 5765,todo,medium,2026-12-31,
Performance task 5766,Generated test row 5766,in_progress,medium,2026-12-31,
Performance task 5767,Generated test row 5767,todo,medium,2026-12-31,
Performance task 5768,Generated test row 5768,todo,medium,2026-12-31,
Performance task 5769,Generated test row 5769,in_progress,medium,2026-12-31,
Performance task 5770,Generated test row 5770,todo,high,2026-12-31,
Performance task 5771,Generated test row 5771,todo,medium,2026-12-31,
Performance task 5772,Generated test row 5772,in_progress,medium,2026-12-31,
Performance task 5773,Generated test row 5773,todo,medium,2026-12-31,
Performance task 5774,Generated test row 5774,todo,medium,2026-12-31,
Performance task 5775,Generated test row 5775,in_progress,medium,2026-12-31,
Performance task 5776,Generated test row 5776,todo,medium,2026-12-31,
Performance task 5777,Generated test row 5777,todo,medium,2026-12-31,
Performance task 5778,Generated test row 5778,in_progress,medium,2026-12-31,
Performance task 5779,Generated test row 5779,todo,medium,2026-12-31,
Performance task 5780,Generated test row 5780,todo,high,2026-12-31,
Performance task 5781,Generated test row 5781,in_progress,medium,2026-12-31,
Performance task 5782,Generated test row 5782,todo,medium,2026-12-31,
Performance task 5783,Generated test row 5783,todo,medium,2026-12-31,
Performance task 5784,Generated test row 5784,in_progress,medium,2026-12-31,
Performance task 5785,Generated test row 5785,todo,medium,2026-12-31,
Performance task 5786,Generated test row 5786,todo,medium,2026-12-31,
Performance task 5787,Generated test row 5787,in_progress,medium,2026-12-31,
Performance task 5788,Generated test row 5788,todo,medium,2026-12-31,
Performance task 5789,Generated test row 5789,todo,medium,2026-12-31,
Performance task 5790,Generated test row 5790,in_progress,high,2026-12-31,
Performance task 5791,Generated test row 5791,todo,medium,2026-12-31,
Performance task 5792,Generated test row 5792,todo,medium,2026-12-31,
Performance task 5793,Generated test row 5793,in_progress,medium,2026-12-31,
Performance task 5794,Generated test row 5794,todo,medium,2026-12-31,
Performance task 5795,Generated test row 5795,todo,medium,2026-12-31,
Performance task 5796,Generated test row 5796,in_progress,medium,2026-12-31,
Performance task 5797,Generated test row 5797,todo,medium,2026-12-31,
Performance task 5798,Generated test row 5798,todo,medium,2026-12-31,
Performance task 5799,Generated test row 5799,in_progress,medium,2026-12-31,
Performance task 5800,Generated test row 5800,invalid_status,high,2026-12-31,
Performance task 5801,Generated test row 5801,todo,medium,2026-12-31,
Performance task 5802,Generated test row 5802,in_progress,medium,2026-12-31,
Performance task 5803,Generated test row 5803,todo,medium,2026-12-31,
Performance task 5804,Generated test row 5804,todo,medium,2026-12-31,
Performance task 5805,Generated test row 5805,in_progress,medium,2026-12-31,
Performance task 5806,Generated test row 5806,todo,medium,2026-12-31,
Performance task 5807,Generated test row 5807,todo,medium,2026-12-31,
Performance task 5808,Generated test row 5808,in_progress,medium,2026-12-31,
Performance task 5809,Generated test row 5809,todo,medium,2026-12-31,
Performance task 5810,Generated test row 5810,todo,high,2026-12-31,
Performance task 5811,Generated test row 5811,in_progress,medium,2026-12-31,
Performance task 5812,Generated test row 5812,todo,medium,2026-12-31,
Performance task 5813,Generated test row 5813,todo,medium,2026-12-31,
Performance task 5814,Generated test row 5814,in_progress,medium,2026-12-31,
Performance task 5815,Generated test row 5815,todo,medium,2026-12-31,
Performance task 5816,Generated test row 5816,todo,medium,2026-12-31,
Performance task 5817,Generated test row 5817,in_progress,medium,2026-12-31,
Performance task 5818,Generated test row 5818,todo,medium,2026-12-31,
Performance task 5819,Generated test row 5819,todo,medium,2026-12-31,
Performance task 5820,Generated test row 5820,in_progress,high,2026-12-31,
Performance task 5821,Generated test row 5821,todo,medium,2026-12-31,
Performance task 5822,Generated test row 5822,todo,medium,2026-12-31,
Performance task 5823,Generated test row 5823,in_progress,medium,2026-12-31,
Performance task 5824,Generated test row 5824,todo,medium,2026-12-31,
Performance task 5825,Generated test row 5825,todo,medium,2026-12-31,
Performance task 5826,Generated test row 5826,in_progress,medium,2026-12-31,
Performance task 5827,Generated test row 5827,todo,medium,2026-12-31,
Performance task 5828,Generated test row 5828,todo,medium,2026-12-31,
Performance task 5829,Generated test row 5829,in_progress,medium,2026-12-31,
Performance task 5830,Generated test row 5830,todo,high,2026-12-31,
Performance task 5831,Generated test row 5831,todo,medium,2026-12-31,
Performance task 5832,Generated test row 5832,in_progress,medium,2026-12-31,
Performance task 5833,Generated test row 5833,todo,medium,2026-12-31,
Performance task 5834,Generated test row 5834,todo,medium,2026-12-31,
Performance task 5835,Generated test row 5835,in_progress,medium,2026-12-31,
Performance task 5836,Generated test row 5836,todo,medium,2026-12-31,
Performance task 5837,Generated test row 5837,todo,medium,2026-12-31,
Performance task 5838,Generated test row 5838,in_progress,medium,2026-12-31,
Performance task 5839,Generated test row 5839,todo,medium,2026-12-31,
Performance task 5840,Generated test row 5840,todo,high,2026-12-31,
Performance task 5841,Generated test row 5841,in_progress,medium,2026-12-31,
Performance task 5842,Generated test row 5842,todo,medium,2026-12-31,
Performance task 5843,Generated test row 5843,todo,medium,2026-12-31,
Performance task 5844,Generated test row 5844,in_progress,medium,2026-12-31,
Performance task 5845,Generated test row 5845,todo,medium,2026-12-31,
Performance task 5846,Generated test row 5846,todo,medium,2026-12-31,
Performance task 5847,Generated test row 5847,in_progress,medium,2026-12-31,
Performance task 5848,Generated test row 5848,todo,medium,2026-12-31,
Performance task 5849,Generated test row 5849,todo,medium,2026-12-31,
Performance task 5850,Generated test row 5850,in_progress,high,2026-12-31,
Performance task 5851,Generated test row 5851,todo,medium,2026-12-31,
Performance task 5852,Generated test row 5852,todo,medium,2026-12-31,
Performance task 5853,Generated test row 5853,in_progress,medium,2026-12-31,
Performance task 5854,Generated test row 5854,todo,medium,2026-12-31,
Performance task 5855,Generated test row 5855,todo,medium,2026-12-31,
Performance task 5856,Generated test row 5856,in_progress,medium,2026-12-31,
Performance task 5857,Generated test row 5857,todo,medium,2026-12-31,
Performance task 5858,Generated test row 5858,todo,medium,2026-12-31,
Performance task 5859,Generated test row 5859,in_progress,medium,2026-12-31,
Performance task 5860,Generated test row 5860,todo,high,2026-12-31,
Performance task 5861,Generated test row 5861,todo,medium,2026-12-31,
Performance task 5862,Generated test row 5862,in_progress,medium,2026-12-31,
Performance task 5863,Generated test row 5863,todo,medium,2026-12-31,
Performance task 5864,Generated test row 5864,todo,medium,2026-12-31,
Performance task 5865,Generated test row 5865,in_progress,medium,2026-12-31,
Performance task 5866,Generated test row 5866,todo,medium,2026-12-31,
Performance task 5867,Generated test row 5867,todo,medium,2026-12-31,
Performance task 5868,Generated test row 5868,in_progress,medium,2026-12-31,
Performance task 5869,Generated test row 5869,todo,medium,2026-12-31,
Performance task 5870,Generated test row 5870,todo,high,2026-12-31,
Performance task 5871,Generated test row 5871,in_progress,medium,2026-12-31,
Performance task 5872,Generated test row 5872,todo,medium,2026-12-31,
Performance task 5873,Generated test row 5873,todo,medium,2026-12-31,
Performance task 5874,Generated test row 5874,in_progress,medium,2026-12-31,
Performance task 5875,Generated test row 5875,todo,medium,2026-12-31,
Performance task 5876,Generated test row 5876,todo,medium,2026-12-31,
Performance task 5877,Generated test row 5877,in_progress,medium,2026-12-31,
Performance task 5878,Generated test row 5878,todo,medium,2026-12-31,
Performance task 5879,Generated test row 5879,todo,medium,2026-12-31,
Performance task 5880,Generated test row 5880,in_progress,high,2026-12-31,
Performance task 5881,Generated test row 5881,todo,medium,2026-12-31,
Performance task 5882,Generated test row 5882,todo,medium,2026-12-31,
Performance task 5883,Generated test row 5883,in_progress,medium,2026-12-31,
Performance task 5884,Generated test row 5884,todo,medium,2026-12-31,
Performance task 5885,Generated test row 5885,todo,medium,2026-12-31,
Performance task 5886,Generated test row 5886,in_progress,medium,2026-12-31,
Performance task 5887,Generated test row 5887,todo,medium,2026-12-31,
Performance task 5888,Generated test row 5888,todo,medium,2026-12-31,
Performance task 5889,Generated test row 5889,in_progress,medium,2026-12-31,
Performance task 5890,Generated test row 5890,todo,high,2026-12-31,
Performance task 5891,Generated test row 5891,todo,medium,2026-12-31,
Performance task 5892,Generated test row 5892,in_progress,medium,2026-12-31,
Performance task 5893,Generated test row 5893,todo,medium,2026-12-31,
Performance task 5894,Generated test row 5894,todo,medium,2026-12-31,
Performance task 5895,Generated test row 5895,in_progress,medium,2026-12-31,
Performance task 5896,Generated test row 5896,todo,medium,2026-12-31,
Performance task 5897,Generated test row 5897,todo,medium,2026-12-31,
Performance task 5898,Generated test row 5898,in_progress,medium,2026-12-31,
Performance task 5899,Generated test row 5899,todo,medium,2026-12-31,
Performance task 5900,Generated test row 5900,invalid_status,high,2026-12-31,
Performance task 5901,Generated test row 5901,in_progress,medium,2026-12-31,
Performance task 5902,Generated test row 5902,todo,medium,2026-12-31,
Performance task 5903,Generated test row 5903,todo,medium,2026-12-31,
Performance task 5904,Generated test row 5904,in_progress,medium,2026-12-31,
Performance task 5905,Generated test row 5905,todo,medium,2026-12-31,
Performance task 5906,Generated test row 5906,todo,medium,2026-12-31,
Performance task 5907,Generated test row 5907,in_progress,medium,2026-12-31,
Performance task 5908,Generated test row 5908,todo,medium,2026-12-31,
Performance task 5909,Generated test row 5909,todo,medium,2026-12-31,
Performance task 5910,Generated test row 5910,in_progress,high,2026-12-31,
Performance task 5911,Generated test row 5911,todo,medium,2026-12-31,
Performance task 5912,Generated test row 5912,todo,medium,2026-12-31,
Performance task 5913,Generated test row 5913,in_progress,medium,2026-12-31,
Performance task 5914,Generated test row 5914,todo,medium,2026-12-31,
Performance task 5915,Generated test row 5915,todo,medium,2026-12-31,
Performance task 5916,Generated test row 5916,in_progress,medium,2026-12-31,
Performance task 5917,Generated test row 5917,todo,medium,2026-12-31,
Performance task 5918,Generated test row 5918,todo,medium,2026-12-31,
Performance task 5919,Generated test row 5919,in_progress,medium,2026-12-31,
Performance task 5920,Generated test row 5920,todo,high,2026-12-31,
Performance task 5921,Generated test row 5921,todo,medium,2026-12-31,
Performance task 5922,Generated test row 5922,in_progress,medium,2026-12-31,
Performance task 5923,Generated test row 5923,todo,medium,2026-12-31,
Performance task 5924,Generated test row 5924,todo,medium,2026-12-31,
Performance task 5925,Generated test row 5925,in_progress,medium,2026-12-31,
Performance task 5926,Generated test row 5926,todo,medium,2026-12-31,
Performance task 5927,Generated test row 5927,todo,medium,2026-12-31,
Performance task 5928,Generated test row 5928,in_progress,medium,2026-12-31,
Performance task 5929,Generated test row 5929,todo,medium,2026-12-31,
Performance task 5930,Generated test row 5930,todo,high,2026-12-31,
Performance task 5931,Generated test row 5931,in_progress,medium,2026-12-31,
Performance task 5932,Generated test row 5932,todo,medium,2026-12-31,
Performance task 5933,Generated test row 5933,todo,medium,2026-12-31,
Performance task 5934,Generated test row 5934,in_progress,medium,2026-12-31,
Performance task 5935,Generated test row 5935,todo,medium,2026-12-31,
Performance task 5936,Generated test row 5936,todo,medium,2026-12-31,
Performance task 5937,Generated test row 5937,in_progress,medium,2026-12-31,
Performance task 5938,Generated test row 5938,todo,medium,2026-12-31,
Performance task 5939,Generated test row 5939,todo,medium,2026-12-31,
Performance task 5940,Generated test row 5940,in_progress,high,2026-12-31,
Performance task 5941,Generated test row 5941,todo,medium,2026-12-31,
Performance task 5942,Generated test row 5942,todo,medium,2026-12-31,
Performance task 5943,Generated test row 5943,in_progress,medium,2026-12-31,
Performance task 5944,Generated test row 5944,todo,medium,2026-12-31,
Performance task 5945,Generated test row 5945,todo,medium,2026-12-31,
Performance task 5946,Generated test row 5946,in_progress,medium,2026-12-31,
Performance task 5947,Generated test row 5947,todo,medium,2026-12-31,
Performance task 5948,Generated test row 5948,todo,medium,2026-12-31,
Performance task 5949,Generated test row 5949,in_progress,medium,2026-12-31,
Performance task 5950,Generated test row 5950,todo,high,2026-12-31,
Performance task 5951,Generated test row 5951,todo,medium,2026-12-31,
Performance task 5952,Generated test row 5952,in_progress,medium,2026-12-31,
Performance task 5953,Generated test row 5953,todo,medium,2026-12-31,
Performance task 5954,Generated test row 5954,todo,medium,2026-12-31,
Performance task 5955,Generated test row 5955,in_progress,medium,2026-12-31,
Performance task 5956,Generated test row 5956,todo,medium,2026-12-31,
Performance task 5957,Generated test row 5957,todo,medium,2026-12-31,
Performance task 5958,Generated test row 5958,in_progress,medium,2026-12-31,
Performance task 5959,Generated test row 5959,todo,medium,2026-12-31,
Performance task 5960,Generated test row 5960,todo,high,2026-12-31,
Performance task 5961,Generated test row 5961,in_progress,medium,2026-12-31,
Performance task 5962,Generated test row 5962,todo,medium,2026-12-31,
Performance task 5963,Generated test row 5963,todo,medium,2026-12-31,
Performance task 5964,Generated test row 5964,in_progress,medium,2026-12-31,
Performance task 5965,Generated test row 5965,todo,medium,2026-12-31,
Performance task 5966,Generated test row 5966,todo,medium,2026-12-31,
Performance task 5967,Generated test row 5967,in_progress,medium,2026-12-31,
Performance task 5968,Generated test row 5968,todo,medium,2026-12-31,
Performance task 5969,Generated test row 5969,todo,medium,2026-12-31,
Performance task 5970,Generated test row 5970,in_progress,high,2026-12-31,
Performance task 5971,Generated test row 5971,todo,medium,2026-12-31,
Performance task 5972,Generated test row 5972,todo,medium,2026-12-31,
Performance task 5973,Generated test row 5973,in_progress,medium,2026-12-31,
Performance task 5974,Generated test row 5974,todo,medium,2026-12-31,
Performance task 5975,Generated test row 5975,todo,medium,2026-12-31,
Performance task 5976,Generated test row 5976,in_progress,medium,2026-12-31,
Performance task 5977,Generated test row 5977,todo,medium,2026-12-31,
Performance task 5978,Generated test row 5978,todo,medium,2026-12-31,
Performance task 5979,Generated test row 5979,in_progress,medium,2026-12-31,
Performance task 5980,Generated test row 5980,todo,high,2026-12-31,
Performance task 5981,Generated test row 5981,todo,medium,2026-12-31,
Performance task 5982,Generated test row 5982,in_progress,medium,2026-12-31,
Performance task 5983,Generated test row 5983,todo,medium,2026-12-31,
Performance task 5984,Generated test row 5984,todo,medium,2026-12-31,
Performance task 5985,Generated test row 5985,in_progress,medium,2026-12-31,
Performance task 5986,Generated test row 5986,todo,medium,2026-12-31,
Performance task 5987,Generated test row 5987,todo,medium,2026-12-31,
Performance task 5988,Generated test row 5988,in_progress,medium,2026-12-31,
Performance task 5989,Generated test row 5989,todo,medium,2026-12-31,
Performance task 5990,Generated test row 5990,todo,high,2026-12-31,
Performance task 5991,Generated test row 5991,in_progress,medium,2026-12-31,
Performance task 5992,Generated test row 5992,todo,medium,2026-12-31,
Performance task 5993,Generated test row 5993,todo,medium,2026-12-31,
Performance task 5994,Generated test row 5994,in_progress,medium,2026-12-31,
Performance task 5995,Generated test row 5995,todo,medium,2026-12-31,
Performance task 5996,Generated test row 5996,todo,medium,2026-12-31,
Performance task 5997,Generated test row 5997,in_progress,medium,2026-12-31,
Performance task 5998,Generated test row 5998,todo,medium,2026-12-31,
Performance task 5999,Generated test row 5999,todo,medium,2026-12-31,
Performance task 6000,Generated test row 6000,invalid_status,high,2026-12-31,
Performance task 6001,Generated test row 6001,todo,medium,2026-12-31,
Performance task 6002,Generated test row 6002,todo,medium,2026-12-31,
Performance task 6003,Generated test row 6003,in_progress,medium,2026-12-31,
Performance task 6004,Generated test row 6004,todo,medium,2026-12-31,
Performance task 6005,Generated test row 6005,todo,medium,2026-12-31,
Performance task 6006,Generated test row 6006,in_progress,medium,2026-12-31,
Performance task 6007,Generated test row 6007,todo,medium,2026-12-31,
Performance task 6008,Generated test row 6008,todo,medium,2026-12-31,
Performance task 6009,Generated test row 6009,in_progress,medium,2026-12-31,
Performance task 6010,Generated test row 6010,todo,high,2026-12-31,
Performance task 6011,Generated test row 6011,todo,medium,2026-12-31,
Performance task 6012,Generated test row 6012,in_progress,medium,2026-12-31,
Performance task 6013,Generated test row 6013,todo,medium,2026-12-31,
Performance task 6014,Generated test row 6014,todo,medium,2026-12-31,
Performance task 6015,Generated test row 6015,in_progress,medium,2026-12-31,
Performance task 6016,Generated test row 6016,todo,medium,2026-12-31,
Performance task 6017,Generated test row 6017,todo,medium,2026-12-31,
Performance task 6018,Generated test row 6018,in_progress,medium,2026-12-31,
Performance task 6019,Generated test row 6019,todo,medium,2026-12-31,
Performance task 6020,Generated test row 6020,todo,high,2026-12-31,
Performance task 6021,Generated test row 6021,in_progress,medium,2026-12-31,
Performance task 6022,Generated test row 6022,todo,medium,2026-12-31,
Performance task 6023,Generated test row 6023,todo,medium,2026-12-31,
Performance task 6024,Generated test row 6024,in_progress,medium,2026-12-31,
Performance task 6025,Generated test row 6025,todo,medium,2026-12-31,
Performance task 6026,Generated test row 6026,todo,medium,2026-12-31,
Performance task 6027,Generated test row 6027,in_progress,medium,2026-12-31,
Performance task 6028,Generated test row 6028,todo,medium,2026-12-31,
Performance task 6029,Generated test row 6029,todo,medium,2026-12-31,
Performance task 6030,Generated test row 6030,in_progress,high,2026-12-31,
Performance task 6031,Generated test row 6031,todo,medium,2026-12-31,
Performance task 6032,Generated test row 6032,todo,medium,2026-12-31,
Performance task 6033,Generated test row 6033,in_progress,medium,2026-12-31,
Performance task 6034,Generated test row 6034,todo,medium,2026-12-31,
Performance task 6035,Generated test row 6035,todo,medium,2026-12-31,
Performance task 6036,Generated test row 6036,in_progress,medium,2026-12-31,
Performance task 6037,Generated test row 6037,todo,medium,2026-12-31,
Performance task 6038,Generated test row 6038,todo,medium,2026-12-31,
Performance task 6039,Generated test row 6039,in_progress,medium,2026-12-31,
Performance task 6040,Generated test row 6040,todo,high,2026-12-31,
Performance task 6041,Generated test row 6041,todo,medium,2026-12-31,
Performance task 6042,Generated test row 6042,in_progress,medium,2026-12-31,
Performance task 6043,Generated test row 6043,todo,medium,2026-12-31,
Performance task 6044,Generated test row 6044,todo,medium,2026-12-31,
Performance task 6045,Generated test row 6045,in_progress,medium,2026-12-31,
Performance task 6046,Generated test row 6046,todo,medium,2026-12-31,
Performance task 6047,Generated test row 6047,todo,medium,2026-12-31,
Performance task 6048,Generated test row 6048,in_progress,medium,2026-12-31,
Performance task 6049,Generated test row 6049,todo,medium,2026-12-31,
Performance task 6050,Generated test row 6050,todo,high,2026-12-31,
Performance task 6051,Generated test row 6051,in_progress,medium,2026-12-31,
Performance task 6052,Generated test row 6052,todo,medium,2026-12-31,
Performance task 6053,Generated test row 6053,todo,medium,2026-12-31,
Performance task 6054,Generated test row 6054,in_progress,medium,2026-12-31,
Performance task 6055,Generated test row 6055,todo,medium,2026-12-31,
Performance task 6056,Generated test row 6056,todo,medium,2026-12-31,
Performance task 6057,Generated test row 6057,in_progress,medium,2026-12-31,
Performance task 6058,Generated test row 6058,todo,medium,2026-12-31,
Performance task 6059,Generated test row 6059,todo,medium,2026-12-31,
Performance task 6060,Generated test row 6060,in_progress,high,2026-12-31,
Performance task 6061,Generated test row 6061,todo,medium,2026-12-31,
Performance task 6062,Generated test row 6062,todo,medium,2026-12-31,
Performance task 6063,Generated test row 6063,in_progress,medium,2026-12-31,
Performance task 6064,Generated test row 6064,todo,medium,2026-12-31,
Performance task 6065,Generated test row 6065,todo,medium,2026-12-31,
Performance task 6066,Generated test row 6066,in_progress,medium,2026-12-31,
Performance task 6067,Generated test row 6067,todo,medium,2026-12-31,
Performance task 6068,Generated test row 6068,todo,medium,2026-12-31,
Performance task 6069,Generated test row 6069,in_progress,medium,2026-12-31,
Performance task 6070,Generated test row 6070,todo,high,2026-12-31,
Performance task 6071,Generated test row 6071,todo,medium,2026-12-31,
Performance task 6072,Generated test row 6072,in_progress,medium,2026-12-31,
Performance task 6073,Generated test row 6073,todo,medium,2026-12-31,
Performance task 6074,Generated test row 6074,todo,medium,2026-12-31,
Performance task 6075,Generated test row 6075,in_progress,medium,2026-12-31,
Performance task 6076,Generated test row 6076,todo,medium,2026-12-31,
Performance task 6077,Generated test row 6077,todo,medium,2026-12-31,
Performance task 6078,Generated test row 6078,in_progress,medium,2026-12-31,
Performance task 6079,Generated test row 6079,todo,medium,2026-12-31,
Performance task 6080,Generated test row 6080,todo,high,2026-12-31,
Performance task 6081,Generated test row 6081,in_progress,medium,2026-12-31,
Performance task 6082,Generated test row 6082,todo,medium,2026-12-31,
Performance task 6083,Generated test row 6083,todo,medium,2026-12-31,
Performance task 6084,Generated test row 6084,in_progress,medium,2026-12-31,
Performance task 6085,Generated test row 6085,todo,medium,2026-12-31,
Performance task 6086,Generated test row 6086,todo,medium,2026-12-31,
Performance task 6087,Generated test row 6087,in_progress,medium,2026-12-31,
Performance task 6088,Generated test row 6088,todo,medium,2026-12-31,
Performance task 6089,Generated test row 6089,todo,medium,2026-12-31,
Performance task 6090,Generated test row 6090,in_progress,high,2026-12-31,
Performance task 6091,Generated test row 6091,todo,medium,2026-12-31,
Performance task 6092,Generated test row 6092,todo,medium,2026-12-31,
Performance task 6093,Generated test row 6093,in_progress,medium,2026-12-31,
Performance task 6094,Generated test row 6094,todo,medium,2026-12-31,
Performance task 6095,Generated test row 6095,todo,medium,2026-12-31,
Performance task 6096,Generated test row 6096,in_progress,medium,2026-12-31,
Performance task 6097,Generated test row 6097,todo,medium,2026-12-31,
Performance task 6098,Generated test row 6098,todo,medium,2026-12-31,
Performance task 6099,Generated test row 6099,in_progress,medium,2026-12-31,
Performance task 6100,Generated test row 6100,invalid_status,high,2026-12-31,
Performance task 6101,Generated test row 6101,todo,medium,2026-12-31,
Performance task 6102,Generated test row 6102,in_progress,medium,2026-12-31,
Performance task 6103,Generated test row 6103,todo,medium,2026-12-31,
Performance task 6104,Generated test row 6104,todo,medium,2026-12-31,
Performance task 6105,Generated test row 6105,in_progress,medium,2026-12-31,
Performance task 6106,Generated test row 6106,todo,medium,2026-12-31,
Performance task 6107,Generated test row 6107,todo,medium,2026-12-31,
Performance task 6108,Generated test row 6108,in_progress,medium,2026-12-31,
Performance task 6109,Generated test row 6109,todo,medium,2026-12-31,
Performance task 6110,Generated test row 6110,todo,high,2026-12-31,
Performance task 6111,Generated test row 6111,in_progress,medium,2026-12-31,
Performance task 6112,Generated test row 6112,todo,medium,2026-12-31,
Performance task 6113,Generated test row 6113,todo,medium,2026-12-31,
Performance task 6114,Generated test row 6114,in_progress,medium,2026-12-31,
Performance task 6115,Generated test row 6115,todo,medium,2026-12-31,
Performance task 6116,Generated test row 6116,todo,medium,2026-12-31,
Performance task 6117,Generated test row 6117,in_progress,medium,2026-12-31,
Performance task 6118,Generated test row 6118,todo,medium,2026-12-31,
Performance task 6119,Generated test row 6119,todo,medium,2026-12-31,
Performance task 6120,Generated test row 6120,in_progress,high,2026-12-31,
Performance task 6121,Generated test row 6121,todo,medium,2026-12-31,
Performance task 6122,Generated test row 6122,todo,medium,2026-12-31,
Performance task 6123,Generated test row 6123,in_progress,medium,2026-12-31,
Performance task 6124,Generated test row 6124,todo,medium,2026-12-31,
Performance task 6125,Generated test row 6125,todo,medium,2026-12-31,
Performance task 6126,Generated test row 6126,in_progress,medium,2026-12-31,
Performance task 6127,Generated test row 6127,todo,medium,2026-12-31,
Performance task 6128,Generated test row 6128,todo,medium,2026-12-31,
Performance task 6129,Generated test row 6129,in_progress,medium,2026-12-31,
Performance task 6130,Generated test row 6130,todo,high,2026-12-31,
Performance task 6131,Generated test row 6131,todo,medium,2026-12-31,
Performance task 6132,Generated test row 6132,in_progress,medium,2026-12-31,
Performance task 6133,Generated test row 6133,todo,medium,2026-12-31,
Performance task 6134,Generated test row 6134,todo,medium,2026-12-31,
Performance task 6135,Generated test row 6135,in_progress,medium,2026-12-31,
Performance task 6136,Generated test row 6136,todo,medium,2026-12-31,
Performance task 6137,Generated test row 6137,todo,medium,2026-12-31,
Performance task 6138,Generated test row 6138,in_progress,medium,2026-12-31,
Performance task 6139,Generated test row 6139,todo,medium,2026-12-31,
Performance task 6140,Generated test row 6140,todo,high,2026-12-31,
Performance task 6141,Generated test row 6141,in_progress,medium,2026-12-31,
Performance task 6142,Generated test row 6142,todo,medium,2026-12-31,
Performance task 6143,Generated test row 6143,todo,medium,2026-12-31,
Performance task 6144,Generated test row 6144,in_progress,medium,2026-12-31,
Performance task 6145,Generated test row 6145,todo,medium,2026-12-31,
Performance task 6146,Generated test row 6146,todo,medium,2026-12-31,
Performance task 6147,Generated test row 6147,in_progress,medium,2026-12-31,
Performance task 6148,Generated test row 6148,todo,medium,2026-12-31,
Performance task 6149,Generated test row 6149,todo,medium,2026-12-31,
Performance task 6150,Generated test row 6150,in_progress,high,2026-12-31,
Performance task 6151,Generated test row 6151,todo,medium,2026-12-31,
Performance task 6152,Generated test row 6152,todo,medium,2026-12-31,
Performance task 6153,Generated test row 6153,in_progress,medium,2026-12-31,
Performance task 6154,Generated test row 6154,todo,medium,2026-12-31,
Performance task 6155,Generated test row 6155,todo,medium,2026-12-31,
Performance task 6156,Generated test row 6156,in_progress,medium,2026-12-31,
Performance task 6157,Generated test row 6157,todo,medium,2026-12-31,
Performance task 6158,Generated test row 6158,todo,medium,2026-12-31,
Performance task 6159,Generated test row 6159,in_progress,medium,2026-12-31,
Performance task 6160,Generated test row 6160,todo,high,2026-12-31,
Performance task 6161,Generated test row 6161,todo,medium,2026-12-31,
Performance task 6162,Generated test row 6162,in_progress,medium,2026-12-31,
Performance task 6163,Generated test row 6163,todo,medium,2026-12-31,
Performance task 6164,Generated test row 6164,todo,medium,2026-12-31,
Performance task 6165,Generated test row 6165,in_progress,medium,2026-12-31,
Performance task 6166,Generated test row 6166,todo,medium,2026-12-31,
Performance task 6167,Generated test row 6167,todo,medium,2026-12-31,
Performance task 6168,Generated test row 6168,in_progress,medium,2026-12-31,
Performance task 6169,Generated test row 6169,todo,medium,2026-12-31,
Performance task 6170,Generated test row 6170,todo,high,2026-12-31,
Performance task 6171,Generated test row 6171,in_progress,medium,2026-12-31,
Performance task 6172,Generated test row 6172,todo,medium,2026-12-31,
Performance task 6173,Generated test row 6173,todo,medium,2026-12-31,
Performance task 6174,Generated test row 6174,in_progress,medium,2026-12-31,
Performance task 6175,Generated test row 6175,todo,medium,2026-12-31,
Performance task 6176,Generated test row 6176,todo,medium,2026-12-31,
Performance task 6177,Generated test row 6177,in_progress,medium,2026-12-31,
Performance task 6178,Generated test row 6178,todo,medium,2026-12-31,
Performance task 6179,Generated test row 6179,todo,medium,2026-12-31,
Performance task 6180,Generated test row 6180,in_progress,high,2026-12-31,
Performance task 6181,Generated test row 6181,todo,medium,2026-12-31,
Performance task 6182,Generated test row 6182,todo,medium,2026-12-31,
Performance task 6183,Generated test row 6183,in_progress,medium,2026-12-31,
Performance task 6184,Generated test row 6184,todo,medium,2026-12-31,
Performance task 6185,Generated test row 6185,todo,medium,2026-12-31,
Performance task 6186,Generated test row 6186,in_progress,medium,2026-12-31,
Performance task 6187,Generated test row 6187,todo,medium,2026-12-31,
Performance task 6188,Generated test row 6188,todo,medium,2026-12-31,
Performance task 6189,Generated test row 6189,in_progress,medium,2026-12-31,
Performance task 6190,Generated test row 6190,todo,high,2026-12-31,
Performance task 6191,Generated test row 6191,todo,medium,2026-12-31,
Performance task 6192,Generated test row 6192,in_progress,medium,2026-12-31,
Performance task 6193,Generated test row 6193,todo,medium,2026-12-31,
Performance task 6194,Generated test row 6194,todo,medium,2026-12-31,
Performance task 6195,Generated test row 6195,in_progress,medium,2026-12-31,
Performance task 6196,Generated test row 6196,todo,medium,2026-12-31,
Performance task 6197,Generated test row 6197,todo,medium,2026-12-31,
Performance task 6198,Generated test row 6198,in_progress,medium,2026-12-31,
Performance task 6199,Generated test row 6199,todo,medium,2026-12-31,
Performance task 6200,Generated test row 6200,invalid_status,high,2026-12-31,
Performance task 6201,Generated test row 6201,in_progress,medium,2026-12-31,
Performance task 6202,Generated test row 6202,todo,medium,2026-12-31,
Performance task 6203,Generated test row 6203,todo,medium,2026-12-31,
Performance task 6204,Generated test row 6204,in_progress,medium,2026-12-31,
Performance task 6205,Generated test row 6205,todo,medium,2026-12-31,
Performance task 6206,Generated test row 6206,todo,medium,2026-12-31,
Performance task 6207,Generated test row 6207,in_progress,medium,2026-12-31,
Performance task 6208,Generated test row 6208,todo,medium,2026-12-31,
Performance task 6209,Generated test row 6209,todo,medium,2026-12-31,
Performance task 6210,Generated test row 6210,in_progress,high,2026-12-31,
Performance task 6211,Generated test row 6211,todo,medium,2026-12-31,
Performance task 6212,Generated test row 6212,todo,medium,2026-12-31,
Performance task 6213,Generated test row 6213,in_progress,medium,2026-12-31,
Performance task 6214,Generated test row 6214,todo,medium,2026-12-31,
Performance task 6215,Generated test row 6215,todo,medium,2026-12-31,
Performance task 6216,Generated test row 6216,in_progress,medium,2026-12-31,
Performance task 6217,Generated test row 6217,todo,medium,2026-12-31,
Performance task 6218,Generated test row 6218,todo,medium,2026-12-31,
Performance task 6219,Generated test row 6219,in_progress,medium,2026-12-31,
Performance task 6220,Generated test row 6220,todo,high,2026-12-31,
Performance task 6221,Generated test row 6221,todo,medium,2026-12-31,
Performance task 6222,Generated test row 6222,in_progress,medium,2026-12-31,
Performance task 6223,Generated test row 6223,todo,medium,2026-12-31,
Performance task 6224,Generated test row 6224,todo,medium,2026-12-31,
Performance task 6225,Generated test row 6225,in_progress,medium,2026-12-31,
Performance task 6226,Generated test row 6226,todo,medium,2026-12-31,
Performance task 6227,Generated test row 6227,todo,medium,2026-12-31,
Performance task 6228,Generated test row 6228,in_progress,medium,2026-12-31,
Performance task 6229,Generated test row 6229,todo,medium,2026-12-31,
Performance task 6230,Generated test row 6230,todo,high,2026-12-31,
Performance task 6231,Generated test row 6231,in_progress,medium,2026-12-31,
Performance task 6232,Generated test row 6232,todo,medium,2026-12-31,
Performance task 6233,Generated test row 6233,todo,medium,2026-12-31,
Performance task 6234,Generated test row 6234,in_progress,medium,2026-12-31,
Performance task 6235,Generated test row 6235,todo,medium,2026-12-31,
Performance task 6236,Generated test row 6236,todo,medium,2026-12-31,
Performance task 6237,Generated test row 6237,in_progress,medium,2026-12-31,
Performance task 6238,Generated test row 6238,todo,medium,2026-12-31,
Performance task 6239,Generated test row 6239,todo,medium,2026-12-31,
Performance task 6240,Generated test row 6240,in_progress,high,2026-12-31,
Performance task 6241,Generated test row 6241,todo,medium,2026-12-31,
Performance task 6242,Generated test row 6242,todo,medium,2026-12-31,
Performance task 6243,Generated test row 6243,in_progress,medium,2026-12-31,
Performance task 6244,Generated test row 6244,todo,medium,2026-12-31,
Performance task 6245,Generated test row 6245,todo,medium,2026-12-31,
Performance task 6246,Generated test row 6246,in_progress,medium,2026-12-31,
Performance task 6247,Generated test row 6247,todo,medium,2026-12-31,
Performance task 6248,Generated test row 6248,todo,medium,2026-12-31,
Performance task 6249,Generated test row 6249,in_progress,medium,2026-12-31,
Performance task 6250,Generated test row 6250,todo,high,2026-12-31,
Performance task 6251,Generated test row 6251,todo,medium,2026-12-31,
Performance task 6252,Generated test row 6252,in_progress,medium,2026-12-31,
Performance task 6253,Generated test row 6253,todo,medium,2026-12-31,
Performance task 6254,Generated test row 6254,todo,medium,2026-12-31,
Performance task 6255,Generated test row 6255,in_progress,medium,2026-12-31,
Performance task 6256,Generated test row 6256,todo,medium,2026-12-31,
Performance task 6257,Generated test row 6257,todo,medium,2026-12-31,
Performance task 6258,Generated test row 6258,in_progress,medium,2026-12-31,
Performance task 6259,Generated test row 6259,todo,medium,2026-12-31,
Performance task 6260,Generated test row 6260,todo,high,2026-12-31,
Performance task 6261,Generated test row 6261,in_progress,medium,2026-12-31,
Performance task 6262,Generated test row 6262,todo,medium,2026-12-31,
Performance task 6263,Generated test row 6263,todo,medium,2026-12-31,
Performance task 6264,Generated test row 6264,in_progress,medium,2026-12-31,
Performance task 6265,Generated test row 6265,todo,medium,2026-12-31,
Performance task 6266,Generated test row 6266,todo,medium,2026-12-31,
Performance task 6267,Generated test row 6267,in_progress,medium,2026-12-31,
Performance task 6268,Generated test row 6268,todo,medium,2026-12-31,
Performance task 6269,Generated test row 6269,todo,medium,2026-12-31,
Performance task 6270,Generated test row 6270,in_progress,high,2026-12-31,
Performance task 6271,Generated test row 6271,todo,medium,2026-12-31,
Performance task 6272,Generated test row 6272,todo,medium,2026-12-31,
Performance task 6273,Generated test row 6273,in_progress,medium,2026-12-31,
Performance task 6274,Generated test row 6274,todo,medium,2026-12-31,
Performance task 6275,Generated test row 6275,todo,medium,2026-12-31,
Performance task 6276,Generated test row 6276,in_progress,medium,2026-12-31,
Performance task 6277,Generated test row 6277,todo,medium,2026-12-31,
Performance task 6278,Generated test row 6278,todo,medium,2026-12-31,
Performance task 6279,Generated test row 6279,in_progress,medium,2026-12-31,
Performance task 6280,Generated test row 6280,todo,high,2026-12-31,
Performance task 6281,Generated test row 6281,todo,medium,2026-12-31,
Performance task 6282,Generated test row 6282,in_progress,medium,2026-12-31,
Performance task 6283,Generated test row 6283,todo,medium,2026-12-31,
Performance task 6284,Generated test row 6284,todo,medium,2026-12-31,
Performance task 6285,Generated test row 6285,in_progress,medium,2026-12-31,
Performance task 6286,Generated test row 6286,todo,medium,2026-12-31,
Performance task 6287,Generated test row 6287,todo,medium,2026-12-31,
Performance task 6288,Generated test row 6288,in_progress,medium,2026-12-31,
Performance task 6289,Generated test row 6289,todo,medium,2026-12-31,
Performance task 6290,Generated test row 6290,todo,high,2026-12-31,
Performance task 6291,Generated test row 6291,in_progress,medium,2026-12-31,
Performance task 6292,Generated test row 6292,todo,medium,2026-12-31,
Performance task 6293,Generated test row 6293,todo,medium,2026-12-31,
Performance task 6294,Generated test row 6294,in_progress,medium,2026-12-31,
Performance task 6295,Generated test row 6295,todo,medium,2026-12-31,
Performance task 6296,Generated test row 6296,todo,medium,2026-12-31,
Performance task 6297,Generated test row 6297,in_progress,medium,2026-12-31,
Performance task 6298,Generated test row 6298,todo,medium,2026-12-31,
Performance task 6299,Generated test row 6299,todo,medium,2026-12-31,
Performance task 6300,Generated test row 6300,invalid_status,high,2026-12-31,
Performance task 6301,Generated test row 6301,todo,medium,2026-12-31,
Performance task 6302,Generated test row 6302,todo,medium,2026-12-31,
Performance task 6303,Generated test row 6303,in_progress,medium,2026-12-31,
Performance task 6304,Generated test row 6304,todo,medium,2026-12-31,
Performance task 6305,Generated test row 6305,todo,medium,2026-12-31,
Performance task 6306,Generated test row 6306,in_progress,medium,2026-12-31,
Performance task 6307,Generated test row 6307,todo,medium,2026-12-31,
Performance task 6308,Generated test row 6308,todo,medium,2026-12-31,
Performance task 6309,Generated test row 6309,in_progress,medium,2026-12-31,
Performance task 6310,Generated test row 6310,todo,high,2026-12-31,
Performance task 6311,Generated test row 6311,todo,medium,2026-12-31,
Performance task 6312,Generated test row 6312,in_progress,medium,2026-12-31,
Performance task 6313,Generated test row 6313,todo,medium,2026-12-31,
Performance task 6314,Generated test row 6314,todo,medium,2026-12-31,
Performance task 6315,Generated test row 6315,in_progress,medium,2026-12-31,
Performance task 6316,Generated test row 6316,todo,medium,2026-12-31,
Performance task 6317,Generated test row 6317,todo,medium,2026-12-31,
Performance task 6318,Generated test row 6318,in_progress,medium,2026-12-31,
Performance task 6319,Generated test row 6319,todo,medium,2026-12-31,
Performance task 6320,Generated test row 6320,todo,high,2026-12-31,
Performance task 6321,Generated test row 6321,in_progress,medium,2026-12-31,
Performance task 6322,Generated test row 6322,todo,medium,2026-12-31,
Performance task 6323,Generated test row 6323,todo,medium,2026-12-31,
Performance task 6324,Generated test row 6324,in_progress,medium,2026-12-31,
Performance task 6325,Generated test row 6325,todo,medium,2026-12-31,
Performance task 6326,Generated test row 6326,todo,medium,2026-12-31,
Performance task 6327,Generated test row 6327,in_progress,medium,2026-12-31,
Performance task 6328,Generated test row 6328,todo,medium,2026-12-31,
Performance task 6329,Generated test row 6329,todo,medium,2026-12-31,
Performance task 6330,Generated test row 6330,in_progress,high,2026-12-31,
Performance task 6331,Generated test row 6331,todo,medium,2026-12-31,
Performance task 6332,Generated test row 6332,todo,medium,2026-12-31,
Performance task 6333,Generated test row 6333,in_progress,medium,2026-12-31,
Performance task 6334,Generated test row 6334,todo,medium,2026-12-31,
Performance task 6335,Generated test row 6335,todo,medium,2026-12-31,
Performance task 6336,Generated test row 6336,in_progress,medium,2026-12-31,
Performance task 6337,Generated test row 6337,todo,medium,2026-12-31,
Performance task 6338,Generated test row 6338,todo,medium,2026-12-31,
Performance task 6339,Generated test row 6339,in_progress,medium,2026-12-31,
Performance task 6340,Generated test row 6340,todo,high,2026-12-31,
Performance task 6341,Generated test row 6341,todo,medium,2026-12-31,
Performance task 6342,Generated test row 6342,in_progress,medium,2026-12-31,
Performance task 6343,Generated test row 6343,todo,medium,2026-12-31,
Performance task 6344,Generated test row 6344,todo,medium,2026-12-31,
Performance task 6345,Generated test row 6345,in_progress,medium,2026-12-31,
Performance task 6346,Generated test row 6346,todo,medium,2026-12-31,
Performance task 6347,Generated test row 6347,todo,medium,2026-12-31,
Performance task 6348,Generated test row 6348,in_progress,medium,2026-12-31,
Performance task 6349,Generated test row 6349,todo,medium,2026-12-31,
Performance task 6350,Generated test row 6350,todo,high,2026-12-31,
Performance task 6351,Generated test row 6351,in_progress,medium,2026-12-31,
Performance task 6352,Generated test row 6352,todo,medium,2026-12-31,
Performance task 6353,Generated test row 6353,todo,medium,2026-12-31,
Performance task 6354,Generated test row 6354,in_progress,medium,2026-12-31,
Performance task 6355,Generated test row 6355,todo,medium,2026-12-31,
Performance task 6356,Generated test row 6356,todo,medium,2026-12-31,
Performance task 6357,Generated test row 6357,in_progress,medium,2026-12-31,
Performance task 6358,Generated test row 6358,todo,medium,2026-12-31,
Performance task 6359,Generated test row 6359,todo,medium,2026-12-31,
Performance task 6360,Generated test row 6360,in_progress,high,2026-12-31,
Performance task 6361,Generated test row 6361,todo,medium,2026-12-31,
Performance task 6362,Generated test row 6362,todo,medium,2026-12-31,
Performance task 6363,Generated test row 6363,in_progress,medium,2026-12-31,
Performance task 6364,Generated test row 6364,todo,medium,2026-12-31,
Performance task 6365,Generated test row 6365,todo,medium,2026-12-31,
Performance task 6366,Generated test row 6366,in_progress,medium,2026-12-31,
Performance task 6367,Generated test row 6367,todo,medium,2026-12-31,
Performance task 6368,Generated test row 6368,todo,medium,2026-12-31,
Performance task 6369,Generated test row 6369,in_progress,medium,2026-12-31,
Performance task 6370,Generated test row 6370,todo,high,2026-12-31,
Performance task 6371,Generated test row 6371,todo,medium,2026-12-31,
Performance task 6372,Generated test row 6372,in_progress,medium,2026-12-31,
Performance task 6373,Generated test row 6373,todo,medium,2026-12-31,
Performance task 6374,Generated test row 6374,todo,medium,2026-12-31,
Performance task 6375,Generated test row 6375,in_progress,medium,2026-12-31,
Performance task 6376,Generated test row 6376,todo,medium,2026-12-31,
Performance task 6377,Generated test row 6377,todo,medium,2026-12-31,
Performance task 6378,Generated test row 6378,in_progress,medium,2026-12-31,
Performance task 6379,Generated test row 6379,todo,medium,2026-12-31,
Performance task 6380,Generated test row 6380,todo,high,2026-12-31,
Performance task 6381,Generated test row 6381,in_progress,medium,2026-12-31,
Performance task 6382,Generated test row 6382,todo,medium,2026-12-31,
Performance task 6383,Generated test row 6383,todo,medium,2026-12-31,
Performance task 6384,Generated test row 6384,in_progress,medium,2026-12-31,
Performance task 6385,Generated test row 6385,todo,medium,2026-12-31,
Performance task 6386,Generated test row 6386,todo,medium,2026-12-31,
Performance task 6387,Generated test row 6387,in_progress,medium,2026-12-31,
Performance task 6388,Generated test row 6388,todo,medium,2026-12-31,
Performance task 6389,Generated test row 6389,todo,medium,2026-12-31,
Performance task 6390,Generated test row 6390,in_progress,high,2026-12-31,
Performance task 6391,Generated test row 6391,todo,medium,2026-12-31,
Performance task 6392,Generated test row 6392,todo,medium,2026-12-31,
Performance task 6393,Generated test row 6393,in_progress,medium,2026-12-31,
Performance task 6394,Generated test row 6394,todo,medium,2026-12-31,
Performance task 6395,Generated test row 6395,todo,medium,2026-12-31,
Performance task 6396,Generated test row 6396,in_progress,medium,2026-12-31,
Performance task 6397,Generated test row 6397,todo,medium,2026-12-31,
Performance task 6398,Generated test row 6398,todo,medium,2026-12-31,
Performance task 6399,Generated test row 6399,in_progress,medium,2026-12-31,
Performance task 6400,Generated test row 6400,invalid_status,high,2026-12-31,
Performance task 6401,Generated test row 6401,todo,medium,2026-12-31,
Performance task 6402,Generated test row 6402,in_progress,medium,2026-12-31,
Performance task 6403,Generated test row 6403,todo,medium,2026-12-31,
Performance task 6404,Generated test row 6404,todo,medium,2026-12-31,
Performance task 6405,Generated test row 6405,in_progress,medium,2026-12-31,
Performance task 6406,Generated test row 6406,todo,medium,2026-12-31,
Performance task 6407,Generated test row 6407,todo,medium,2026-12-31,
Performance task 6408,Generated test row 6408,in_progress,medium,2026-12-31,
Performance task 6409,Generated test row 6409,todo,medium,2026-12-31,
Performance task 6410,Generated test row 6410,todo,high,2026-12-31,
Performance task 6411,Generated test row 6411,in_progress,medium,2026-12-31,
Performance task 6412,Generated test row 6412,todo,medium,2026-12-31,
Performance task 6413,Generated test row 6413,todo,medium,2026-12-31,
Performance task 6414,Generated test row 6414,in_progress,medium,2026-12-31,
Performance task 6415,Generated test row 6415,todo,medium,2026-12-31,
Performance task 6416,Generated test row 6416,todo,medium,2026-12-31,
Performance task 6417,Generated test row 6417,in_progress,medium,2026-12-31,
Performance task 6418,Generated test row 6418,todo,medium,2026-12-31,
Performance task 6419,Generated test row 6419,todo,medium,2026-12-31,
Performance task 6420,Generated test row 6420,in_progress,high,2026-12-31,
Performance task 6421,Generated test row 6421,todo,medium,2026-12-31,
Performance task 6422,Generated test row 6422,todo,medium,2026-12-31,
Performance task 6423,Generated test row 6423,in_progress,medium,2026-12-31,
Performance task 6424,Generated test row 6424,todo,medium,2026-12-31,
Performance task 6425,Generated test row 6425,todo,medium,2026-12-31,
Performance task 6426,Generated test row 6426,in_progress,medium,2026-12-31,
Performance task 6427,Generated test row 6427,todo,medium,2026-12-31,
Performance task 6428,Generated test row 6428,todo,medium,2026-12-31,
Performance task 6429,Generated test row 6429,in_progress,medium,2026-12-31,
Performance task 6430,Generated test row 6430,todo,high,2026-12-31,
Performance task 6431,Generated test row 6431,todo,medium,2026-12-31,
Performance task 6432,Generated test row 6432,in_progress,medium,2026-12-31,
Performance task 6433,Generated test row 6433,todo,medium,2026-12-31,
Performance task 6434,Generated test row 6434,todo,medium,2026-12-31,
Performance task 6435,Generated test row 6435,in_progress,medium,2026-12-31,
Performance task 6436,Generated test row 6436,todo,medium,2026-12-31,
Performance task 6437,Generated test row 6437,todo,medium,2026-12-31,
Performance task 6438,Generated test row 6438,in_progress,medium,2026-12-31,
Performance task 6439,Generated test row 6439,todo,medium,2026-12-31,
Performance task 6440,Generated test row 6440,todo,high,2026-12-31,
Performance task 6441,Generated test row 6441,in_progress,medium,2026-12-31,
Performance task 6442,Generated test row 6442,todo,medium,2026-12-31,
Performance task 6443,Generated test row 6443,todo,medium,2026-12-31,
Performance task 6444,Generated test row 6444,in_progress,medium,2026-12-31,
Performance task 6445,Generated test row 6445,todo,medium,2026-12-31,
Performance task 6446,Generated test row 6446,todo,medium,2026-12-31,
Performance task 6447,Generated test row 6447,in_progress,medium,2026-12-31,
Performance task 6448,Generated test row 6448,todo,medium,2026-12-31,
Performance task 6449,Generated test row 6449,todo,medium,2026-12-31,
Performance task 6450,Generated test row 6450,in_progress,high,2026-12-31,
Performance task 6451,Generated test row 6451,todo,medium,2026-12-31,
Performance task 6452,Generated test row 6452,todo,medium,2026-12-31,
Performance task 6453,Generated test row 6453,in_progress,medium,2026-12-31,
Performance task 6454,Generated test row 6454,todo,medium,2026-12-31,
Performance task 6455,Generated test row 6455,todo,medium,2026-12-31,
Performance task 6456,Generated test row 6456,in_progress,medium,2026-12-31,
Performance task 6457,Generated test row 6457,todo,medium,2026-12-31,
Performance task 6458,Generated test row 6458,todo,medium,2026-12-31,
Performance task 6459,Generated test row 6459,in_progress,medium,2026-12-31,
Performance task 6460,Generated test row 6460,todo,high,2026-12-31,
Performance task 6461,Generated test row 6461,todo,medium,2026-12-31,
Performance task 6462,Generated test row 6462,in_progress,medium,2026-12-31,
Performance task 6463,Generated test row 6463,todo,medium,2026-12-31,
Performance task 6464,Generated test row 6464,todo,medium,2026-12-31,
Performance task 6465,Generated test row 6465,in_progress,medium,2026-12-31,
Performance task 6466,Generated test row 6466,todo,medium,2026-12-31,
Performance task 6467,Generated test row 6467,todo,medium,2026-12-31,
Performance task 6468,Generated test row 6468,in_progress,medium,2026-12-31,
Performance task 6469,Generated test row 6469,todo,medium,2026-12-31,
Performance task 6470,Generated test row 6470,todo,high,2026-12-31,
Performance task 6471,Generated test row 6471,in_progress,medium,2026-12-31,
Performance task 6472,Generated test row 6472,todo,medium,2026-12-31,
Performance task 6473,Generated test row 6473,todo,medium,2026-12-31,
Performance task 6474,Generated test row 6474,in_progress,medium,2026-12-31,
Performance task 6475,Generated test row 6475,todo,medium,2026-12-31,
Performance task 6476,Generated test row 6476,todo,medium,2026-12-31,
Performance task 6477,Generated test row 6477,in_progress,medium,2026-12-31,
Performance task 6478,Generated test row 6478,todo,medium,2026-12-31,
Performance task 6479,Generated test row 6479,todo,medium,2026-12-31,
Performance task 6480,Generated test row 6480,in_progress,high,2026-12-31,
Performance task 6481,Generated test row 6481,todo,medium,2026-12-31,
Performance task 6482,Generated test row 6482,todo,medium,2026-12-31,
Performance task 6483,Generated test row 6483,in_progress,medium,2026-12-31,
Performance task 6484,Generated test row 6484,todo,medium,2026-12-31,
Performance task 6485,Generated test row 6485,todo,medium,2026-12-31,
Performance task 6486,Generated test row 6486,in_progress,medium,2026-12-31,
Performance task 6487,Generated test row 6487,todo,medium,2026-12-31,
Performance task 6488,Generated test row 6488,todo,medium,2026-12-31,
Performance task 6489,Generated test row 6489,in_progress,medium,2026-12-31,
Performance task 6490,Generated test row 6490,todo,high,2026-12-31,
Performance task 6491,Generated test row 6491,todo,medium,2026-12-31,
Performance task 6492,Generated test row 6492,in_progress,medium,2026-12-31,
Performance task 6493,Generated test row 6493,todo,medium,2026-12-31,
Performance task 6494,Generated test row 6494,todo,medium,2026-12-31,
Performance task 6495,Generated test row 6495,in_progress,medium,2026-12-31,
Performance task 6496,Generated test row 6496,todo,medium,2026-12-31,
Performance task 6497,Generated test row 6497,todo,medium,2026-12-31,
Performance task 6498,Generated test row 6498,in_progress,medium,2026-12-31,
Performance task 6499,Generated test row 6499,todo,medium,2026-12-31,
Performance task 6500,Generated test row 6500,invalid_status,high,2026-12-31,
Performance task 6501,Generated test row 6501,in_progress,medium,2026-12-31,
Performance task 6502,Generated test row 6502,todo,medium,2026-12-31,
Performance task 6503,Generated test row 6503,todo,medium,2026-12-31,
Performance task 6504,Generated test row 6504,in_progress,medium,2026-12-31,
Performance task 6505,Generated test row 6505,todo,medium,2026-12-31,
Performance task 6506,Generated test row 6506,todo,medium,2026-12-31,
Performance task 6507,Generated test row 6507,in_progress,medium,2026-12-31,
Performance task 6508,Generated test row 6508,todo,medium,2026-12-31,
Performance task 6509,Generated test row 6509,todo,medium,2026-12-31,
Performance task 6510,Generated test row 6510,in_progress,high,2026-12-31,
Performance task 6511,Generated test row 6511,todo,medium,2026-12-31,
Performance task 6512,Generated test row 6512,todo,medium,2026-12-31,
Performance task 6513,Generated test row 6513,in_progress,medium,2026-12-31,
Performance task 6514,Generated test row 6514,todo,medium,2026-12-31,
Performance task 6515,Generated test row 6515,todo,medium,2026-12-31,
Performance task 6516,Generated test row 6516,in_progress,medium,2026-12-31,
Performance task 6517,Generated test row 6517,todo,medium,2026-12-31,
Performance task 6518,Generated test row 6518,todo,medium,2026-12-31,
Performance task 6519,Generated test row 6519,in_progress,medium,2026-12-31,
Performance task 6520,Generated test row 6520,todo,high,2026-12-31,
Performance task 6521,Generated test row 6521,todo,medium,2026-12-31,
Performance task 6522,Generated test row 6522,in_progress,medium,2026-12-31,
Performance task 6523,Generated test row 6523,todo,medium,2026-12-31,
Performance task 6524,Generated test row 6524,todo,medium,2026-12-31,
Performance task 6525,Generated test row 6525,in_progress,medium,2026-12-31,
Performance task 6526,Generated test row 6526,todo,medium,2026-12-31,
Performance task 6527,Generated test row 6527,todo,medium,2026-12-31,
Performance task 6528,Generated test row 6528,in_progress,medium,2026-12-31,
Performance task 6529,Generated test row 6529,todo,medium,2026-12-31,
Performance task 6530,Generated test row 6530,todo,high,2026-12-31,
Performance task 6531,Generated test row 6531,in_progress,medium,2026-12-31,
Performance task 6532,Generated test row 6532,todo,medium,2026-12-31,
Performance task 6533,Generated test row 6533,todo,medium,2026-12-31,
Performance task 6534,Generated test row 6534,in_progress,medium,2026-12-31,
Performance task 6535,Generated test row 6535,todo,medium,2026-12-31,
Performance task 6536,Generated test row 6536,todo,medium,2026-12-31,
Performance task 6537,Generated test row 6537,in_progress,medium,2026-12-31,
Performance task 6538,Generated test row 6538,todo,medium,2026-12-31,
Performance task 6539,Generated test row 6539,todo,medium,2026-12-31,
Performance task 6540,Generated test row 6540,in_progress,high,2026-12-31,
Performance task 6541,Generated test row 6541,todo,medium,2026-12-31,
Performance task 6542,Generated test row 6542,todo,medium,2026-12-31,
Performance task 6543,Generated test row 6543,in_progress,medium,2026-12-31,
Performance task 6544,Generated test row 6544,todo,medium,2026-12-31,
Performance task 6545,Generated test row 6545,todo,medium,2026-12-31,
Performance task 6546,Generated test row 6546,in_progress,medium,2026-12-31,
Performance task 6547,Generated test row 6547,todo,medium,2026-12-31,
Performance task 6548,Generated test row 6548,todo,medium,2026-12-31,
Performance task 6549,Generated test row 6549,in_progress,medium,2026-12-31,
Performance task 6550,Generated test row 6550,todo,high,2026-12-31,
Performance task 6551,Generated test row 6551,todo,medium,2026-12-31,
Performance task 6552,Generated test row 6552,in_progress,medium,2026-12-31,
Performance task 6553,Generated test row 6553,todo,medium,2026-12-31,
Performance task 6554,Generated test row 6554,todo,medium,2026-12-31,
Performance task 6555,Generated test row 6555,in_progress,medium,2026-12-31,
Performance task 6556,Generated test row 6556,todo,medium,2026-12-31,
Performance task 6557,Generated test row 6557,todo,medium,2026-12-31,
Performance task 6558,Generated test row 6558,in_progress,medium,2026-12-31,
Performance task 6559,Generated test row 6559,todo,medium,2026-12-31,
Performance task 6560,Generated test row 6560,todo,high,2026-12-31,
Performance task 6561,Generated test row 6561,in_progress,medium,2026-12-31,
Performance task 6562,Generated test row 6562,todo,medium,2026-12-31,
Performance task 6563,Generated test row 6563,todo,medium,2026-12-31,
Performance task 6564,Generated test row 6564,in_progress,medium,2026-12-31,
Performance task 6565,Generated test row 6565,todo,medium,2026-12-31,
Performance task 6566,Generated test row 6566,todo,medium,2026-12-31,
Performance task 6567,Generated test row 6567,in_progress,medium,2026-12-31,
Performance task 6568,Generated test row 6568,todo,medium,2026-12-31,
Performance task 6569,Generated test row 6569,todo,medium,2026-12-31,
Performance task 6570,Generated test row 6570,in_progress,high,2026-12-31,
Performance task 6571,Generated test row 6571,todo,medium,2026-12-31,
Performance task 6572,Generated test row 6572,todo,medium,2026-12-31,
Performance task 6573,Generated test row 6573,in_progress,medium,2026-12-31,
Performance task 6574,Generated test row 6574,todo,medium,2026-12-31,
Performance task 6575,Generated test row 6575,todo,medium,2026-12-31,
Performance task 6576,Generated test row 6576,in_progress,medium,2026-12-31,
Performance task 6577,Generated test row 6577,todo,medium,2026-12-31,
Performance task 6578,Generated test row 6578,todo,medium,2026-12-31,
Performance task 6579,Generated test row 6579,in_progress,medium,2026-12-31,
Performance task 6580,Generated test row 6580,todo,high,2026-12-31,
Performance task 6581,Generated test row 6581,todo,medium,2026-12-31,
Performance task 6582,Generated test row 6582,in_progress,medium,2026-12-31,
Performance task 6583,Generated test row 6583,todo,medium,2026-12-31,
Performance task 6584,Generated test row 6584,todo,medium,2026-12-31,
Performance task 6585,Generated test row 6585,in_progress,medium,2026-12-31,
Performance task 6586,Generated test row 6586,todo,medium,2026-12-31,
Performance task 6587,Generated test row 6587,todo,medium,2026-12-31,
Performance task 6588,Generated test row 6588,in_progress,medium,2026-12-31,
Performance task 6589,Generated test row 6589,todo,medium,2026-12-31,
Performance task 6590,Generated test row 6590,todo,high,2026-12-31,
Performance task 6591,Generated test row 6591,in_progress,medium,2026-12-31,
Performance task 6592,Generated test row 6592,todo,medium,2026-12-31,
Performance task 6593,Generated test row 6593,todo,medium,2026-12-31,
Performance task 6594,Generated test row 6594,in_progress,medium,2026-12-31,
Performance task 6595,Generated test row 6595,todo,medium,2026-12-31,
Performance task 6596,Generated test row 6596,todo,medium,2026-12-31,
Performance task 6597,Generated test row 6597,in_progress,medium,2026-12-31,
Performance task 6598,Generated test row 6598,todo,medium,2026-12-31,
Performance task 6599,Generated test row 6599,todo,medium,2026-12-31,
Performance task 6600,Generated test row 6600,invalid_status,high,2026-12-31,
Performance task 6601,Generated test row 6601,todo,medium,2026-12-31,
Performance task 6602,Generated test row 6602,todo,medium,2026-12-31,
Performance task 6603,Generated test row 6603,in_progress,medium,2026-12-31,
Performance task 6604,Generated test row 6604,todo,medium,2026-12-31,
Performance task 6605,Generated test row 6605,todo,medium,2026-12-31,
Performance task 6606,Generated test row 6606,in_progress,medium,2026-12-31,
Performance task 6607,Generated test row 6607,todo,medium,2026-12-31,
Performance task 6608,Generated test row 6608,todo,medium,2026-12-31,
Performance task 6609,Generated test row 6609,in_progress,medium,2026-12-31,
Performance task 6610,Generated test row 6610,todo,high,2026-12-31,
Performance task 6611,Generated test row 6611,todo,medium,2026-12-31,
Performance task 6612,Generated test row 6612,in_progress,medium,2026-12-31,
Performance task 6613,Generated test row 6613,todo,medium,2026-12-31,
Performance task 6614,Generated test row 6614,todo,medium,2026-12-31,
Performance task 6615,Generated test row 6615,in_progress,medium,2026-12-31,
Performance task 6616,Generated test row 6616,todo,medium,2026-12-31,
Performance task 6617,Generated test row 6617,todo,medium,2026-12-31,
Performance task 6618,Generated test row 6618,in_progress,medium,2026-12-31,
Performance task 6619,Generated test row 6619,todo,medium,2026-12-31,
Performance task 6620,Generated test row 6620,todo,high,2026-12-31,
Performance task 6621,Generated test row 6621,in_progress,medium,2026-12-31,
Performance task 6622,Generated test row 6622,todo,medium,2026-12-31,
Performance task 6623,Generated test row 6623,todo,medium,2026-12-31,
Performance task 6624,Generated test row 6624,in_progress,medium,2026-12-31,
Performance task 6625,Generated test row 6625,todo,medium,2026-12-31,
Performance task 6626,Generated test row 6626,todo,medium,2026-12-31,
Performance task 6627,Generated test row 6627,in_progress,medium,2026-12-31,
Performance task 6628,Generated test row 6628,todo,medium,2026-12-31,
Performance task 6629,Generated test row 6629,todo,medium,2026-12-31,
Performance task 6630,Generated test row 6630,in_progress,high,2026-12-31,
Performance task 6631,Generated test row 6631,todo,medium,2026-12-31,
Performance task 6632,Generated test row 6632,todo,medium,2026-12-31,
Performance task 6633,Generated test row 6633,in_progress,medium,2026-12-31,
Performance task 6634,Generated test row 6634,todo,medium,2026-12-31,
Performance task 6635,Generated test row 6635,todo,medium,2026-12-31,
Performance task 6636,Generated test row 6636,in_progress,medium,2026-12-31,
Performance task 6637,Generated test row 6637,todo,medium,2026-12-31,
Performance task 6638,Generated test row 6638,todo,medium,2026-12-31,
Performance task 6639,Generated test row 6639,in_progress,medium,2026-12-31,
Performance task 6640,Generated test row 6640,todo,high,2026-12-31,
Performance task 6641,Generated test row 6641,todo,medium,2026-12-31,
Performance task 6642,Generated test row 6642,in_progress,medium,2026-12-31,
Performance task 6643,Generated test row 6643,todo,medium,2026-12-31,
Performance task 6644,Generated test row 6644,todo,medium,2026-12-31,
Performance task 6645,Generated test row 6645,in_progress,medium,2026-12-31,
Performance task 6646,Generated test row 6646,todo,medium,2026-12-31,
Performance task 6647,Generated test row 6647,todo,medium,2026-12-31,
Performance task 6648,Generated test row 6648,in_progress,medium,2026-12-31,
Performance task 6649,Generated test row 6649,todo,medium,2026-12-31,
Performance task 6650,Generated test row 6650,todo,high,2026-12-31,
Performance task 6651,Generated test row 6651,in_progress,medium,2026-12-31,
Performance task 6652,Generated test row 6652,todo,medium,2026-12-31,
Performance task 6653,Generated test row 6653,todo,medium,2026-12-31,
Performance task 6654,Generated test row 6654,in_progress,medium,2026-12-31,
Performance task 6655,Generated test row 6655,todo,medium,2026-12-31,
Performance task 6656,Generated test row 6656,todo,medium,2026-12-31,
Performance task 6657,Generated test row 6657,in_progress,medium,2026-12-31,
Performance task 6658,Generated test row 6658,todo,medium,2026-12-31,
Performance task 6659,Generated test row 6659,todo,medium,2026-12-31,
Performance task 6660,Generated test row 6660,in_progress,high,2026-12-31,
Performance task 6661,Generated test row 6661,todo,medium,2026-12-31,
Performance task 6662,Generated test row 6662,todo,medium,2026-12-31,
Performance task 6663,Generated test row 6663,in_progress,medium,2026-12-31,
Performance task 6664,Generated test row 6664,todo,medium,2026-12-31,
Performance task 6665,Generated test row 6665,todo,medium,2026-12-31,
Performance task 6666,Generated test row 6666,in_progress,medium,2026-12-31,
Performance task 6667,Generated test row 6667,todo,medium,2026-12-31,
Performance task 6668,Generated test row 6668,todo,medium,2026-12-31,
Performance task 6669,Generated test row 6669,in_progress,medium,2026-12-31,
Performance task 6670,Generated test row 6670,todo,high,2026-12-31,
Performance task 6671,Generated test row 6671,todo,medium,2026-12-31,
Performance task 6672,Generated test row 6672,in_progress,medium,2026-12-31,
Performance task 6673,Generated test row 6673,todo,medium,2026-12-31,
Performance task 6674,Generated test row 6674,todo,medium,2026-12-31,
Performance task 6675,Generated test row 6675,in_progress,medium,2026-12-31,
Performance task 6676,Generated test row 6676,todo,medium,2026-12-31,
Performance task 6677,Generated test row 6677,todo,medium,2026-12-31,
Performance task 6678,Generated test row 6678,in_progress,medium,2026-12-31,
Performance task 6679,Generated test row 6679,todo,medium,2026-12-31,
Performance task 6680,Generated test row 6680,todo,high,2026-12-31,
Performance task 6681,Generated test row 6681,in_progress,medium,2026-12-31,
Performance task 6682,Generated test row 6682,todo,medium,2026-12-31,
Performance task 6683,Generated test row 6683,todo,medium,2026-12-31,
Performance task 6684,Generated test row 6684,in_progress,medium,2026-12-31,
Performance task 6685,Generated test row 6685,todo,medium,2026-12-31,
Performance task 6686,Generated test row 6686,todo,medium,2026-12-31,
Performance task 6687,Generated test row 6687,in_progress,medium,2026-12-31,
Performance task 6688,Generated test row 6688,todo,medium,2026-12-31,
Performance task 6689,Generated test row 6689,todo,medium,2026-12-31,
Performance task 6690,Generated test row 6690,in_progress,high,2026-12-31,
Performance task 6691,Generated test row 6691,todo,medium,2026-12-31,
Performance task 6692,Generated test row 6692,todo,medium,2026-12-31,
Performance task 6693,Generated test row 6693,in_progress,medium,2026-12-31,
Performance task 6694,Generated test row 6694,todo,medium,2026-12-31,
Performance task 6695,Generated test row 6695,todo,medium,2026-12-31,
Performance task 6696,Generated test row 6696,in_progress,medium,2026-12-31,
Performance task 6697,Generated test row 6697,todo,medium,2026-12-31,
Performance task 6698,Generated test row 6698,todo,medium,2026-12-31,
Performance task 6699,Generated test row 6699,in_progress,medium,2026-12-31,
Performance task 6700,Generated test row 6700,invalid_status,high,2026-12-31,
Performance task 6701,Generated test row 6701,todo,medium,2026-12-31,
Performance task 6702,Generated test row 6702,in_progress,medium,2026-12-31,
Performance task 6703,Generated test row 6703,todo,medium,2026-12-31,
Performance task 6704,Generated test row 6704,todo,medium,2026-12-31,
Performance task 6705,Generated test row 6705,in_progress,medium,2026-12-31,
Performance task 6706,Generated test row 6706,todo,medium,2026-12-31,
Performance task 6707,Generated test row 6707,todo,medium,2026-12-31,
Performance task 6708,Generated test row 6708,in_progress,medium,2026-12-31,
Performance task 6709,Generated test row 6709,todo,medium,2026-12-31,
Performance task 6710,Generated test row 6710,todo,high,2026-12-31,
Performance task 6711,Generated test row 6711,in_progress,medium,2026-12-31,
Performance task 6712,Generated test row 6712,todo,medium,2026-12-31,
Performance task 6713,Generated test row 6713,todo,medium,2026-12-31,
Performance task 6714,Generated test row 6714,in_progress,medium,2026-12-31,
Performance task 6715,Generated test row 6715,todo,medium,2026-12-31,
Performance task 6716,Generated test row 6716,todo,medium,2026-12-31,
Performance task 6717,Generated test row 6717,in_progress,medium,2026-12-31,
Performance task 6718,Generated test row 6718,todo,medium,2026-12-31,
Performance task 6719,Generated test row 6719,todo,medium,2026-12-31,
Performance task 6720,Generated test row 6720,in_progress,high,2026-12-31,
Performance task 6721,Generated test row 6721,todo,medium,2026-12-31,
Performance task 6722,Generated test row 6722,todo,medium,2026-12-31,
Performance task 6723,Generated test row 6723,in_progress,medium,2026-12-31,
Performance task 6724,Generated test row 6724,todo,medium,2026-12-31,
Performance task 6725,Generated test row 6725,todo,medium,2026-12-31,
Performance task 6726,Generated test row 6726,in_progress,medium,2026-12-31,
Performance task 6727,Generated test row 6727,todo,medium,2026-12-31,
Performance task 6728,Generated test row 6728,todo,medium,2026-12-31,
Performance task 6729,Generated test row 6729,in_progress,medium,2026-12-31,
Performance task 6730,Generated test row 6730,todo,high,2026-12-31,
Performance task 6731,Generated test row 6731,todo,medium,2026-12-31,
Performance task 6732,Generated test row 6732,in_progress,medium,2026-12-31,
Performance task 6733,Generated test row 6733,todo,medium,2026-12-31,
Performance task 6734,Generated test row 6734,todo,medium,2026-12-31,
Performance task 6735,Generated test row 6735,in_progress,medium,2026-12-31,
Performance task 6736,Generated test row 6736,todo,medium,2026-12-31,
Performance task 6737,Generated test row 6737,todo,medium,2026-12-31,
Performance task 6738,Generated test row 6738,in_progress,medium,2026-12-31,
Performance task 6739,Generated test row 6739,todo,medium,2026-12-31,
Performance task 6740,Generated test row 6740,todo,high,2026-12-31,
Performance task 6741,Generated test row 6741,in_progress,medium,2026-12-31,
Performance task 6742,Generated test row 6742,todo,medium,2026-12-31,
Performance task 6743,Generated test row 6743,todo,medium,2026-12-31,
Performance task 6744,Generated test row 6744,in_progress,medium,2026-12-31,
Performance task 6745,Generated test row 6745,todo,medium,2026-12-31,
Performance task 6746,Generated test row 6746,todo,medium,2026-12-31,
Performance task 6747,Generated test row 6747,in_progress,medium,2026-12-31,
Performance task 6748,Generated test row 6748,todo,medium,2026-12-31,
Performance task 6749,Generated test row 6749,todo,medium,2026-12-31,
Performance task 6750,Generated test row 6750,in_progress,high,2026-12-31,
Performance task 6751,Generated test row 6751,todo,medium,2026-12-31,
Performance task 6752,Generated test row 6752,todo,medium,2026-12-31,
Performance task 6753,Generated test row 6753,in_progress,medium,2026-12-31,
Performance task 6754,Generated test row 6754,todo,medium,2026-12-31,
Performance task 6755,Generated test row 6755,todo,medium,2026-12-31,
Performance task 6756,Generated test row 6756,in_progress,medium,2026-12-31,
Performance task 6757,Generated test row 6757,todo,medium,2026-12-31,
Performance task 6758,Generated test row 6758,todo,medium,2026-12-31,
Performance task 6759,Generated test row 6759,in_progress,medium,2026-12-31,
Performance task 6760,Generated test row 6760,todo,high,2026-12-31,
Performance task 6761,Generated test row 6761,todo,medium,2026-12-31,
Performance task 6762,Generated test row 6762,in_progress,medium,2026-12-31,
Performance task 6763,Generated test row 6763,todo,medium,2026-12-31,
Performance task 6764,Generated test row 6764,todo,medium,2026-12-31,
Performance task 6765,Generated test row 6765,in_progress,medium,2026-12-31,
Performance task 6766,Generated test row 6766,todo,medium,2026-12-31,
Performance task 6767,Generated test row 6767,todo,medium,2026-12-31,
Performance task 6768,Generated test row 6768,in_progress,medium,2026-12-31,
Performance task 6769,Generated test row 6769,todo,medium,2026-12-31,
Performance task 6770,Generated test row 6770,todo,high,2026-12-31,
Performance task 6771,Generated test row 6771,in_progress,medium,2026-12-31,
Performance task 6772,Generated test row 6772,todo,medium,2026-12-31,
Performance task 6773,Generated test row 6773,todo,medium,2026-12-31,
Performance task 6774,Generated test row 6774,in_progress,medium,2026-12-31,
Performance task 6775,Generated test row 6775,todo,medium,2026-12-31,
Performance task 6776,Generated test row 6776,todo,medium,2026-12-31,
Performance task 6777,Generated test row 6777,in_progress,medium,2026-12-31,
Performance task 6778,Generated test row 6778,todo,medium,2026-12-31,
Performance task 6779,Generated test row 6779,todo,medium,2026-12-31,
Performance task 6780,Generated test row 6780,in_progress,high,2026-12-31,
Performance task 6781,Generated test row 6781,todo,medium,2026-12-31,
Performance task 6782,Generated test row 6782,todo,medium,2026-12-31,
Performance task 6783,Generated test row 6783,in_progress,medium,2026-12-31,
Performance task 6784,Generated test row 6784,todo,medium,2026-12-31,
Performance task 6785,Generated test row 6785,todo,medium,2026-12-31,
Performance task 6786,Generated test row 6786,in_progress,medium,2026-12-31,
Performance task 6787,Generated test row 6787,todo,medium,2026-12-31,
Performance task 6788,Generated test row 6788,todo,medium,2026-12-31,
Performance task 6789,Generated test row 6789,in_progress,medium,2026-12-31,
Performance task 6790,Generated test row 6790,todo,high,2026-12-31,
Performance task 6791,Generated test row 6791,todo,medium,2026-12-31,
Performance task 6792,Generated test row 6792,in_progress,medium,2026-12-31,
Performance task 6793,Generated test row 6793,todo,medium,2026-12-31,
Performance task 6794,Generated test row 6794,todo,medium,2026-12-31,
Performance task 6795,Generated test row 6795,in_progress,medium,2026-12-31,
Performance task 6796,Generated test row 6796,todo,medium,2026-12-31,
Performance task 6797,Generated test row 6797,todo,medium,2026-12-31,
Performance task 6798,Generated test row 6798,in_progress,medium,2026-12-31,
Performance task 6799,Generated test row 6799,todo,medium,2026-12-31,
Performance task 6800,Generated test row 6800,invalid_status,high,2026-12-31,
Performance task 6801,Generated test row 6801,in_progress,medium,2026-12-31,
Performance task 6802,Generated test row 6802,todo,medium,2026-12-31,
Performance task 6803,Generated test row 6803,todo,medium,2026-12-31,
Performance task 6804,Generated test row 6804,in_progress,medium,2026-12-31,
Performance task 6805,Generated test row 6805,todo,medium,2026-12-31,
Performance task 6806,Generated test row 6806,todo,medium,2026-12-31,
Performance task 6807,Generated test row 6807,in_progress,medium,2026-12-31,
Performance task 6808,Generated test row 6808,todo,medium,2026-12-31,
Performance task 6809,Generated test row 6809,todo,medium,2026-12-31,
Performance task 6810,Generated test row 6810,in_progress,high,2026-12-31,
Performance task 6811,Generated test row 6811,todo,medium,2026-12-31,
Performance task 6812,Generated test row 6812,todo,medium,2026-12-31,
Performance task 6813,Generated test row 6813,in_progress,medium,2026-12-31,
Performance task 6814,Generated test row 6814,todo,medium,2026-12-31,
Performance task 6815,Generated test row 6815,todo,medium,2026-12-31,
Performance task 6816,Generated test row 6816,in_progress,medium,2026-12-31,
Performance task 6817,Generated test row 6817,todo,medium,2026-12-31,
Performance task 6818,Generated test row 6818,todo,medium,2026-12-31,
Performance task 6819,Generated test row 6819,in_progress,medium,2026-12-31,
Performance task 6820,Generated test row 6820,todo,high,2026-12-31,
Performance task 6821,Generated test row 6821,todo,medium,2026-12-31,
Performance task 6822,Generated test row 6822,in_progress,medium,2026-12-31,
Performance task 6823,Generated test row 6823,todo,medium,2026-12-31,
Performance task 6824,Generated test row 6824,todo,medium,2026-12-31,
Performance task 6825,Generated test row 6825,in_progress,medium,2026-12-31,
Performance task 6826,Generated test row 6826,todo,medium,2026-12-31,
Performance task 6827,Generated test row 6827,todo,medium,2026-12-31,
Performance task 6828,Generated test row 6828,in_progress,medium,2026-12-31,
Performance task 6829,Generated test row 6829,todo,medium,2026-12-31,
Performance task 6830,Generated test row 6830,todo,high,2026-12-31,
Performance task 6831,Generated test row 6831,in_progress,medium,2026-12-31,
Performance task 6832,Generated test row 6832,todo,medium,2026-12-31,
Performance task 6833,Generated test row 6833,todo,medium,2026-12-31,
Performance task 6834,Generated test row 6834,in_progress,medium,2026-12-31,
Performance task 6835,Generated test row 6835,todo,medium,2026-12-31,
Performance task 6836,Generated test row 6836,todo,medium,2026-12-31,
Performance task 6837,Generated test row 6837,in_progress,medium,2026-12-31,
Performance task 6838,Generated test row 6838,todo,medium,2026-12-31,
Performance task 6839,Generated test row 6839,todo,medium,2026-12-31,
Performance task 6840,Generated test row 6840,in_progress,high,2026-12-31,
Performance task 6841,Generated test row 6841,todo,medium,2026-12-31,
Performance task 6842,Generated test row 6842,todo,medium,2026-12-31,
Performance task 6843,Generated test row 6843,in_progress,medium,2026-12-31,
Performance task 6844,Generated test row 6844,todo,medium,2026-12-31,
Performance task 6845,Generated test row 6845,todo,medium,2026-12-31,
Performance task 6846,Generated test row 6846,in_progress,medium,2026-12-31,
Performance task 6847,Generated test row 6847,todo,medium,2026-12-31,
Performance task 6848,Generated test row 6848,todo,medium,2026-12-31,
Performance task 6849,Generated test row 6849,in_progress,medium,2026-12-31,
Performance task 6850,Generated test row 6850,todo,high,2026-12-31,
Performance task 6851,Generated test row 6851,todo,medium,2026-12-31,
Performance task 6852,Generated test row 6852,in_progress,medium,2026-12-31,
Performance task 6853,Generated test row 6853,todo,medium,2026-12-31,
Performance task 6854,Generated test row 6854,todo,medium,2026-12-31,
Performance task 6855,Generated test row 6855,in_progress,medium,2026-12-31,
Performance task 6856,Generated test row 6856,todo,medium,2026-12-31,
Performance task 6857,Generated test row 6857,todo,medium,2026-12-31,
Performance task 6858,Generated test row 6858,in_progress,medium,2026-12-31,
Performance task 6859,Generated test row 6859,todo,medium,2026-12-31,
Performance task 6860,Generated test row 6860,todo,high,2026-12-31,
Performance task 6861,Generated test row 6861,in_progress,medium,2026-12-31,
Performance task 6862,Generated test row 6862,todo,medium,2026-12-31,
Performance task 6863,Generated test row 6863,todo,medium,2026-12-31,
Performance task 6864,Generated test row 6864,in_progress,medium,2026-12-31,
Performance task 6865,Generated test row 6865,todo,medium,2026-12-31,
Performance task 6866,Generated test row 6866,todo,medium,2026-12-31,
Performance task 6867,Generated test row 6867,in_progress,medium,2026-12-31,
Performance task 6868,Generated test row 6868,todo,medium,2026-12-31,
Performance task 6869,Generated test row 6869,todo,medium,2026-12-31,
Performance task 6870,Generated test row 6870,in_progress,high,2026-12-31,
Performance task 6871,Generated test row 6871,todo,medium,2026-12-31,
Performance task 6872,Generated test row 6872,todo,medium,2026-12-31,
Performance task 6873,Generated test row 6873,in_progress,medium,2026-12-31,
Performance task 6874,Generated test row 6874,todo,medium,2026-12-31,
Performance task 6875,Generated test row 6875,todo,medium,2026-12-31,
Performance task 6876,Generated test row 6876,in_progress,medium,2026-12-31,
Performance task 6877,Generated test row 6877,todo,medium,2026-12-31,
Performance task 6878,Generated test row 6878,todo,medium,2026-12-31,
Performance task 6879,Generated test row 6879,in_progress,medium,2026-12-31,
Performance task 6880,Generated test row 6880,todo,high,2026-12-31,
Performance task 6881,Generated test row 6881,todo,medium,2026-12-31,
Performance task 6882,Generated test row 6882,in_progress,medium,2026-12-31,
Performance task 6883,Generated test row 6883,todo,medium,2026-12-31,
Performance task 6884,Generated test row 6884,todo,medium,2026-12-31,
Performance task 6885,Generated test row 6885,in_progress,medium,2026-12-31,
Performance task 6886,Generated test row 6886,todo,medium,2026-12-31,
Performance task 6887,Generated test row 6887,todo,medium,2026-12-31,
Performance task 6888,Generated test row 6888,in_progress,medium,2026-12-31,
Performance task 6889,Generated test row 6889,todo,medium,2026-12-31,
Performance task 6890,Generated test row 6890,todo,high,2026-12-31,
Performance task 6891,Generated test row 6891,in_progress,medium,2026-12-31,
Performance task 6892,Generated test row 6892,todo,medium,2026-12-31,
Performance task 6893,Generated test row 6893,todo,medium,2026-12-31,
Performance task 6894,Generated test row 6894,in_progress,medium,2026-12-31,
Performance task 6895,Generated test row 6895,todo,medium,2026-12-31,
Performance task 6896,Generated test row 6896,todo,medium,2026-12-31,
Performance task 6897,Generated test row 6897,in_progress,medium,2026-12-31,
Performance task 6898,Generated test row 6898,todo,medium,2026-12-31,
Performance task 6899,Generated test row 6899,todo,medium,2026-12-31,
Performance task 6900,Generated test row 6900,invalid_status,high,2026-12-31,
Performance task 6901,Generated test row 6901,todo,medium,2026-12-31,
Performance task 6902,Generated test row 6902,todo,medium,2026-12-31,
Performance task 6903,Generated test row 6903,in_progress,medium,2026-12-31,
Performance task 6904,Generated test row 6904,todo,medium,2026-12-31,
Performance task 6905,Generated test row 6905,todo,medium,2026-12-31,
Performance task 6906,Generated test row 6906,in_progress,medium,2026-12-31,
Performance task 6907,Generated test row 6907,todo,medium,2026-12-31,
Performance task 6908,Generated test row 6908,todo,medium,2026-12-31,
Performance task 6909,Generated test row 6909,in_progress,medium,2026-12-31,
Performance task 6910,Generated test row 6910,todo,high,2026-12-31,
Performance task 6911,Generated test row 6911,todo,medium,2026-12-31,
Performance task 6912,Generated test row 6912,in_progress,medium,2026-12-31,
Performance task 6913,Generated test row 6913,todo,medium,2026-12-31,
Performance task 6914,Generated test row 6914,todo,medium,2026-12-31,
Performance task 6915,Generated test row 6915,in_progress,medium,2026-12-31,
Performance task 6916,Generated test row 6916,todo,medium,2026-12-31,
Performance task 6917,Generated test row 6917,todo,medium,2026-12-31,
Performance task 6918,Generated test row 6918,in_progress,medium,2026-12-31,
Performance task 6919,Generated test row 6919,todo,medium,2026-12-31,
Performance task 6920,Generated test row 6920,todo,high,2026-12-31,
Performance task 6921,Generated test row 6921,in_progress,medium,2026-12-31,
Performance task 6922,Generated test row 6922,todo,medium,2026-12-31,
Performance task 6923,Generated test row 6923,todo,medium,2026-12-31,
Performance task 6924,Generated test row 6924,in_progress,medium,2026-12-31,
Performance task 6925,Generated test row 6925,todo,medium,2026-12-31,
Performance task 6926,Generated test row 6926,todo,medium,2026-12-31,
Performance task 6927,Generated test row 6927,in_progress,medium,2026-12-31,
Performance task 6928,Generated test row 6928,todo,medium,2026-12-31,
Performance task 6929,Generated test row 6929,todo,medium,2026-12-31,
Performance task 6930,Generated test row 6930,in_progress,high,2026-12-31,
Performance task 6931,Generated test row 6931,todo,medium,2026-12-31,
Performance task 6932,Generated test row 6932,todo,medium,2026-12-31,
Performance task 6933,Generated test row 6933,in_progress,medium,2026-12-31,
Performance task 6934,Generated test row 6934,todo,medium,2026-12-31,
Performance task 6935,Generated test row 6935,todo,medium,2026-12-31,
Performance task 6936,Generated test row 6936,in_progress,medium,2026-12-31,
Performance task 6937,Generated test row 6937,todo,medium,2026-12-31,
Performance task 6938,Generated test row 6938,todo,medium,2026-12-31,
Performance task 6939,Generated test row 6939,in_progress,medium,2026-12-31,
Performance task 6940,Generated test row 6940,todo,high,2026-12-31,
Performance task 6941,Generated test row 6941,todo,medium,2026-12-31,
Performance task 6942,Generated test row 6942,in_progress,medium,2026-12-31,
Performance task 6943,Generated test row 6943,todo,medium,2026-12-31,
Performance task 6944,Generated test row 6944,todo,medium,2026-12-31,
Performance task 6945,Generated test row 6945,in_progress,medium,2026-12-31,
Performance task 6946,Generated test row 6946,todo,medium,2026-12-31,
Performance task 6947,Generated test row 6947,todo,medium,2026-12-31,
Performance task 6948,Generated test row 6948,in_progress,medium,2026-12-31,
Performance task 6949,Generated test row 6949,todo,medium,2026-12-31,
Performance task 6950,Generated test row 6950,todo,high,2026-12-31,
Performance task 6951,Generated test row 6951,in_progress,medium,2026-12-31,
Performance task 6952,Generated test row 6952,todo,medium,2026-12-31,
Performance task 6953,Generated test row 6953,todo,medium,2026-12-31,
Performance task 6954,Generated test row 6954,in_progress,medium,2026-12-31,
Performance task 6955,Generated test row 6955,todo,medium,2026-12-31,
Performance task 6956,Generated test row 6956,todo,medium,2026-12-31,
Performance task 6957,Generated test row 6957,in_progress,medium,2026-12-31,
Performance task 6958,Generated test row 6958,todo,medium,2026-12-31,
Performance task 6959,Generated test row 6959,todo,medium,2026-12-31,
Performance task 6960,Generated test row 6960,in_progress,high,2026-12-31,
Performance task 6961,Generated test row 6961,todo,medium,2026-12-31,
Performance task 6962,Generated test row 6962,todo,medium,2026-12-31,
Performance task 6963,Generated test row 6963,in_progress,medium,2026-12-31,
Performance task 6964,Generated test row 6964,todo,medium,2026-12-31,
Performance task 6965,Generated test row 6965,todo,medium,2026-12-31,
Performance task 6966,Generated test row 6966,in_progress,medium,2026-12-31,
Performance task 6967,Generated test row 6967,todo,medium,2026-12-31,
Performance task 6968,Generated test row 6968,todo,medium,2026-12-31,
Performance task 6969,Generated test row 6969,in_progress,medium,2026-12-31,
Performance task 6970,Generated test row 6970,todo,high,2026-12-31,
Performance task 6971,Generated test row 6971,todo,medium,2026-12-31,
Performance task 6972,Generated test row 6972,in_progress,medium,2026-12-31,
Performance task 6973,Generated test row 6973,todo,medium,2026-12-31,
Performance task 6974,Generated test row 6974,todo,medium,2026-12-31,
Performance task 6975,Generated test row 6975,in_progress,medium,2026-12-31,
Performance task 6976,Generated test row 6976,todo,medium,2026-12-31,
Performance task 6977,Generated test row 6977,todo,medium,2026-12-31,
Performance task 6978,Generated test row 6978,in_progress,medium,2026-12-31,
Performance task 6979,Generated test row 6979,todo,medium,2026-12-31,
Performance task 6980,Generated test row 6980,todo,high,2026-12-31,
Performance task 6981,Generated test row 6981,in_progress,medium,2026-12-31,
Performance task 6982,Generated test row 6982,todo,medium,2026-12-31,
Performance task 6983,Generated test row 6983,todo,medium,2026-12-31,
Performance task 6984,Generated test row 6984,in_progress,medium,2026-12-31,
Performance task 6985,Generated test row 6985,todo,medium,2026-12-31,
Performance task 6986,Generated test row 6986,todo,medium,2026-12-31,
Performance task 6987,Generated test row 6987,in_progress,medium,2026-12-31,
Performance task 6988,Generated test row 6988,todo,medium,2026-12-31,
Performance task 6989,Generated test row 6989,todo,medium,2026-12-31,
Performance task 6990,Generated test row 6990,in_progress,high,2026-12-31,
Performance task 6991,Generated test row 6991,todo,medium,2026-12-31,
Performance task 6992,Generated test row 6992,todo,medium,2026-12-31,
Performance task 6993,Generated test row 6993,in_progress,medium,2026-12-31,
Performance task 6994,Generated test row 6994,todo,medium,2026-12-31,
Performance task 6995,Generated test row 6995,todo,medium,2026-12-31,
Performance task 6996,Generated test row 6996,in_progress,medium,2026-12-31,
Performance task 6997,Generated test row 6997,todo,medium,2026-12-31,
Performance task 6998,Generated test row 6998,todo,medium,2026-12-31,
Performance task 6999,Generated test row 6999,in_progress,medium,2026-12-31,
Performance task 7000,Generated test row 7000,invalid_status,high,2026-12-31,
Performance task 7001,Generated test row 7001,todo,medium,2026-12-31,
Performance task 7002,Generated test row 7002,in_progress,medium,2026-12-31,
Performance task 7003,Generated test row 7003,todo,medium,2026-12-31,
Performance task 7004,Generated test row 7004,todo,medium,2026-12-31,
Performance task 7005,Generated test row 7005,in_progress,medium,2026-12-31,
Performance task 7006,Generated test row 7006,todo,medium,2026-12-31,
Performance task 7007,Generated test row 7007,todo,medium,2026-12-31,
Performance task 7008,Generated test row 7008,in_progress,medium,2026-12-31,
Performance task 7009,Generated test row 7009,todo,medium,2026-12-31,
Performance task 7010,Generated test row 7010,todo,high,2026-12-31,
Performance task 7011,Generated test row 7011,in_progress,medium,2026-12-31,
Performance task 7012,Generated test row 7012,todo,medium,2026-12-31,
Performance task 7013,Generated test row 7013,todo,medium,2026-12-31,
Performance task 7014,Generated test row 7014,in_progress,medium,2026-12-31,
Performance task 7015,Generated test row 7015,todo,medium,2026-12-31,
Performance task 7016,Generated test row 7016,todo,medium,2026-12-31,
Performance task 7017,Generated test row 7017,in_progress,medium,2026-12-31,
Performance task 7018,Generated test row 7018,todo,medium,2026-12-31,
Performance task 7019,Generated test row 7019,todo,medium,2026-12-31,
Performance task 7020,Generated test row 7020,in_progress,high,2026-12-31,
Performance task 7021,Generated test row 7021,todo,medium,2026-12-31,
Performance task 7022,Generated test row 7022,todo,medium,2026-12-31,
Performance task 7023,Generated test row 7023,in_progress,medium,2026-12-31,
Performance task 7024,Generated test row 7024,todo,medium,2026-12-31,
Performance task 7025,Generated test row 7025,todo,medium,2026-12-31,
Performance task 7026,Generated test row 7026,in_progress,medium,2026-12-31,
Performance task 7027,Generated test row 7027,todo,medium,2026-12-31,
Performance task 7028,Generated test row 7028,todo,medium,2026-12-31,
Performance task 7029,Generated test row 7029,in_progress,medium,2026-12-31,
Performance task 7030,Generated test row 7030,todo,high,2026-12-31,
Performance task 7031,Generated test row 7031,todo,medium,2026-12-31,
Performance task 7032,Generated test row 7032,in_progress,medium,2026-12-31,
Performance task 7033,Generated test row 7033,todo,medium,2026-12-31,
Performance task 7034,Generated test row 7034,todo,medium,2026-12-31,
Performance task 7035,Generated test row 7035,in_progress,medium,2026-12-31,
Performance task 7036,Generated test row 7036,todo,medium,2026-12-31,
Performance task 7037,Generated test row 7037,todo,medium,2026-12-31,
Performance task 7038,Generated test row 7038,in_progress,medium,2026-12-31,
Performance task 7039,Generated test row 7039,todo,medium,2026-12-31,
Performance task 7040,Generated test row 7040,todo,high,2026-12-31,
Performance task 7041,Generated test row 7041,in_progress,medium,2026-12-31,
Performance task 7042,Generated test row 7042,todo,medium,2026-12-31,
Performance task 7043,Generated test row 7043,todo,medium,2026-12-31,
Performance task 7044,Generated test row 7044,in_progress,medium,2026-12-31,
Performance task 7045,Generated test row 7045,todo,medium,2026-12-31,
Performance task 7046,Generated test row 7046,todo,medium,2026-12-31,
Performance task 7047,Generated test row 7047,in_progress,medium,2026-12-31,
Performance task 7048,Generated test row 7048,todo,medium,2026-12-31,
Performance task 7049,Generated test row 7049,todo,medium,2026-12-31,
Performance task 7050,Generated test row 7050,in_progress,high,2026-12-31,
Performance task 7051,Generated test row 7051,todo,medium,2026-12-31,
Performance task 7052,Generated test row 7052,todo,medium,2026-12-31,
Performance task 7053,Generated test row 7053,in_progress,medium,2026-12-31,
Performance task 7054,Generated test row 7054,todo,medium,2026-12-31,
Performance task 7055,Generated test row 7055,todo,medium,2026-12-31,
Performance task 7056,Generated test row 7056,in_progress,medium,2026-12-31,
Performance task 7057,Generated test row 7057,todo,medium,2026-12-31,
Performance task 7058,Generated test row 7058,todo,medium,2026-12-31,
Performance task 7059,Generated test row 7059,in_progress,medium,2026-12-31,
Performance task 7060,Generated test row 7060,todo,high,2026-12-31,
Performance task 7061,Generated test row 7061,todo,medium,2026-12-31,
Performance task 7062,Generated test row 7062,in_progress,medium,2026-12-31,
Performance task 7063,Generated test row 7063,todo,medium,2026-12-31,
Performance task 7064,Generated test row 7064,todo,medium,2026-12-31,
Performance task 7065,Generated test row 7065,in_progress,medium,2026-12-31,
Performance task 7066,Generated test row 7066,todo,medium,2026-12-31,
Performance task 7067,Generated test row 7067,todo,medium,2026-12-31,
Performance task 7068,Generated test row 7068,in_progress,medium,2026-12-31,
Performance task 7069,Generated test row 7069,todo,medium,2026-12-31,
Performance task 7070,Generated test row 7070,todo,high,2026-12-31,
Performance task 7071,Generated test row 7071,in_progress,medium,2026-12-31,
Performance task 7072,Generated test row 7072,todo,medium,2026-12-31,
Performance task 7073,Generated test row 7073,todo,medium,2026-12-31,
Performance task 7074,Generated test row 7074,in_progress,medium,2026-12-31,
Performance task 7075,Generated test row 7075,todo,medium,2026-12-31,
Performance task 7076,Generated test row 7076,todo,medium,2026-12-31,
Performance task 7077,Generated test row 7077,in_progress,medium,2026-12-31,
Performance task 7078,Generated test row 7078,todo,medium,2026-12-31,
Performance task 7079,Generated test row 7079,todo,medium,2026-12-31,
Performance task 7080,Generated test row 7080,in_progress,high,2026-12-31,
Performance task 7081,Generated test row 7081,todo,medium,2026-12-31,
Performance task 7082,Generated test row 7082,todo,medium,2026-12-31,
Performance task 7083,Generated test row 7083,in_progress,medium,2026-12-31,
Performance task 7084,Generated test row 7084,todo,medium,2026-12-31,
Performance task 7085,Generated test row 7085,todo,medium,2026-12-31,
Performance task 7086,Generated test row 7086,in_progress,medium,2026-12-31,
Performance task 7087,Generated test row 7087,todo,medium,2026-12-31,
Performance task 7088,Generated test row 7088,todo,medium,2026-12-31,
Performance task 7089,Generated test row 7089,in_progress,medium,2026-12-31,
Performance task 7090,Generated test row 7090,todo,high,2026-12-31,
Performance task 7091,Generated test row 7091,todo,medium,2026-12-31,
Performance task 7092,Generated test row 7092,in_progress,medium,2026-12-31,
Performance task 7093,Generated test row 7093,todo,medium,2026-12-31,
Performance task 7094,Generated test row 7094,todo,medium,2026-12-31,
Performance task 7095,Generated test row 7095,in_progress,medium,2026-12-31,
Performance task 7096,Generated test row 7096,todo,medium,2026-12-31,
Performance task 7097,Generated test row 7097,todo,medium,2026-12-31,
Performance task 7098,Generated test row 7098,in_progress,medium,2026-12-31,
Performance task 7099,Generated test row 7099,todo,medium,2026-12-31,
Performance task 7100,Generated test row 7100,invalid_status,high,2026-12-31,
Performance task 7101,Generated test row 7101,in_progress,medium,2026-12-31,
Performance task 7102,Generated test row 7102,todo,medium,2026-12-31,
Performance task 7103,Generated test row 7103,todo,medium,2026-12-31,
Performance task 7104,Generated test row 7104,in_progress,medium,2026-12-31,
Performance task 7105,Generated test row 7105,todo,medium,2026-12-31,
Performance task 7106,Generated test row 7106,todo,medium,2026-12-31,
Performance task 7107,Generated test row 7107,in_progress,medium,2026-12-31,
Performance task 7108,Generated test row 7108,todo,medium,2026-12-31,
Performance task 7109,Generated test row 7109,todo,medium,2026-12-31,
Performance task 7110,Generated test row 7110,in_progress,high,2026-12-31,
Performance task 7111,Generated test row 7111,todo,medium,2026-12-31,
Performance task 7112,Generated test row 7112,todo,medium,2026-12-31,
Performance task 7113,Generated test row 7113,in_progress,medium,2026-12-31,
Performance task 7114,Generated test row 7114,todo,medium,2026-12-31,
Performance task 7115,Generated test row 7115,todo,medium,2026-12-31,
Performance task 7116,Generated test row 7116,in_progress,medium,2026-12-31,
Performance task 7117,Generated test row 7117,todo,medium,2026-12-31,
Performance task 7118,Generated test row 7118,todo,medium,2026-12-31,
Performance task 7119,Generated test row 7119,in_progress,medium,2026-12-31,
Performance task 7120,Generated test row 7120,todo,high,2026-12-31,
Performance task 7121,Generated test row 7121,todo,medium,2026-12-31,
Performance task 7122,Generated test row 7122,in_progress,medium,2026-12-31,
Performance task 7123,Generated test row 7123,todo,medium,2026-12-31,
Performance task 7124,Generated test row 7124,todo,medium,2026-12-31,
Performance task 7125,Generated test row 7125,in_progress,medium,2026-12-31,
Performance task 7126,Generated test row 7126,todo,medium,2026-12-31,
Performance task 7127,Generated test row 7127,todo,medium,2026-12-31,
Performance task 7128,Generated test row 7128,in_progress,medium,2026-12-31,
Performance task 7129,Generated test row 7129,todo,medium,2026-12-31,
Performance task 7130,Generated test row 7130,todo,high,2026-12-31,
Performance task 7131,Generated test row 7131,in_progress,medium,2026-12-31,
Performance task 7132,Generated test row 7132,todo,medium,2026-12-31,
Performance task 7133,Generated test row 7133,todo,medium,2026-12-31,
Performance task 7134,Generated test row 7134,in_progress,medium,2026-12-31,
Performance task 7135,Generated test row 7135,todo,medium,2026-12-31,
Performance task 7136,Generated test row 7136,todo,medium,2026-12-31,
Performance task 7137,Generated test row 7137,in_progress,medium,2026-12-31,
Performance task 7138,Generated test row 7138,todo,medium,2026-12-31,
Performance task 7139,Generated test row 7139,todo,medium,2026-12-31,
Performance task 7140,Generated test row 7140,in_progress,high,2026-12-31,
Performance task 7141,Generated test row 7141,todo,medium,2026-12-31,
Performance task 7142,Generated test row 7142,todo,medium,2026-12-31,
Performance task 7143,Generated test row 7143,in_progress,medium,2026-12-31,
Performance task 7144,Generated test row 7144,todo,medium,2026-12-31,
Performance task 7145,Generated test row 7145,todo,medium,2026-12-31,
Performance task 7146,Generated test row 7146,in_progress,medium,2026-12-31,
Performance task 7147,Generated test row 7147,todo,medium,2026-12-31,
Performance task 7148,Generated test row 7148,todo,medium,2026-12-31,
Performance task 7149,Generated test row 7149,in_progress,medium,2026-12-31,
Performance task 7150,Generated test row 7150,todo,high,2026-12-31,
Performance task 7151,Generated test row 7151,todo,medium,2026-12-31,
Performance task 7152,Generated test row 7152,in_progress,medium,2026-12-31,
Performance task 7153,Generated test row 7153,todo,medium,2026-12-31,
Performance task 7154,Generated test row 7154,todo,medium,2026-12-31,
Performance task 7155,Generated test row 7155,in_progress,medium,2026-12-31,
Performance task 7156,Generated test row 7156,todo,medium,2026-12-31,
Performance task 7157,Generated test row 7157,todo,medium,2026-12-31,
Performance task 7158,Generated test row 7158,in_progress,medium,2026-12-31,
Performance task 7159,Generated test row 7159,todo,medium,2026-12-31,
Performance task 7160,Generated test row 7160,todo,high,2026-12-31,
Performance task 7161,Generated test row 7161,in_progress,medium,2026-12-31,
Performance task 7162,Generated test row 7162,todo,medium,2026-12-31,
Performance task 7163,Generated test row 7163,todo,medium,2026-12-31,
Performance task 7164,Generated test row 7164,in_progress,medium,2026-12-31,
Performance task 7165,Generated test row 7165,todo,medium,2026-12-31,
Performance task 7166,Generated test row 7166,todo,medium,2026-12-31,
Performance task 7167,Generated test row 7167,in_progress,medium,2026-12-31,
Performance task 7168,Generated test row 7168,todo,medium,2026-12-31,
Performance task 7169,Generated test row 7169,todo,medium,2026-12-31,
Performance task 7170,Generated test row 7170,in_progress,high,2026-12-31,
Performance task 7171,Generated test row 7171,todo,medium,2026-12-31,
Performance task 7172,Generated test row 7172,todo,medium,2026-12-31,
Performance task 7173,Generated test row 7173,in_progress,medium,2026-12-31,
Performance task 7174,Generated test row 7174,todo,medium,2026-12-31,
Performance task 7175,Generated test row 7175,todo,medium,2026-12-31,
Performance task 7176,Generated test row 7176,in_progress,medium,2026-12-31,
Performance task 7177,Generated test row 7177,todo,medium,2026-12-31,
Performance task 7178,Generated test row 7178,todo,medium,2026-12-31,
Performance task 7179,Generated test row 7179,in_progress,medium,2026-12-31,
Performance task 7180,Generated test row 7180,todo,high,2026-12-31,
Performance task 7181,Generated test row 7181,todo,medium,2026-12-31,
Performance task 7182,Generated test row 7182,in_progress,medium,2026-12-31,
Performance task 7183,Generated test row 7183,todo,medium,2026-12-31,
Performance task 7184,Generated test row 7184,todo,medium,2026-12-31,
Performance task 7185,Generated test row 7185,in_progress,medium,2026-12-31,
Performance task 7186,Generated test row 7186,todo,medium,2026-12-31,
Performance task 7187,Generated test row 7187,todo,medium,2026-12-31,
Performance task 7188,Generated test row 7188,in_progress,medium,2026-12-31,
Performance task 7189,Generated test row 7189,todo,medium,2026-12-31,
Performance task 7190,Generated test row 7190,todo,high,2026-12-31,
Performance task 7191,Generated test row 7191,in_progress,medium,2026-12-31,
Performance task 7192,Generated test row 7192,todo,medium,2026-12-31,
Performance task 7193,Generated test row 7193,todo,medium,2026-12-31,
Performance task 7194,Generated test row 7194,in_progress,medium,2026-12-31,
Performance task 7195,Generated test row 7195,todo,medium,2026-12-31,
Performance task 7196,Generated test row 7196,todo,medium,2026-12-31,
Performance task 7197,Generated test row 7197,in_progress,medium,2026-12-31,
Performance task 7198,Generated test row 7198,todo,medium,2026-12-31,
Performance task 7199,Generated test row 7199,todo,medium,2026-12-31,
Performance task 7200,Generated test row 7200,invalid_status,high,2026-12-31,
Performance task 7201,Generated test row 7201,todo,medium,2026-12-31,
Performance task 7202,Generated test row 7202,todo,medium,2026-12-31,
Performance task 7203,Generated test row 7203,in_progress,medium,2026-12-31,
Performance task 7204,Generated test row 7204,todo,medium,2026-12-31,
Performance task 7205,Generated test row 7205,todo,medium,2026-12-31,
Performance task 7206,Generated test row 7206,in_progress,medium,2026-12-31,
Performance task 7207,Generated test row 7207,todo,medium,2026-12-31,
Performance task 7208,Generated test row 7208,todo,medium,2026-12-31,
Performance task 7209,Generated test row 7209,in_progress,medium,2026-12-31,
Performance task 7210,Generated test row 7210,todo,high,2026-12-31,
Performance task 7211,Generated test row 7211,todo,medium,2026-12-31,
Performance task 7212,Generated test row 7212,in_progress,medium,2026-12-31,
Performance task 7213,Generated test row 7213,todo,medium,2026-12-31,
Performance task 7214,Generated test row 7214,todo,medium,2026-12-31,
Performance task 7215,Generated test row 7215,in_progress,medium,2026-12-31,
Performance task 7216,Generated test row 7216,todo,medium,2026-12-31,
Performance task 7217,Generated test row 7217,todo,medium,2026-12-31,
Performance task 7218,Generated test row 7218,in_progress,medium,2026-12-31,
Performance task 7219,Generated test row 7219,todo,medium,2026-12-31,
Performance task 7220,Generated test row 7220,todo,high,2026-12-31,
Performance task 7221,Generated test row 7221,in_progress,medium,2026-12-31,
Performance task 7222,Generated test row 7222,todo,medium,2026-12-31,
Performance task 7223,Generated test row 7223,todo,medium,2026-12-31,
Performance task 7224,Generated test row 7224,in_progress,medium,2026-12-31,
Performance task 7225,Generated test row 7225,todo,medium,2026-12-31,
Performance task 7226,Generated test row 7226,todo,medium,2026-12-31,
Performance task 7227,Generated test row 7227,in_progress,medium,2026-12-31,
Performance task 7228,Generated test row 7228,todo,medium,2026-12-31,
Performance task 7229,Generated test row 7229,todo,medium,2026-12-31,
Performance task 7230,Generated test row 7230,in_progress,high,2026-12-31,
Performance task 7231,Generated test row 7231,todo,medium,2026-12-31,
Performance task 7232,Generated test row 7232,todo,medium,2026-12-31,
Performance task 7233,Generated test row 7233,in_progress,medium,2026-12-31,
Performance task 7234,Generated test row 7234,todo,medium,2026-12-31,
Performance task 7235,Generated test row 7235,todo,medium,2026-12-31,
Performance task 7236,Generated test row 7236,in_progress,medium,2026-12-31,
Performance task 7237,Generated test row 7237,todo,medium,2026-12-31,
Performance task 7238,Generated test row 7238,todo,medium,2026-12-31,
Performance task 7239,Generated test row 7239,in_progress,medium,2026-12-31,
Performance task 7240,Generated test row 7240,todo,high,2026-12-31,
Performance task 7241,Generated test row 7241,todo,medium,2026-12-31,
Performance task 7242,Generated test row 7242,in_progress,medium,2026-12-31,
Performance task 7243,Generated test row 7243,todo,medium,2026-12-31,
Performance task 7244,Generated test row 7244,todo,medium,2026-12-31,
Performance task 7245,Generated test row 7245,in_progress,medium,2026-12-31,
Performance task 7246,Generated test row 7246,todo,medium,2026-12-31,
Performance task 7247,Generated test row 7247,todo,medium,2026-12-31,
Performance task 7248,Generated test row 7248,in_progress,medium,2026-12-31,
Performance task 7249,Generated test row 7249,todo,medium,2026-12-31,
Performance task 7250,Generated test row 7250,todo,high,2026-12-31,
Performance task 7251,Generated test row 7251,in_progress,medium,2026-12-31,
Performance task 7252,Generated test row 7252,todo,medium,2026-12-31,
Performance task 7253,Generated test row 7253,todo,medium,2026-12-31,
Performance task 7254,Generated test row 7254,in_progress,medium,2026-12-31,
Performance task 7255,Generated test row 7255,todo,medium,2026-12-31,
Performance task 7256,Generated test row 7256,todo,medium,2026-12-31,
Performance task 7257,Generated test row 7257,in_progress,medium,2026-12-31,
Performance task 7258,Generated test row 7258,todo,medium,2026-12-31,
Performance task 7259,Generated test row 7259,todo,medium,2026-12-31,
Performance task 7260,Generated test row 7260,in_progress,high,2026-12-31,
Performance task 7261,Generated test row 7261,todo,medium,2026-12-31,
Performance task 7262,Generated test row 7262,todo,medium,2026-12-31,
Performance task 7263,Generated test row 7263,in_progress,medium,2026-12-31,
Performance task 7264,Generated test row 7264,todo,medium,2026-12-31,
Performance task 7265,Generated test row 7265,todo,medium,2026-12-31,
Performance task 7266,Generated test row 7266,in_progress,medium,2026-12-31,
Performance task 7267,Generated test row 7267,todo,medium,2026-12-31,
Performance task 7268,Generated test row 7268,todo,medium,2026-12-31,
Performance task 7269,Generated test row 7269,in_progress,medium,2026-12-31,
Performance task 7270,Generated test row 7270,todo,high,2026-12-31,
Performance task 7271,Generated test row 7271,todo,medium,2026-12-31,
Performance task 7272,Generated test row 7272,in_progress,medium,2026-12-31,
Performance task 7273,Generated test row 7273,todo,medium,2026-12-31,
Performance task 7274,Generated test row 7274,todo,medium,2026-12-31,
Performance task 7275,Generated test row 7275,in_progress,medium,2026-12-31,
Performance task 7276,Generated test row 7276,todo,medium,2026-12-31,
Performance task 7277,Generated test row 7277,todo,medium,2026-12-31,
Performance task 7278,Generated test row 7278,in_progress,medium,2026-12-31,
Performance task 7279,Generated test row 7279,todo,medium,2026-12-31,
Performance task 7280,Generated test row 7280,todo,high,2026-12-31,
Performance task 7281,Generated test row 7281,in_progress,medium,2026-12-31,
Performance task 7282,Generated test row 7282,todo,medium,2026-12-31,
Performance task 7283,Generated test row 7283,todo,medium,2026-12-31,
Performance task 7284,Generated test row 7284,in_progress,medium,2026-12-31,
Performance task 7285,Generated test row 7285,todo,medium,2026-12-31,
Performance task 7286,Generated test row 7286,todo,medium,2026-12-31,
Performance task 7287,Generated test row 7287,in_progress,medium,2026-12-31,
Performance task 7288,Generated test row 7288,todo,medium,2026-12-31,
Performance task 7289,Generated test row 7289,todo,medium,2026-12-31,
Performance task 7290,Generated test row 7290,in_progress,high,2026-12-31,
Performance task 7291,Generated test row 7291,todo,medium,2026-12-31,
Performance task 7292,Generated test row 7292,todo,medium,2026-12-31,
Performance task 7293,Generated test row 7293,in_progress,medium,2026-12-31,
Performance task 7294,Generated test row 7294,todo,medium,2026-12-31,
Performance task 7295,Generated test row 7295,todo,medium,2026-12-31,
Performance task 7296,Generated test row 7296,in_progress,medium,2026-12-31,
Performance task 7297,Generated test row 7297,todo,medium,2026-12-31,
Performance task 7298,Generated test row 7298,todo,medium,2026-12-31,
Performance task 7299,Generated test row 7299,in_progress,medium,2026-12-31,
Performance task 7300,Generated test row 7300,invalid_status,high,2026-12-31,
Performance task 7301,Generated test row 7301,todo,medium,2026-12-31,
Performance task 7302,Generated test row 7302,in_progress,medium,2026-12-31,
Performance task 7303,Generated test row 7303,todo,medium,2026-12-31,
Performance task 7304,Generated test row 7304,todo,medium,2026-12-31,
Performance task 7305,Generated test row 7305,in_progress,medium,2026-12-31,
Performance task 7306,Generated test row 7306,todo,medium,2026-12-31,
Performance task 7307,Generated test row 7307,todo,medium,2026-12-31,
Performance task 7308,Generated test row 7308,in_progress,medium,2026-12-31,
Performance task 7309,Generated test row 7309,todo,medium,2026-12-31,
Performance task 7310,Generated test row 7310,todo,high,2026-12-31,
Performance task 7311,Generated test row 7311,in_progress,medium,2026-12-31,
Performance task 7312,Generated test row 7312,todo,medium,2026-12-31,
Performance task 7313,Generated test row 7313,todo,medium,2026-12-31,
Performance task 7314,Generated test row 7314,in_progress,medium,2026-12-31,
Performance task 7315,Generated test row 7315,todo,medium,2026-12-31,
Performance task 7316,Generated test row 7316,todo,medium,2026-12-31,
Performance task 7317,Generated test row 7317,in_progress,medium,2026-12-31,
Performance task 7318,Generated test row 7318,todo,medium,2026-12-31,
Performance task 7319,Generated test row 7319,todo,medium,2026-12-31,
Performance task 7320,Generated test row 7320,in_progress,high,2026-12-31,
Performance task 7321,Generated test row 7321,todo,medium,2026-12-31,
Performance task 7322,Generated test row 7322,todo,medium,2026-12-31,
Performance task 7323,Generated test row 7323,in_progress,medium,2026-12-31,
Performance task 7324,Generated test row 7324,todo,medium,2026-12-31,
Performance task 7325,Generated test row 7325,todo,medium,2026-12-31,
Performance task 7326,Generated test row 7326,in_progress,medium,2026-12-31,
Performance task 7327,Generated test row 7327,todo,medium,2026-12-31,
Performance task 7328,Generated test row 7328,todo,medium,2026-12-31,
Performance task 7329,Generated test row 7329,in_progress,medium,2026-12-31,
Performance task 7330,Generated test row 7330,todo,high,2026-12-31,
Performance task 7331,Generated test row 7331,todo,medium,2026-12-31,
Performance task 7332,Generated test row 7332,in_progress,medium,2026-12-31,
Performance task 7333,Generated test row 7333,todo,medium,2026-12-31,
Performance task 7334,Generated test row 7334,todo,medium,2026-12-31,
Performance task 7335,Generated test row 7335,in_progress,medium,2026-12-31,
Performance task 7336,Generated test row 7336,todo,medium,2026-12-31,
Performance task 7337,Generated test row 7337,todo,medium,2026-12-31,
Performance task 7338,Generated test row 7338,in_progress,medium,2026-12-31,
Performance task 7339,Generated test row 7339,todo,medium,2026-12-31,
Performance task 7340,Generated test row 7340,todo,high,2026-12-31,
Performance task 7341,Generated test row 7341,in_progress,medium,2026-12-31,
Performance task 7342,Generated test row 7342,todo,medium,2026-12-31,
Performance task 7343,Generated test row 7343,todo,medium,2026-12-31,
Performance task 7344,Generated test row 7344,in_progress,medium,2026-12-31,
Performance task 7345,Generated test row 7345,todo,medium,2026-12-31,
Performance task 7346,Generated test row 7346,todo,medium,2026-12-31,
Performance task 7347,Generated test row 7347,in_progress,medium,2026-12-31,
Performance task 7348,Generated test row 7348,todo,medium,2026-12-31,
Performance task 7349,Generated test row 7349,todo,medium,2026-12-31,
Performance task 7350,Generated test row 7350,in_progress,high,2026-12-31,
Performance task 7351,Generated test row 7351,todo,medium,2026-12-31,
Performance task 7352,Generated test row 7352,todo,medium,2026-12-31,
Performance task 7353,Generated test row 7353,in_progress,medium,2026-12-31,
Performance task 7354,Generated test row 7354,todo,medium,2026-12-31,
Performance task 7355,Generated test row 7355,todo,medium,2026-12-31,
Performance task 7356,Generated test row 7356,in_progress,medium,2026-12-31,
Performance task 7357,Generated test row 7357,todo,medium,2026-12-31,
Performance task 7358,Generated test row 7358,todo,medium,2026-12-31,
Performance task 7359,Generated test row 7359,in_progress,medium,2026-12-31,
Performance task 7360,Generated test row 7360,todo,high,2026-12-31,
Performance task 7361,Generated test row 7361,todo,medium,2026-12-31,
Performance task 7362,Generated test row 7362,in_progress,medium,2026-12-31,
Performance task 7363,Generated test row 7363,todo,medium,2026-12-31,
Performance task 7364,Generated test row 7364,todo,medium,2026-12-31,
Performance task 7365,Generated test row 7365,in_progress,medium,2026-12-31,
Performance task 7366,Generated test row 7366,todo,medium,2026-12-31,
Performance task 7367,Generated test row 7367,todo,medium,2026-12-31,
Performance task 7368,Generated test row 7368,in_progress,medium,2026-12-31,
Performance task 7369,Generated test row 7369,todo,medium,2026-12-31,
Performance task 7370,Generated test row 7370,todo,high,2026-12-31,
Performance task 7371,Generated test row 7371,in_progress,medium,2026-12-31,
Performance task 7372,Generated test row 7372,todo,medium,2026-12-31,
Performance task 7373,Generated test row 7373,todo,medium,2026-12-31,
Performance task 7374,Generated test row 7374,in_progress,medium,2026-12-31,
Performance task 7375,Generated test row 7375,todo,medium,2026-12-31,
Performance task 7376,Generated test row 7376,todo,medium,2026-12-31,
Performance task 7377,Generated test row 7377,in_progress,medium,2026-12-31,
Performance task 7378,Generated test row 7378,todo,medium,2026-12-31,
Performance task 7379,Generated test row 7379,todo,medium,2026-12-31,
Performance task 7380,Generated test row 7380,in_progress,high,2026-12-31,
Performance task 7381,Generated test row 7381,todo,medium,2026-12-31,
Performance task 7382,Generated test row 7382,todo,medium,2026-12-31,
Performance task 7383,Generated test row 7383,in_progress,medium,2026-12-31,
Performance task 7384,Generated test row 7384,todo,medium,2026-12-31,
Performance task 7385,Generated test row 7385,todo,medium,2026-12-31,
Performance task 7386,Generated test row 7386,in_progress,medium,2026-12-31,
Performance task 7387,Generated test row 7387,todo,medium,2026-12-31,
Performance task 7388,Generated test row 7388,todo,medium,2026-12-31,
Performance task 7389,Generated test row 7389,in_progress,medium,2026-12-31,
Performance task 7390,Generated test row 7390,todo,high,2026-12-31,
Performance task 7391,Generated test row 7391,todo,medium,2026-12-31,
Performance task 7392,Generated test row 7392,in_progress,medium,2026-12-31,
Performance task 7393,Generated test row 7393,todo,medium,2026-12-31,
Performance task 7394,Generated test row 7394,todo,medium,2026-12-31,
Performance task 7395,Generated test row 7395,in_progress,medium,2026-12-31,
Performance task 7396,Generated test row 7396,todo,medium,2026-12-31,
Performance task 7397,Generated test row 7397,todo,medium,2026-12-31,
Performance task 7398,Generated test row 7398,in_progress,medium,2026-12-31,
Performance task 7399,Generated test row 7399,todo,medium,2026-12-31,
Performance task 7400,Generated test row 7400,invalid_status,high,2026-12-31,
Performance task 7401,Generated test row 7401,in_progress,medium,2026-12-31,
Performance task 7402,Generated test row 7402,todo,medium,2026-12-31,
Performance task 7403,Generated test row 7403,todo,medium,2026-12-31,
Performance task 7404,Generated test row 7404,in_progress,medium,2026-12-31,
Performance task 7405,Generated test row 7405,todo,medium,2026-12-31,
Performance task 7406,Generated test row 7406,todo,medium,2026-12-31,
Performance task 7407,Generated test row 7407,in_progress,medium,2026-12-31,
Performance task 7408,Generated test row 7408,todo,medium,2026-12-31,
Performance task 7409,Generated test row 7409,todo,medium,2026-12-31,
Performance task 7410,Generated test row 7410,in_progress,high,2026-12-31,
Performance task 7411,Generated test row 7411,todo,medium,2026-12-31,
Performance task 7412,Generated test row 7412,todo,medium,2026-12-31,
Performance task 7413,Generated test row 7413,in_progress,medium,2026-12-31,
Performance task 7414,Generated test row 7414,todo,medium,2026-12-31,
Performance task 7415,Generated test row 7415,todo,medium,2026-12-31,
Performance task 7416,Generated test row 7416,in_progress,medium,2026-12-31,
Performance task 7417,Generated test row 7417,todo,medium,2026-12-31,
Performance task 7418,Generated test row 7418,todo,medium,2026-12-31,
Performance task 7419,Generated test row 7419,in_progress,medium,2026-12-31,
Performance task 7420,Generated test row 7420,todo,high,2026-12-31,
Performance task 7421,Generated test row 7421,todo,medium,2026-12-31,
Performance task 7422,Generated test row 7422,in_progress,medium,2026-12-31,
Performance task 7423,Generated test row 7423,todo,medium,2026-12-31,
Performance task 7424,Generated test row 7424,todo,medium,2026-12-31,
Performance task 7425,Generated test row 7425,in_progress,medium,2026-12-31,
Performance task 7426,Generated test row 7426,todo,medium,2026-12-31,
Performance task 7427,Generated test row 7427,todo,medium,2026-12-31,
Performance task 7428,Generated test row 7428,in_progress,medium,2026-12-31,
Performance task 7429,Generated test row 7429,todo,medium,2026-12-31,
Performance task 7430,Generated test row 7430,todo,high,2026-12-31,
Performance task 7431,Generated test row 7431,in_progress,medium,2026-12-31,
Performance task 7432,Generated test row 7432,todo,medium,2026-12-31,
Performance task 7433,Generated test row 7433,todo,medium,2026-12-31,
Performance task 7434,Generated test row 7434,in_progress,medium,2026-12-31,
Performance task 7435,Generated test row 7435,todo,medium,2026-12-31,
Performance task 7436,Generated test row 7436,todo,medium,2026-12-31,
Performance task 7437,Generated test row 7437,in_progress,medium,2026-12-31,
Performance task 7438,Generated test row 7438,todo,medium,2026-12-31,
Performance task 7439,Generated test row 7439,todo,medium,2026-12-31,
Performance task 7440,Generated test row 7440,in_progress,high,2026-12-31,
Performance task 7441,Generated test row 7441,todo,medium,2026-12-31,
Performance task 7442,Generated test row 7442,todo,medium,2026-12-31,
Performance task 7443,Generated test row 7443,in_progress,medium,2026-12-31,
Performance task 7444,Generated test row 7444,todo,medium,2026-12-31,
Performance task 7445,Generated test row 7445,todo,medium,2026-12-31,
Performance task 7446,Generated test row 7446,in_progress,medium,2026-12-31,
Performance task 7447,Generated test row 7447,todo,medium,2026-12-31,
Performance task 7448,Generated test row 7448,todo,medium,2026-12-31,
Performance task 7449,Generated test row 7449,in_progress,medium,2026-12-31,
Performance task 7450,Generated test row 7450,todo,high,2026-12-31,
Performance task 7451,Generated test row 7451,todo,medium,2026-12-31,
Performance task 7452,Generated test row 7452,in_progress,medium,2026-12-31,
Performance task 7453,Generated test row 7453,todo,medium,2026-12-31,
Performance task 7454,Generated test row 7454,todo,medium,2026-12-31,
Performance task 7455,Generated test row 7455,in_progress,medium,2026-12-31,
Performance task 7456,Generated test row 7456,todo,medium,2026-12-31,
Performance task 7457,Generated test row 7457,todo,medium,2026-12-31,
Performance task 7458,Generated test row 7458,in_progress,medium,2026-12-31,
Performance task 7459,Generated test row 7459,todo,medium,2026-12-31,
Performance task 7460,Generated test row 7460,todo,high,2026-12-31,
Performance task 7461,Generated test row 7461,in_progress,medium,2026-12-31,
Performance task 7462,Generated test row 7462,todo,medium,2026-12-31,
Performance task 7463,Generated test row 7463,todo,medium,2026-12-31,
Performance task 7464,Generated test row 7464,in_progress,medium,2026-12-31,
Performance task 7465,Generated test row 7465,todo,medium,2026-12-31,
Performance task 7466,Generated test row 7466,todo,medium,2026-12-31,
Performance task 7467,Generated test row 7467,in_progress,medium,2026-12-31,
Performance task 7468,Generated test row 7468,todo,medium,2026-12-31,
Performance task 7469,Generated test row 7469,todo,medium,2026-12-31,
Performance task 7470,Generated test row 7470,in_progress,high,2026-12-31,
Performance task 7471,Generated test row 7471,todo,medium,2026-12-31,
Performance task 7472,Generated test row 7472,todo,medium,2026-12-31,
Performance task 7473,Generated test row 7473,in_progress,medium,2026-12-31,
Performance task 7474,Generated test row 7474,todo,medium,2026-12-31,
Performance task 7475,Generated test row 7475,todo,medium,2026-12-31,
Performance task 7476,Generated test row 7476,in_progress,medium,2026-12-31,
Performance task 7477,Generated test row 7477,todo,medium,2026-12-31,
Performance task 7478,Generated test row 7478,todo,medium,2026-12-31,
Performance task 7479,Generated test row 7479,in_progress,medium,2026-12-31,
Performance task 7480,Generated test row 7480,todo,high,2026-12-31,
Performance task 7481,Generated test row 7481,todo,medium,2026-12-31,
Performance task 7482,Generated test row 7482,in_progress,medium,2026-12-31,
Performance task 7483,Generated test row 7483,todo,medium,2026-12-31,
Performance task 7484,Generated test row 7484,todo,medium,2026-12-31,
Performance task 7485,Generated test row 7485,in_progress,medium,2026-12-31,
Performance task 7486,Generated test row 7486,todo,medium,2026-12-31,
Performance task 7487,Generated test row 7487,todo,medium,2026-12-31,
Performance task 7488,Generated test row 7488,in_progress,medium,2026-12-31,
Performance task 7489,Generated test row 7489,todo,medium,2026-12-31,
Performance task 7490,Generated test row 7490,todo,high,2026-12-31,
Performance task 7491,Generated test row 7491,in_progress,medium,2026-12-31,
Performance task 7492,Generated test row 7492,todo,medium,2026-12-31,
Performance task 7493,Generated test row 7493,todo,medium,2026-12-31,
Performance task 7494,Generated test row 7494,in_progress,medium,2026-12-31,
Performance task 7495,Generated test row 7495,todo,medium,2026-12-31,
Performance task 7496,Generated test row 7496,todo,medium,2026-12-31,
Performance task 7497,Generated test row 7497,in_progress,medium,2026-12-31,
Performance task 7498,Generated test row 7498,todo,medium,2026-12-31,
Performance task 7499,Generated test row 7499,todo,medium,2026-12-31,
Performance task 7500,Generated test row 7500,invalid_status,high,2026-12-31,
Performance task 7501,Generated test row 7501,todo,medium,2026-12-31,
Performance task 7502,Generated test row 7502,todo,medium,2026-12-31,
Performance task 7503,Generated test row 7503,in_progress,medium,2026-12-31,
Performance task 7504,Generated test row 7504,todo,medium,2026-12-31,
Performance task 7505,Generated test row 7505,todo,medium,2026-12-31,
Performance task 7506,Generated test row 7506,in_progress,medium,2026-12-31,
Performance task 7507,Generated test row 7507,todo,medium,2026-12-31,
Performance task 7508,Generated test row 7508,todo,medium,2026-12-31,
Performance task 7509,Generated test row 7509,in_progress,medium,2026-12-31,
Performance task 7510,Generated test row 7510,todo,high,2026-12-31,
Performance task 7511,Generated test row 7511,todo,medium,2026-12-31,
Performance task 7512,Generated test row 7512,in_progress,medium,2026-12-31,
Performance task 7513,Generated test row 7513,todo,medium,2026-12-31,
Performance task 7514,Generated test row 7514,todo,medium,2026-12-31,
Performance task 7515,Generated test row 7515,in_progress,medium,2026-12-31,
Performance task 7516,Generated test row 7516,todo,medium,2026-12-31,
Performance task 7517,Generated test row 7517,todo,medium,2026-12-31,
Performance task 7518,Generated test row 7518,in_progress,medium,2026-12-31,
Performance task 7519,Generated test row 7519,todo,medium,2026-12-31,
Performance task 7520,Generated test row 7520,todo,high,2026-12-31,
Performance task 7521,Generated test row 7521,in_progress,medium,2026-12-31,
Performance task 7522,Generated test row 7522,todo,medium,2026-12-31,
Performance task 7523,Generated test row 7523,todo,medium,2026-12-31,
Performance task 7524,Generated test row 7524,in_progress,medium,2026-12-31,
Performance task 7525,Generated test row 7525,todo,medium,2026-12-31,
Performance task 7526,Generated test row 7526,todo,medium,2026-12-31,
Performance task 7527,Generated test row 7527,in_progress,medium,2026-12-31,
Performance task 7528,Generated test row 7528,todo,medium,2026-12-31,
Performance task 7529,Generated test row 7529,todo,medium,2026-12-31,
Performance task 7530,Generated test row 7530,in_progress,high,2026-12-31,
Performance task 7531,Generated test row 7531,todo,medium,2026-12-31,
Performance task 7532,Generated test row 7532,todo,medium,2026-12-31,
Performance task 7533,Generated test row 7533,in_progress,medium,2026-12-31,
Performance task 7534,Generated test row 7534,todo,medium,2026-12-31,
Performance task 7535,Generated test row 7535,todo,medium,2026-12-31,
Performance task 7536,Generated test row 7536,in_progress,medium,2026-12-31,
Performance task 7537,Generated test row 7537,todo,medium,2026-12-31,
Performance task 7538,Generated test row 7538,todo,medium,2026-12-31,
Performance task 7539,Generated test row 7539,in_progress,medium,2026-12-31,
Performance task 7540,Generated test row 7540,todo,high,2026-12-31,
Performance task 7541,Generated test row 7541,todo,medium,2026-12-31,
Performance task 7542,Generated test row 7542,in_progress,medium,2026-12-31,
Performance task 7543,Generated test row 7543,todo,medium,2026-12-31,
Performance task 7544,Generated test row 7544,todo,medium,2026-12-31,
Performance task 7545,Generated test row 7545,in_progress,medium,2026-12-31,
Performance task 7546,Generated test row 7546,todo,medium,2026-12-31,
Performance task 7547,Generated test row 7547,todo,medium,2026-12-31,
Performance task 7548,Generated test row 7548,in_progress,medium,2026-12-31,
Performance task 7549,Generated test row 7549,todo,medium,2026-12-31,
Performance task 7550,Generated test row 7550,todo,high,2026-12-31,
Performance task 7551,Generated test row 7551,in_progress,medium,2026-12-31,
Performance task 7552,Generated test row 7552,todo,medium,2026-12-31,
Performance task 7553,Generated test row 7553,todo,medium,2026-12-31,
Performance task 7554,Generated test row 7554,in_progress,medium,2026-12-31,
Performance task 7555,Generated test row 7555,todo,medium,2026-12-31,
Performance task 7556,Generated test row 7556,todo,medium,2026-12-31,
Performance task 7557,Generated test row 7557,in_progress,medium,2026-12-31,
Performance task 7558,Generated test row 7558,todo,medium,2026-12-31,
Performance task 7559,Generated test row 7559,todo,medium,2026-12-31,
Performance task 7560,Generated test row 7560,in_progress,high,2026-12-31,
Performance task 7561,Generated test row 7561,todo,medium,2026-12-31,
Performance task 7562,Generated test row 7562,todo,medium,2026-12-31,
Performance task 7563,Generated test row 7563,in_progress,medium,2026-12-31,
Performance task 7564,Generated test row 7564,todo,medium,2026-12-31,
Performance task 7565,Generated test row 7565,todo,medium,2026-12-31,
Performance task 7566,Generated test row 7566,in_progress,medium,2026-12-31,
Performance task 7567,Generated test row 7567,todo,medium,2026-12-31,
Performance task 7568,Generated test row 7568,todo,medium,2026-12-31,
Performance task 7569,Generated test row 7569,in_progress,medium,2026-12-31,
Performance task 7570,Generated test row 7570,todo,high,2026-12-31,
Performance task 7571,Generated test row 7571,todo,medium,2026-12-31,
Performance task 7572,Generated test row 7572,in_progress,medium,2026-12-31,
Performance task 7573,Generated test row 7573,todo,medium,2026-12-31,
Performance task 7574,Generated test row 7574,todo,medium,2026-12-31,
Performance task 7575,Generated test row 7575,in_progress,medium,2026-12-31,
Performance task 7576,Generated test row 7576,todo,medium,2026-12-31,
Performance task 7577,Generated test row 7577,todo,medium,2026-12-31,
Performance task 7578,Generated test row 7578,in_progress,medium,2026-12-31,
Performance task 7579,Generated test row 7579,todo,medium,2026-12-31,
Performance task 7580,Generated test row 7580,todo,high,2026-12-31,
Performance task 7581,Generated test row 7581,in_progress,medium,2026-12-31,
Performance task 7582,Generated test row 7582,todo,medium,2026-12-31,
Performance task 7583,Generated test row 7583,todo,medium,2026-12-31,
Performance task 7584,Generated test row 7584,in_progress,medium,2026-12-31,
Performance task 7585,Generated test row 7585,todo,medium,2026-12-31,
Performance task 7586,Generated test row 7586,todo,medium,2026-12-31,
Performance task 7587,Generated test row 7587,in_progress,medium,2026-12-31,
Performance task 7588,Generated test row 7588,todo,medium,2026-12-31,
Performance task 7589,Generated test row 7589,todo,medium,2026-12-31,
Performance task 7590,Generated test row 7590,in_progress,high,2026-12-31,
Performance task 7591,Generated test row 7591,todo,medium,2026-12-31,
Performance task 7592,Generated test row 7592,todo,medium,2026-12-31,
Performance task 7593,Generated test row 7593,in_progress,medium,2026-12-31,
Performance task 7594,Generated test row 7594,todo,medium,2026-12-31,
Performance task 7595,Generated test row 7595,todo,medium,2026-12-31,
Performance task 7596,Generated test row 7596,in_progress,medium,2026-12-31,
Performance task 7597,Generated test row 7597,todo,medium,2026-12-31,
Performance task 7598,Generated test row 7598,todo,medium,2026-12-31,
Performance task 7599,Generated test row 7599,in_progress,medium,2026-12-31,
Performance task 7600,Generated test row 7600,invalid_status,high,2026-12-31,
Performance task 7601,Generated test row 7601,todo,medium,2026-12-31,
Performance task 7602,Generated test row 7602,in_progress,medium,2026-12-31,
Performance task 7603,Generated test row 7603,todo,medium,2026-12-31,
Performance task 7604,Generated test row 7604,todo,medium,2026-12-31,
Performance task 7605,Generated test row 7605,in_progress,medium,2026-12-31,
Performance task 7606,Generated test row 7606,todo,medium,2026-12-31,
Performance task 7607,Generated test row 7607,todo,medium,2026-12-31,
Performance task 7608,Generated test row 7608,in_progress,medium,2026-12-31,
Performance task 7609,Generated test row 7609,todo,medium,2026-12-31,
Performance task 7610,Generated test row 7610,todo,high,2026-12-31,
Performance task 7611,Generated test row 7611,in_progress,medium,2026-12-31,
Performance task 7612,Generated test row 7612,todo,medium,2026-12-31,
Performance task 7613,Generated test row 7613,todo,medium,2026-12-31,
Performance task 7614,Generated test row 7614,in_progress,medium,2026-12-31,
Performance task 7615,Generated test row 7615,todo,medium,2026-12-31,
Performance task 7616,Generated test row 7616,todo,medium,2026-12-31,
Performance task 7617,Generated test row 7617,in_progress,medium,2026-12-31,
Performance task 7618,Generated test row 7618,todo,medium,2026-12-31,
Performance task 7619,Generated test row 7619,todo,medium,2026-12-31,
Performance task 7620,Generated test row 7620,in_progress,high,2026-12-31,
Performance task 7621,Generated test row 7621,todo,medium,2026-12-31,
Performance task 7622,Generated test row 7622,todo,medium,2026-12-31,
Performance task 7623,Generated test row 7623,in_progress,medium,2026-12-31,
Performance task 7624,Generated test row 7624,todo,medium,2026-12-31,
Performance task 7625,Generated test row 7625,todo,medium,2026-12-31,
Performance task 7626,Generated test row 7626,in_progress,medium,2026-12-31,
Performance task 7627,Generated test row 7627,todo,medium,2026-12-31,
Performance task 7628,Generated test row 7628,todo,medium,2026-12-31,
Performance task 7629,Generated test row 7629,in_progress,medium,2026-12-31,
Performance task 7630,Generated test row 7630,todo,high,2026-12-31,
Performance task 7631,Generated test row 7631,todo,medium,2026-12-31,
Performance task 7632,Generated test row 7632,in_progress,medium,2026-12-31,
Performance task 7633,Generated test row 7633,todo,medium,2026-12-31,
Performance task 7634,Generated test row 7634,todo,medium,2026-12-31,
Performance task 7635,Generated test row 7635,in_progress,medium,2026-12-31,
Performance task 7636,Generated test row 7636,todo,medium,2026-12-31,
Performance task 7637,Generated test row 7637,todo,medium,2026-12-31,
Performance task 7638,Generated test row 7638,in_progress,medium,2026-12-31,
Performance task 7639,Generated test row 7639,todo,medium,2026-12-31,
Performance task 7640,Generated test row 7640,todo,high,2026-12-31,
Performance task 7641,Generated test row 7641,in_progress,medium,2026-12-31,
Performance task 7642,Generated test row 7642,todo,medium,2026-12-31,
Performance task 7643,Generated test row 7643,todo,medium,2026-12-31,
Performance task 7644,Generated test row 7644,in_progress,medium,2026-12-31,
Performance task 7645,Generated test row 7645,todo,medium,2026-12-31,
Performance task 7646,Generated test row 7646,todo,medium,2026-12-31,
Performance task 7647,Generated test row 7647,in_progress,medium,2026-12-31,
Performance task 7648,Generated test row 7648,todo,medium,2026-12-31,
Performance task 7649,Generated test row 7649,todo,medium,2026-12-31,
Performance task 7650,Generated test row 7650,in_progress,high,2026-12-31,
Performance task 7651,Generated test row 7651,todo,medium,2026-12-31,
Performance task 7652,Generated test row 7652,todo,medium,2026-12-31,
Performance task 7653,Generated test row 7653,in_progress,medium,2026-12-31,
Performance task 7654,Generated test row 7654,todo,medium,2026-12-31,
Performance task 7655,Generated test row 7655,todo,medium,2026-12-31,
Performance task 7656,Generated test row 7656,in_progress,medium,2026-12-31,
Performance task 7657,Generated test row 7657,todo,medium,2026-12-31,
Performance task 7658,Generated test row 7658,todo,medium,2026-12-31,
Performance task 7659,Generated test row 7659,in_progress,medium,2026-12-31,
Performance task 7660,Generated test row 7660,todo,high,2026-12-31,
Performance task 7661,Generated test row 7661,todo,medium,2026-12-31,
Performance task 7662,Generated test row 7662,in_progress,medium,2026-12-31,
Performance task 7663,Generated test row 7663,todo,medium,2026-12-31,
Performance task 7664,Generated test row 7664,todo,medium,2026-12-31,
Performance task 7665,Generated test row 7665,in_progress,medium,2026-12-31,
Performance task 7666,Generated test row 7666,todo,medium,2026-12-31,
Performance task 7667,Generated test row 7667,todo,medium,2026-12-31,
Performance task 7668,Generated test row 7668,in_progress,medium,2026-12-31,
Performance task 7669,Generated test row 7669,todo,medium,2026-12-31,
Performance task 7670,Generated test row 7670,todo,high,2026-12-31,
Performance task 7671,Generated test row 7671,in_progress,medium,2026-12-31,
Performance task 7672,Generated test row 7672,todo,medium,2026-12-31,
Performance task 7673,Generated test row 7673,todo,medium,2026-12-31,
Performance task 7674,Generated test row 7674,in_progress,medium,2026-12-31,
Performance task 7675,Generated test row 7675,todo,medium,2026-12-31,
Performance task 7676,Generated test row 7676,todo,medium,2026-12-31,
Performance task 7677,Generated test row 7677,in_progress,medium,2026-12-31,
Performance task 7678,Generated test row 7678,todo,medium,2026-12-31,
Performance task 7679,Generated test row 7679,todo,medium,2026-12-31,
Performance task 7680,Generated test row 7680,in_progress,high,2026-12-31,
Performance task 7681,Generated test row 7681,todo,medium,2026-12-31,
Performance task 7682,Generated test row 7682,todo,medium,2026-12-31,
Performance task 7683,Generated test row 7683,in_progress,medium,2026-12-31,
Performance task 7684,Generated test row 7684,todo,medium,2026-12-31,
Performance task 7685,Generated test row 7685,todo,medium,2026-12-31,
Performance task 7686,Generated test row 7686,in_progress,medium,2026-12-31,
Performance task 7687,Generated test row 7687,todo,medium,2026-12-31,
Performance task 7688,Generated test row 7688,todo,medium,2026-12-31,
Performance task 7689,Generated test row 7689,in_progress,medium,2026-12-31,
Performance task 7690,Generated test row 7690,todo,high,2026-12-31,
Performance task 7691,Generated test row 7691,todo,medium,2026-12-31,
Performance task 7692,Generated test row 7692,in_progress,medium,2026-12-31,
Performance task 7693,Generated test row 7693,todo,medium,2026-12-31,
Performance task 7694,Generated test row 7694,todo,medium,2026-12-31,
Performance task 7695,Generated test row 7695,in_progress,medium,2026-12-31,
Performance task 7696,Generated test row 7696,todo,medium,2026-12-31,
Performance task 7697,Generated test row 7697,todo,medium,2026-12-31,
Performance task 7698,Generated test row 7698,in_progress,medium,2026-12-31,
Performance task 7699,Generated test row 7699,todo,medium,2026-12-31,
Performance task 7700,Generated test row 7700,invalid_status,high,2026-12-31,
Performance task 7701,Generated test row 7701,in_progress,medium,2026-12-31,
Performance task 7702,Generated test row 7702,todo,medium,2026-12-31,
Performance task 7703,Generated test row 7703,todo,medium,2026-12-31,
Performance task 7704,Generated test row 7704,in_progress,medium,2026-12-31,
Performance task 7705,Generated test row 7705,todo,medium,2026-12-31,
Performance task 7706,Generated test row 7706,todo,medium,2026-12-31,
Performance task 7707,Generated test row 7707,in_progress,medium,2026-12-31,
Performance task 7708,Generated test row 7708,todo,medium,2026-12-31,
Performance task 7709,Generated test row 7709,todo,medium,2026-12-31,
Performance task 7710,Generated test row 7710,in_progress,high,2026-12-31,
Performance task 7711,Generated test row 7711,todo,medium,2026-12-31,
Performance task 7712,Generated test row 7712,todo,medium,2026-12-31,
Performance task 7713,Generated test row 7713,in_progress,medium,2026-12-31,
Performance task 7714,Generated test row 7714,todo,medium,2026-12-31,
Performance task 7715,Generated test row 7715,todo,medium,2026-12-31,
Performance task 7716,Generated test row 7716,in_progress,medium,2026-12-31,
Performance task 7717,Generated test row 7717,todo,medium,2026-12-31,
Performance task 7718,Generated test row 7718,todo,medium,2026-12-31,
Performance task 7719,Generated test row 7719,in_progress,medium,2026-12-31,
Performance task 7720,Generated test row 7720,todo,high,2026-12-31,
Performance task 7721,Generated test row 7721,todo,medium,2026-12-31,
Performance task 7722,Generated test row 7722,in_progress,medium,2026-12-31,
Performance task 7723,Generated test row 7723,todo,medium,2026-12-31,
Performance task 7724,Generated test row 7724,todo,medium,2026-12-31,
Performance task 7725,Generated test row 7725,in_progress,medium,2026-12-31,
Performance task 7726,Generated test row 7726,todo,medium,2026-12-31,
Performance task 7727,Generated test row 7727,todo,medium,2026-12-31,
Performance task 7728,Generated test row 7728,in_progress,medium,2026-12-31,
Performance task 7729,Generated test row 7729,todo,medium,2026-12-31,
Performance task 7730,Generated test row 7730,todo,high,2026-12-31,
Performance task 7731,Generated test row 7731,in_progress,medium,2026-12-31,
Performance task 7732,Generated test row 7732,todo,medium,2026-12-31,
Performance task 7733,Generated test row 7733,todo,medium,2026-12-31,
Performance task 7734,Generated test row 7734,in_progress,medium,2026-12-31,
Performance task 7735,Generated test row 7735,todo,medium,2026-12-31,
Performance task 7736,Generated test row 7736,todo,medium,2026-12-31,
Performance task 7737,Generated test row 7737,in_progress,medium,2026-12-31,
Performance task 7738,Generated test row 7738,todo,medium,2026-12-31,
Performance task 7739,Generated test row 7739,todo,medium,2026-12-31,
Performance task 7740,Generated test row 7740,in_progress,high,2026-12-31,
Performance task 7741,Generated test row 7741,todo,medium,2026-12-31,
Performance task 7742,Generated test row 7742,todo,medium,2026-12-31,
Performance task 7743,Generated test row 7743,in_progress,medium,2026-12-31,
Performance task 7744,Generated test row 7744,todo,medium,2026-12-31,
Performance task 7745,Generated test row 7745,todo,medium,2026-12-31,
Performance task 7746,Generated test row 7746,in_progress,medium,2026-12-31,
Performance task 7747,Generated test row 7747,todo,medium,2026-12-31,
Performance task 7748,Generated test row 7748,todo,medium,2026-12-31,
Performance task 7749,Generated test row 7749,in_progress,medium,2026-12-31,
Performance task 7750,Generated test row 7750,todo,high,2026-12-31,
Performance task 7751,Generated test row 7751,todo,medium,2026-12-31,
Performance task 7752,Generated test row 7752,in_progress,medium,2026-12-31,
Performance task 7753,Generated test row 7753,todo,medium,2026-12-31,
Performance task 7754,Generated test row 7754,todo,medium,2026-12-31,
Performance task 7755,Generated test row 7755,in_progress,medium,2026-12-31,
Performance task 7756,Generated test row 7756,todo,medium,2026-12-31,
Performance task 7757,Generated test row 7757,todo,medium,2026-12-31,
Performance task 7758,Generated test row 7758,in_progress,medium,2026-12-31,
Performance task 7759,Generated test row 7759,todo,medium,2026-12-31,
Performance task 7760,Generated test row 7760,todo,high,2026-12-31,
Performance task 7761,Generated test row 7761,in_progress,medium,2026-12-31,
Performance task 7762,Generated test row 7762,todo,medium,2026-12-31,
Performance task 7763,Generated test row 7763,todo,medium,2026-12-31,
Performance task 7764,Generated test row 7764,in_progress,medium,2026-12-31,
Performance task 7765,Generated test row 7765,todo,medium,2026-12-31,
Performance task 7766,Generated test row 7766,todo,medium,2026-12-31,
Performance task 7767,Generated test row 7767,in_progress,medium,2026-12-31,
Performance task 7768,Generated test row 7768,todo,medium,2026-12-31,
Performance task 7769,Generated test row 7769,todo,medium,2026-12-31,
Performance task 7770,Generated test row 7770,in_progress,high,2026-12-31,
Performance task 7771,Generated test row 7771,todo,medium,2026-12-31,
Performance task 7772,Generated test row 7772,todo,medium,2026-12-31,
Performance task 7773,Generated test row 7773,in_progress,medium,2026-12-31,
Performance task 7774,Generated test row 7774,todo,medium,2026-12-31,
Performance task 7775,Generated test row 7775,todo,medium,2026-12-31,
Performance task 7776,Generated test row 7776,in_progress,medium,2026-12-31,
Performance task 7777,Generated test row 7777,todo,medium,2026-12-31,
Performance task 7778,Generated test row 7778,todo,medium,2026-12-31,
Performance task 7779,Generated test row 7779,in_progress,medium,2026-12-31,
Performance task 7780,Generated test row 7780,todo,high,2026-12-31,
Performance task 7781,Generated test row 7781,todo,medium,2026-12-31,
Performance task 7782,Generated test row 7782,in_progress,medium,2026-12-31,
Performance task 7783,Generated test row 7783,todo,medium,2026-12-31,
Performance task 7784,Generated test row 7784,todo,medium,2026-12-31,
Performance task 7785,Generated test row 7785,in_progress,medium,2026-12-31,
Performance task 7786,Generated test row 7786,todo,medium,2026-12-31,
Performance task 7787,Generated test row 7787,todo,medium,2026-12-31,
Performance task 7788,Generated test row 7788,in_progress,medium,2026-12-31,
Performance task 7789,Generated test row 7789,todo,medium,2026-12-31,
Performance task 7790,Generated test row 7790,todo,high,2026-12-31,
Performance task 7791,Generated test row 7791,in_progress,medium,2026-12-31,
Performance task 7792,Generated test row 7792,todo,medium,2026-12-31,
Performance task 7793,Generated test row 7793,todo,medium,2026-12-31,
Performance task 7794,Generated test row 7794,in_progress,medium,2026-12-31,
Performance task 7795,Generated test row 7795,todo,medium,2026-12-31,
Performance task 7796,Generated test row 7796,todo,medium,2026-12-31,
Performance task 7797,Generated test row 7797,in_progress,medium,2026-12-31,
Performance task 7798,Generated test row 7798,todo,medium,2026-12-31,
Performance task 7799,Generated test row 7799,todo,medium,2026-12-31,
Performance task 7800,Generated test row 7800,invalid_status,high,2026-12-31,
Performance task 7801,Generated test row 7801,todo,medium,2026-12-31,
Performance task 7802,Generated test row 7802,todo,medium,2026-12-31,
Performance task 7803,Generated test row 7803,in_progress,medium,2026-12-31,
Performance task 7804,Generated test row 7804,todo,medium,2026-12-31,
Performance task 7805,Generated test row 7805,todo,medium,2026-12-31,
Performance task 7806,Generated test row 7806,in_progress,medium,2026-12-31,
Performance task 7807,Generated test row 7807,todo,medium,2026-12-31,
Performance task 7808,Generated test row 7808,todo,medium,2026-12-31,
Performance task 7809,Generated test row 7809,in_progress,medium,2026-12-31,
Performance task 7810,Generated test row 7810,todo,high,2026-12-31,
Performance task 7811,Generated test row 7811,todo,medium,2026-12-31,
Performance task 7812,Generated test row 7812,in_progress,medium,2026-12-31,
Performance task 7813,Generated test row 7813,todo,medium,2026-12-31,
Performance task 7814,Generated test row 7814,todo,medium,2026-12-31,
Performance task 7815,Generated test row 7815,in_progress,medium,2026-12-31,
Performance task 7816,Generated test row 7816,todo,medium,2026-12-31,
Performance task 7817,Generated test row 7817,todo,medium,2026-12-31,
Performance task 7818,Generated test row 7818,in_progress,medium,2026-12-31,
Performance task 7819,Generated test row 7819,todo,medium,2026-12-31,
Performance task 7820,Generated test row 7820,todo,high,2026-12-31,
Performance task 7821,Generated test row 7821,in_progress,medium,2026-12-31,
Performance task 7822,Generated test row 7822,todo,medium,2026-12-31,
Performance task 7823,Generated test row 7823,todo,medium,2026-12-31,
Performance task 7824,Generated test row 7824,in_progress,medium,2026-12-31,
Performance task 7825,Generated test row 7825,todo,medium,2026-12-31,
Performance task 7826,Generated test row 7826,todo,medium,2026-12-31,
Performance task 7827,Generated test row 7827,in_progress,medium,2026-12-31,
Performance task 7828,Generated test row 7828,todo,medium,2026-12-31,
Performance task 7829,Generated test row 7829,todo,medium,2026-12-31,
Performance task 7830,Generated test row 7830,in_progress,high,2026-12-31,
Performance task 7831,Generated test row 7831,todo,medium,2026-12-31,
Performance task 7832,Generated test row 7832,todo,medium,2026-12-31,
Performance task 7833,Generated test row 7833,in_progress,medium,2026-12-31,
Performance task 7834,Generated test row 7834,todo,medium,2026-12-31,
Performance task 7835,Generated test row 7835,todo,medium,2026-12-31,
Performance task 7836,Generated test row 7836,in_progress,medium,2026-12-31,
Performance task 7837,Generated test row 7837,todo,medium,2026-12-31,
Performance task 7838,Generated test row 7838,todo,medium,2026-12-31,
Performance task 7839,Generated test row 7839,in_progress,medium,2026-12-31,
Performance task 7840,Generated test row 7840,todo,high,2026-12-31,
Performance task 7841,Generated test row 7841,todo,medium,2026-12-31,
Performance task 7842,Generated test row 7842,in_progress,medium,2026-12-31,
Performance task 7843,Generated test row 7843,todo,medium,2026-12-31,
Performance task 7844,Generated test row 7844,todo,medium,2026-12-31,
Performance task 7845,Generated test row 7845,in_progress,medium,2026-12-31,
Performance task 7846,Generated test row 7846,todo,medium,2026-12-31,
Performance task 7847,Generated test row 7847,todo,medium,2026-12-31,
Performance task 7848,Generated test row 7848,in_progress,medium,2026-12-31,
Performance task 7849,Generated test row 7849,todo,medium,2026-12-31,
Performance task 7850,Generated test row 7850,todo,high,2026-12-31,
Performance task 7851,Generated test row 7851,in_progress,medium,2026-12-31,
Performance task 7852,Generated test row 7852,todo,medium,2026-12-31,
Performance task 7853,Generated test row 7853,todo,medium,2026-12-31,
Performance task 7854,Generated test row 7854,in_progress,medium,2026-12-31,
Performance task 7855,Generated test row 7855,todo,medium,2026-12-31,
Performance task 7856,Generated test row 7856,todo,medium,2026-12-31,
Performance task 7857,Generated test row 7857,in_progress,medium,2026-12-31,
Performance task 7858,Generated test row 7858,todo,medium,2026-12-31,
Performance task 7859,Generated test row 7859,todo,medium,2026-12-31,
Performance task 7860,Generated test row 7860,in_progress,high,2026-12-31,
Performance task 7861,Generated test row 7861,todo,medium,2026-12-31,
Performance task 7862,Generated test row 7862,todo,medium,2026-12-31,
Performance task 7863,Generated test row 7863,in_progress,medium,2026-12-31,
Performance task 7864,Generated test row 7864,todo,medium,2026-12-31,
Performance task 7865,Generated test row 7865,todo,medium,2026-12-31,
Performance task 7866,Generated test row 7866,in_progress,medium,2026-12-31,
Performance task 7867,Generated test row 7867,todo,medium,2026-12-31,
Performance task 7868,Generated test row 7868,todo,medium,2026-12-31,
Performance task 7869,Generated test row 7869,in_progress,medium,2026-12-31,
Performance task 7870,Generated test row 7870,todo,high,2026-12-31,
Performance task 7871,Generated test row 7871,todo,medium,2026-12-31,
Performance task 7872,Generated test row 7872,in_progress,medium,2026-12-31,
Performance task 7873,Generated test row 7873,todo,medium,2026-12-31,
Performance task 7874,Generated test row 7874,todo,medium,2026-12-31,
Performance task 7875,Generated test row 7875,in_progress,medium,2026-12-31,
Performance task 7876,Generated test row 7876,todo,medium,2026-12-31,
Performance task 7877,Generated test row 7877,todo,medium,2026-12-31,
Performance task 7878,Generated test row 7878,in_progress,medium,2026-12-31,
Performance task 7879,Generated test row 7879,todo,medium,2026-12-31,
Performance task 7880,Generated test row 7880,todo,high,2026-12-31,
Performance task 7881,Generated test row 7881,in_progress,medium,2026-12-31,
Performance task 7882,Generated test row 7882,todo,medium,2026-12-31,
Performance task 7883,Generated test row 7883,todo,medium,2026-12-31,
Performance task 7884,Generated test row 7884,in_progress,medium,2026-12-31,
Performance task 7885,Generated test row 7885,todo,medium,2026-12-31,
Performance task 7886,Generated test row 7886,todo,medium,2026-12-31,
Performance task 7887,Generated test row 7887,in_progress,medium,2026-12-31,
Performance task 7888,Generated test row 7888,todo,medium,2026-12-31,
Performance task 7889,Generated test row 7889,todo,medium,2026-12-31,
Performance task 7890,Generated test row 7890,in_progress,high,2026-12-31,
Performance task 7891,Generated test row 7891,todo,medium,2026-12-31,
Performance task 7892,Generated test row 7892,todo,medium,2026-12-31,
Performance task 7893,Generated test row 7893,in_progress,medium,2026-12-31,
Performance task 7894,Generated test row 7894,todo,medium,2026-12-31,
Performance task 7895,Generated test row 7895,todo,medium,2026-12-31,
Performance task 7896,Generated test row 7896,in_progress,medium,2026-12-31,
Performance task 7897,Generated test row 7897,todo,medium,2026-12-31,
Performance task 7898,Generated test row 7898,todo,medium,2026-12-31,
Performance task 7899,Generated test row 7899,in_progress,medium,2026-12-31,
Performance task 7900,Generated test row 7900,invalid_status,high,2026-12-31,
Performance task 7901,Generated test row 7901,todo,medium,2026-12-31,
Performance task 7902,Generated test row 7902,in_progress,medium,2026-12-31,
Performance task 7903,Generated test row 7903,todo,medium,2026-12-31,
Performance task 7904,Generated test row 7904,todo,medium,2026-12-31,
Performance task 7905,Generated test row 7905,in_progress,medium,2026-12-31,
Performance task 7906,Generated test row 7906,todo,medium,2026-12-31,
Performance task 7907,Generated test row 7907,todo,medium,2026-12-31,
Performance task 7908,Generated test row 7908,in_progress,medium,2026-12-31,
Performance task 7909,Generated test row 7909,todo,medium,2026-12-31,
Performance task 7910,Generated test row 7910,todo,high,2026-12-31,
Performance task 7911,Generated test row 7911,in_progress,medium,2026-12-31,
Performance task 7912,Generated test row 7912,todo,medium,2026-12-31,
Performance task 7913,Generated test row 7913,todo,medium,2026-12-31,
Performance task 7914,Generated test row 7914,in_progress,medium,2026-12-31,
Performance task 7915,Generated test row 7915,todo,medium,2026-12-31,
Performance task 7916,Generated test row 7916,todo,medium,2026-12-31,
Performance task 7917,Generated test row 7917,in_progress,medium,2026-12-31,
Performance task 7918,Generated test row 7918,todo,medium,2026-12-31,
Performance task 7919,Generated test row 7919,todo,medium,2026-12-31,
Performance task 7920,Generated test row 7920,in_progress,high,2026-12-31,
Performance task 7921,Generated test row 7921,todo,medium,2026-12-31,
Performance task 7922,Generated test row 7922,todo,medium,2026-12-31,
Performance task 7923,Generated test row 7923,in_progress,medium,2026-12-31,
Performance task 7924,Generated test row 7924,todo,medium,2026-12-31,
Performance task 7925,Generated test row 7925,todo,medium,2026-12-31,
Performance task 7926,Generated test row 7926,in_progress,medium,2026-12-31,
Performance task 7927,Generated test row 7927,todo,medium,2026-12-31,
Performance task 7928,Generated test row 7928,todo,medium,2026-12-31,
Performance task 7929,Generated test row 7929,in_progress,medium,2026-12-31,
Performance task 7930,Generated test row 7930,todo,high,2026-12-31,
Performance task 7931,Generated test row 7931,todo,medium,2026-12-31,
Performance task 7932,Generated test row 7932,in_progress,medium,2026-12-31,
Performance task 7933,Generated test row 7933,todo,medium,2026-12-31,
Performance task 7934,Generated test row 7934,todo,medium,2026-12-31,
Performance task 7935,Generated test row 7935,in_progress,medium,2026-12-31,
Performance task 7936,Generated test row 7936,todo,medium,2026-12-31,
Performance task 7937,Generated test row 7937,todo,medium,2026-12-31,
Performance task 7938,Generated test row 7938,in_progress,medium,2026-12-31,
Performance task 7939,Generated test row 7939,todo,medium,2026-12-31,
Performance task 7940,Generated test row 7940,todo,high,2026-12-31,
Performance task 7941,Generated test row 7941,in_progress,medium,2026-12-31,
Performance task 7942,Generated test row 7942,todo,medium,2026-12-31,
Performance task 7943,Generated test row 7943,todo,medium,2026-12-31,
Performance task 7944,Generated test row 7944,in_progress,medium,2026-12-31,
Performance task 7945,Generated test row 7945,todo,medium,2026-12-31,
Performance task 7946,Generated test row 7946,todo,medium,2026-12-31,
Performance task 7947,Generated test row 7947,in_progress,medium,2026-12-31,
Performance task 7948,Generated test row 7948,todo,medium,2026-12-31,
Performance task 7949,Generated test row 7949,todo,medium,2026-12-31,
Performance task 7950,Generated test row 7950,in_progress,high,2026-12-31,
Performance task 7951,Generated test row 7951,todo,medium,2026-12-31,
Performance task 7952,Generated test row 7952,todo,medium,2026-12-31,
Performance task 7953,Generated test row 7953,in_progress,medium,2026-12-31,
Performance task 7954,Generated test row 7954,todo,medium,2026-12-31,
Performance task 7955,Generated test row 7955,todo,medium,2026-12-31,
Performance task 7956,Generated test row 7956,in_progress,medium,2026-12-31,
Performance task 7957,Generated test row 7957,todo,medium,2026-12-31,
Performance task 7958,Generated test row 7958,todo,medium,2026-12-31,
Performance task 7959,Generated test row 7959,in_progress,medium,2026-12-31,
Performance task 7960,Generated test row 7960,todo,high,2026-12-31,
Performance task 7961,Generated test row 7961,todo,medium,2026-12-31,
Performance task 7962,Generated test row 7962,in_progress,medium,2026-12-31,
Performance task 7963,Generated test row 7963,todo,medium,2026-12-31,
Performance task 7964,Generated test row 7964,todo,medium,2026-12-31,
Performance task 7965,Generated test row 7965,in_progress,medium,2026-12-31,
Performance task 7966,Generated test row 7966,todo,medium,2026-12-31,
Performance task 7967,Generated test row 7967,todo,medium,2026-12-31,
Performance task 7968,Generated test row 7968,in_progress,medium,2026-12-31,
Performance task 7969,Generated test row 7969,todo,medium,2026-12-31,
Performance task 7970,Generated test row 7970,todo,high,2026-12-31,
Performance task 7971,Generated test row 7971,in_progress,medium,2026-12-31,
Performance task 7972,Generated test row 7972,todo,medium,2026-12-31,
Performance task 7973,Generated test row 7973,todo,medium,2026-12-31,
Performance task 7974,Generated test row 7974,in_progress,medium,2026-12-31,
Performance task 7975,Generated test row 7975,todo,medium,2026-12-31,
Performance task 7976,Generated test row 7976,todo,medium,2026-12-31,
Performance task 7977,Generated test row 7977,in_progress,medium,2026-12-31,
Performance task 7978,Generated test row 7978,todo,medium,2026-12-31,
Performance task 7979,Generated test row 7979,todo,medium,2026-12-31,
Performance task 7980,Generated test row 7980,in_progress,high,2026-12-31,
Performance task 7981,Generated test row 7981,todo,medium,2026-12-31,
Performance task 7982,Generated test row 7982,todo,medium,2026-12-31,
Performance task 7983,Generated test row 7983,in_progress,medium,2026-12-31,
Performance task 7984,Generated test row 7984,todo,medium,2026-12-31,
Performance task 7985,Generated test row 7985,todo,medium,2026-12-31,
Performance task 7986,Generated test row 7986,in_progress,medium,2026-12-31,
Performance task 7987,Generated test row 7987,todo,medium,2026-12-31,
Performance task 7988,Generated test row 7988,todo,medium,2026-12-31,
Performance task 7989,Generated test row 7989,in_progress,medium,2026-12-31,
Performance task 7990,Generated test row 7990,todo,high,2026-12-31,
Performance task 7991,Generated test row 7991,todo,medium,2026-12-31,
Performance task 7992,Generated test row 7992,in_progress,medium,2026-12-31,
Performance task 7993,Generated test row 7993,todo,medium,2026-12-31,
Performance task 7994,Generated test row 7994,todo,medium,2026-12-31,
Performance task 7995,Generated test row 7995,in_progress,medium,2026-12-31,
Performance task 7996,Generated test row 7996,todo,medium,2026-12-31,
Performance task 7997,Generated test row 7997,todo,medium,2026-12-31,
Performance task 7998,Generated test row 7998,in_progress,medium,2026-12-31,
Performance task 7999,Generated test row 7999,todo,medium,2026-12-31,
Performance task 8000,Generated test row 8000,invalid_status,high,2026-12-31,
Performance task 8001,Generated test row 8001,in_progress,medium,2026-12-31,
Performance task 8002,Generated test row 8002,todo,medium,2026-12-31,
Performance task 8003,Generated test row 8003,todo,medium,2026-12-31,
Performance task 8004,Generated test row 8004,in_progress,medium,2026-12-31,
Performance task 8005,Generated test row 8005,todo,medium,2026-12-31,
Performance task 8006,Generated test row 8006,todo,medium,2026-12-31,
Performance task 8007,Generated test row 8007,in_progress,medium,2026-12-31,
Performance task 8008,Generated test row 8008,todo,medium,2026-12-31,
Performance task 8009,Generated test row 8009,todo,medium,2026-12-31,
Performance task 8010,Generated test row 8010,in_progress,high,2026-12-31,
Performance task 8011,Generated test row 8011,todo,medium,2026-12-31,
Performance task 8012,Generated test row 8012,todo,medium,2026-12-31,
Performance task 8013,Generated test row 8013,in_progress,medium,2026-12-31,
Performance task 8014,Generated test row 8014,todo,medium,2026-12-31,
Performance task 8015,Generated test row 8015,todo,medium,2026-12-31,
Performance task 8016,Generated test row 8016,in_progress,medium,2026-12-31,
Performance task 8017,Generated test row 8017,todo,medium,2026-12-31,
Performance task 8018,Generated test row 8018,todo,medium,2026-12-31,
Performance task 8019,Generated test row 8019,in_progress,medium,2026-12-31,
Performance task 8020,Generated test row 8020,todo,high,2026-12-31,
Performance task 8021,Generated test row 8021,todo,medium,2026-12-31,
Performance task 8022,Generated test row 8022,in_progress,medium,2026-12-31,
Performance task 8023,Generated test row 8023,todo,medium,2026-12-31,
Performance task 8024,Generated test row 8024,todo,medium,2026-12-31,
Performance task 8025,Generated test row 8025,in_progress,medium,2026-12-31,
Performance task 8026,Generated test row 8026,todo,medium,2026-12-31,
Performance task 8027,Generated test row 8027,todo,medium,2026-12-31,
Performance task 8028,Generated test row 8028,in_progress,medium,2026-12-31,
Performance task 8029,Generated test row 8029,todo,medium,2026-12-31,
Performance task 8030,Generated test row 8030,todo,high,2026-12-31,
Performance task 8031,Generated test row 8031,in_progress,medium,2026-12-31,
Performance task 8032,Generated test row 8032,todo,medium,2026-12-31,
Performance task 8033,Generated test row 8033,todo,medium,2026-12-31,
Performance task 8034,Generated test row 8034,in_progress,medium,2026-12-31,
Performance task 8035,Generated test row 8035,todo,medium,2026-12-31,
Performance task 8036,Generated test row 8036,todo,medium,2026-12-31,
Performance task 8037,Generated test row 8037,in_progress,medium,2026-12-31,
Performance task 8038,Generated test row 8038,todo,medium,2026-12-31,
Performance task 8039,Generated test row 8039,todo,medium,2026-12-31,
Performance task 8040,Generated test row 8040,in_progress,high,2026-12-31,
Performance task 8041,Generated test row 8041,todo,medium,2026-12-31,
Performance task 8042,Generated test row 8042,todo,medium,2026-12-31,
Performance task 8043,Generated test row 8043,in_progress,medium,2026-12-31,
Performance task 8044,Generated test row 8044,todo,medium,2026-12-31,
Performance task 8045,Generated test row 8045,todo,medium,2026-12-31,
Performance task 8046,Generated test row 8046,in_progress,medium,2026-12-31,
Performance task 8047,Generated test row 8047,todo,medium,2026-12-31,
Performance task 8048,Generated test row 8048,todo,medium,2026-12-31,
Performance task 8049,Generated test row 8049,in_progress,medium,2026-12-31,
Performance task 8050,Generated test row 8050,todo,high,2026-12-31,
Performance task 8051,Generated test row 8051,todo,medium,2026-12-31,
Performance task 8052,Generated test row 8052,in_progress,medium,2026-12-31,
Performance task 8053,Generated test row 8053,todo,medium,2026-12-31,
Performance task 8054,Generated test row 8054,todo,medium,2026-12-31,
Performance task 8055,Generated test row 8055,in_progress,medium,2026-12-31,
Performance task 8056,Generated test row 8056,todo,medium,2026-12-31,
Performance task 8057,Generated test row 8057,todo,medium,2026-12-31,
Performance task 8058,Generated test row 8058,in_progress,medium,2026-12-31,
Performance task 8059,Generated test row 8059,todo,medium,2026-12-31,
Performance task 8060,Generated test row 8060,todo,high,2026-12-31,
Performance task 8061,Generated test row 8061,in_progress,medium,2026-12-31,
Performance task 8062,Generated test row 8062,todo,medium,2026-12-31,
Performance task 8063,Generated test row 8063,todo,medium,2026-12-31,
Performance task 8064,Generated test row 8064,in_progress,medium,2026-12-31,
Performance task 8065,Generated test row 8065,todo,medium,2026-12-31,
Performance task 8066,Generated test row 8066,todo,medium,2026-12-31,
Performance task 8067,Generated test row 8067,in_progress,medium,2026-12-31,
Performance task 8068,Generated test row 8068,todo,medium,2026-12-31,
Performance task 8069,Generated test row 8069,todo,medium,2026-12-31,
Performance task 8070,Generated test row 8070,in_progress,high,2026-12-31,
Performance task 8071,Generated test row 8071,todo,medium,2026-12-31,
Performance task 8072,Generated test row 8072,todo,medium,2026-12-31,
Performance task 8073,Generated test row 8073,in_progress,medium,2026-12-31,
Performance task 8074,Generated test row 8074,todo,medium,2026-12-31,
Performance task 8075,Generated test row 8075,todo,medium,2026-12-31,
Performance task 8076,Generated test row 8076,in_progress,medium,2026-12-31,
Performance task 8077,Generated test row 8077,todo,medium,2026-12-31,
Performance task 8078,Generated test row 8078,todo,medium,2026-12-31,
Performance task 8079,Generated test row 8079,in_progress,medium,2026-12-31,
Performance task 8080,Generated test row 8080,todo,high,2026-12-31,
Performance task 8081,Generated test row 8081,todo,medium,2026-12-31,
Performance task 8082,Generated test row 8082,in_progress,medium,2026-12-31,
Performance task 8083,Generated test row 8083,todo,medium,2026-12-31,
Performance task 8084,Generated test row 8084,todo,medium,2026-12-31,
Performance task 8085,Generated test row 8085,in_progress,medium,2026-12-31,
Performance task 8086,Generated test row 8086,todo,medium,2026-12-31,
Performance task 8087,Generated test row 8087,todo,medium,2026-12-31,
Performance task 8088,Generated test row 8088,in_progress,medium,2026-12-31,
Performance task 8089,Generated test row 8089,todo,medium,2026-12-31,
Performance task 8090,Generated test row 8090,todo,high,2026-12-31,
Performance task 8091,Generated test row 8091,in_progress,medium,2026-12-31,
Performance task 8092,Generated test row 8092,todo,medium,2026-12-31,
Performance task 8093,Generated test row 8093,todo,medium,2026-12-31,
Performance task 8094,Generated test row 8094,in_progress,medium,2026-12-31,
Performance task 8095,Generated test row 8095,todo,medium,2026-12-31,
Performance task 8096,Generated test row 8096,todo,medium,2026-12-31,
Performance task 8097,Generated test row 8097,in_progress,medium,2026-12-31,
Performance task 8098,Generated test row 8098,todo,medium,2026-12-31,
Performance task 8099,Generated test row 8099,todo,medium,2026-12-31,
Performance task 8100,Generated test row 8100,invalid_status,high,2026-12-31,
Performance task 8101,Generated test row 8101,todo,medium,2026-12-31,
Performance task 8102,Generated test row 8102,todo,medium,2026-12-31,
Performance task 8103,Generated test row 8103,in_progress,medium,2026-12-31,
Performance task 8104,Generated test row 8104,todo,medium,2026-12-31,
Performance task 8105,Generated test row 8105,todo,medium,2026-12-31,
Performance task 8106,Generated test row 8106,in_progress,medium,2026-12-31,
Performance task 8107,Generated test row 8107,todo,medium,2026-12-31,
Performance task 8108,Generated test row 8108,todo,medium,2026-12-31,
Performance task 8109,Generated test row 8109,in_progress,medium,2026-12-31,
Performance task 8110,Generated test row 8110,todo,high,2026-12-31,
Performance task 8111,Generated test row 8111,todo,medium,2026-12-31,
Performance task 8112,Generated test row 8112,in_progress,medium,2026-12-31,
Performance task 8113,Generated test row 8113,todo,medium,2026-12-31,
Performance task 8114,Generated test row 8114,todo,medium,2026-12-31,
Performance task 8115,Generated test row 8115,in_progress,medium,2026-12-31,
Performance task 8116,Generated test row 8116,todo,medium,2026-12-31,
Performance task 8117,Generated test row 8117,todo,medium,2026-12-31,
Performance task 8118,Generated test row 8118,in_progress,medium,2026-12-31,
Performance task 8119,Generated test row 8119,todo,medium,2026-12-31,
Performance task 8120,Generated test row 8120,todo,high,2026-12-31,
Performance task 8121,Generated test row 8121,in_progress,medium,2026-12-31,
Performance task 8122,Generated test row 8122,todo,medium,2026-12-31,
Performance task 8123,Generated test row 8123,todo,medium,2026-12-31,
Performance task 8124,Generated test row 8124,in_progress,medium,2026-12-31,
Performance task 8125,Generated test row 8125,todo,medium,2026-12-31,
Performance task 8126,Generated test row 8126,todo,medium,2026-12-31,
Performance task 8127,Generated test row 8127,in_progress,medium,2026-12-31,
Performance task 8128,Generated test row 8128,todo,medium,2026-12-31,
Performance task 8129,Generated test row 8129,todo,medium,2026-12-31,
Performance task 8130,Generated test row 8130,in_progress,high,2026-12-31,
Performance task 8131,Generated test row 8131,todo,medium,2026-12-31,
Performance task 8132,Generated test row 8132,todo,medium,2026-12-31,
Performance task 8133,Generated test row 8133,in_progress,medium,2026-12-31,
Performance task 8134,Generated test row 8134,todo,medium,2026-12-31,
Performance task 8135,Generated test row 8135,todo,medium,2026-12-31,
Performance task 8136,Generated test row 8136,in_progress,medium,2026-12-31,
Performance task 8137,Generated test row 8137,todo,medium,2026-12-31,
Performance task 8138,Generated test row 8138,todo,medium,2026-12-31,
Performance task 8139,Generated test row 8139,in_progress,medium,2026-12-31,
Performance task 8140,Generated test row 8140,todo,high,2026-12-31,
Performance task 8141,Generated test row 8141,todo,medium,2026-12-31,
Performance task 8142,Generated test row 8142,in_progress,medium,2026-12-31,
Performance task 8143,Generated test row 8143,todo,medium,2026-12-31,
Performance task 8144,Generated test row 8144,todo,medium,2026-12-31,
Performance task 8145,Generated test row 8145,in_progress,medium,2026-12-31,
Performance task 8146,Generated test row 8146,todo,medium,2026-12-31,
Performance task 8147,Generated test row 8147,todo,medium,2026-12-31,
Performance task 8148,Generated test row 8148,in_progress,medium,2026-12-31,
Performance task 8149,Generated test row 8149,todo,medium,2026-12-31,
Performance task 8150,Generated test row 8150,todo,high,2026-12-31,
Performance task 8151,Generated test row 8151,in_progress,medium,2026-12-31,
Performance task 8152,Generated test row 8152,todo,medium,2026-12-31,
Performance task 8153,Generated test row 8153,todo,medium,2026-12-31,
Performance task 8154,Generated test row 8154,in_progress,medium,2026-12-31,
Performance task 8155,Generated test row 8155,todo,medium,2026-12-31,
Performance task 8156,Generated test row 8156,todo,medium,2026-12-31,
Performance task 8157,Generated test row 8157,in_progress,medium,2026-12-31,
Performance task 8158,Generated test row 8158,todo,medium,2026-12-31,
Performance task 8159,Generated test row 8159,todo,medium,2026-12-31,
Performance task 8160,Generated test row 8160,in_progress,high,2026-12-31,
Performance task 8161,Generated test row 8161,todo,medium,2026-12-31,
Performance task 8162,Generated test row 8162,todo,medium,2026-12-31,
Performance task 8163,Generated test row 8163,in_progress,medium,2026-12-31,
Performance task 8164,Generated test row 8164,todo,medium,2026-12-31,
Performance task 8165,Generated test row 8165,todo,medium,2026-12-31,
Performance task 8166,Generated test row 8166,in_progress,medium,2026-12-31,
Performance task 8167,Generated test row 8167,todo,medium,2026-12-31,
Performance task 8168,Generated test row 8168,todo,medium,2026-12-31,
Performance task 8169,Generated test row 8169,in_progress,medium,2026-12-31,
Performance task 8170,Generated test row 8170,todo,high,2026-12-31,
Performance task 8171,Generated test row 8171,todo,medium,2026-12-31,
Performance task 8172,Generated test row 8172,in_progress,medium,2026-12-31,
Performance task 8173,Generated test row 8173,todo,medium,2026-12-31,
Performance task 8174,Generated test row 8174,todo,medium,2026-12-31,
Performance task 8175,Generated test row 8175,in_progress,medium,2026-12-31,
Performance task 8176,Generated test row 8176,todo,medium,2026-12-31,
Performance task 8177,Generated test row 8177,todo,medium,2026-12-31,
Performance task 8178,Generated test row 8178,in_progress,medium,2026-12-31,
Performance task 8179,Generated test row 8179,todo,medium,2026-12-31,
Performance task 8180,Generated test row 8180,todo,high,2026-12-31,
Performance task 8181,Generated test row 8181,in_progress,medium,2026-12-31,
Performance task 8182,Generated test row 8182,todo,medium,2026-12-31,
Performance task 8183,Generated test row 8183,todo,medium,2026-12-31,
Performance task 8184,Generated test row 8184,in_progress,medium,2026-12-31,
Performance task 8185,Generated test row 8185,todo,medium,2026-12-31,
Performance task 8186,Generated test row 8186,todo,medium,2026-12-31,
Performance task 8187,Generated test row 8187,in_progress,medium,2026-12-31,
Performance task 8188,Generated test row 8188,todo,medium,2026-12-31,
Performance task 8189,Generated test row 8189,todo,medium,2026-12-31,
Performance task 8190,Generated test row 8190,in_progress,high,2026-12-31,
Performance task 8191,Generated test row 8191,todo,medium,2026-12-31,
Performance task 8192,Generated test row 8192,todo,medium,2026-12-31,
Performance task 8193,Generated test row 8193,in_progress,medium,2026-12-31,
Performance task 8194,Generated test row 8194,todo,medium,2026-12-31,
Performance task 8195,Generated test row 8195,todo,medium,2026-12-31,
Performance task 8196,Generated test row 8196,in_progress,medium,2026-12-31,
Performance task 8197,Generated test row 8197,todo,medium,2026-12-31,
Performance task 8198,Generated test row 8198,todo,medium,2026-12-31,
Performance task 8199,Generated test row 8199,in_progress,medium,2026-12-31,
Performance task 8200,Generated test row 8200,invalid_status,high,2026-12-31,
Performance task 8201,Generated test row 8201,todo,medium,2026-12-31,
Performance task 8202,Generated test row 8202,in_progress,medium,2026-12-31,
Performance task 8203,Generated test row 8203,todo,medium,2026-12-31,
Performance task 8204,Generated test row 8204,todo,medium,2026-12-31,
Performance task 8205,Generated test row 8205,in_progress,medium,2026-12-31,
Performance task 8206,Generated test row 8206,todo,medium,2026-12-31,
Performance task 8207,Generated test row 8207,todo,medium,2026-12-31,
Performance task 8208,Generated test row 8208,in_progress,medium,2026-12-31,
Performance task 8209,Generated test row 8209,todo,medium,2026-12-31,
Performance task 8210,Generated test row 8210,todo,high,2026-12-31,
Performance task 8211,Generated test row 8211,in_progress,medium,2026-12-31,
Performance task 8212,Generated test row 8212,todo,medium,2026-12-31,
Performance task 8213,Generated test row 8213,todo,medium,2026-12-31,
Performance task 8214,Generated test row 8214,in_progress,medium,2026-12-31,
Performance task 8215,Generated test row 8215,todo,medium,2026-12-31,
Performance task 8216,Generated test row 8216,todo,medium,2026-12-31,
Performance task 8217,Generated test row 8217,in_progress,medium,2026-12-31,
Performance task 8218,Generated test row 8218,todo,medium,2026-12-31,
Performance task 8219,Generated test row 8219,todo,medium,2026-12-31,
Performance task 8220,Generated test row 8220,in_progress,high,2026-12-31,
Performance task 8221,Generated test row 8221,todo,medium,2026-12-31,
Performance task 8222,Generated test row 8222,todo,medium,2026-12-31,
Performance task 8223,Generated test row 8223,in_progress,medium,2026-12-31,
Performance task 8224,Generated test row 8224,todo,medium,2026-12-31,
Performance task 8225,Generated test row 8225,todo,medium,2026-12-31,
Performance task 8226,Generated test row 8226,in_progress,medium,2026-12-31,
Performance task 8227,Generated test row 8227,todo,medium,2026-12-31,
Performance task 8228,Generated test row 8228,todo,medium,2026-12-31,
Performance task 8229,Generated test row 8229,in_progress,medium,2026-12-31,
Performance task 8230,Generated test row 8230,todo,high,2026-12-31,
Performance task 8231,Generated test row 8231,todo,medium,2026-12-31,
Performance task 8232,Generated test row 8232,in_progress,medium,2026-12-31,
Performance task 8233,Generated test row 8233,todo,medium,2026-12-31,
Performance task 8234,Generated test row 8234,todo,medium,2026-12-31,
Performance task 8235,Generated test row 8235,in_progress,medium,2026-12-31,
Performance task 8236,Generated test row 8236,todo,medium,2026-12-31,
Performance task 8237,Generated test row 8237,todo,medium,2026-12-31,
Performance task 8238,Generated test row 8238,in_progress,medium,2026-12-31,
Performance task 8239,Generated test row 8239,todo,medium,2026-12-31,
Performance task 8240,Generated test row 8240,todo,high,2026-12-31,
Performance task 8241,Generated test row 8241,in_progress,medium,2026-12-31,
Performance task 8242,Generated test row 8242,todo,medium,2026-12-31,
Performance task 8243,Generated test row 8243,todo,medium,2026-12-31,
Performance task 8244,Generated test row 8244,in_progress,medium,2026-12-31,
Performance task 8245,Generated test row 8245,todo,medium,2026-12-31,
Performance task 8246,Generated test row 8246,todo,medium,2026-12-31,
Performance task 8247,Generated test row 8247,in_progress,medium,2026-12-31,
Performance task 8248,Generated test row 8248,todo,medium,2026-12-31,
Performance task 8249,Generated test row 8249,todo,medium,2026-12-31,
Performance task 8250,Generated test row 8250,in_progress,high,2026-12-31,
Performance task 8251,Generated test row 8251,todo,medium,2026-12-31,
Performance task 8252,Generated test row 8252,todo,medium,2026-12-31,
Performance task 8253,Generated test row 8253,in_progress,medium,2026-12-31,
Performance task 8254,Generated test row 8254,todo,medium,2026-12-31,
Performance task 8255,Generated test row 8255,todo,medium,2026-12-31,
Performance task 8256,Generated test row 8256,in_progress,medium,2026-12-31,
Performance task 8257,Generated test row 8257,todo,medium,2026-12-31,
Performance task 8258,Generated test row 8258,todo,medium,2026-12-31,
Performance task 8259,Generated test row 8259,in_progress,medium,2026-12-31,
Performance task 8260,Generated test row 8260,todo,high,2026-12-31,
Performance task 8261,Generated test row 8261,todo,medium,2026-12-31,
Performance task 8262,Generated test row 8262,in_progress,medium,2026-12-31,
Performance task 8263,Generated test row 8263,todo,medium,2026-12-31,
Performance task 8264,Generated test row 8264,todo,medium,2026-12-31,
Performance task 8265,Generated test row 8265,in_progress,medium,2026-12-31,
Performance task 8266,Generated test row 8266,todo,medium,2026-12-31,
Performance task 8267,Generated test row 8267,todo,medium,2026-12-31,
Performance task 8268,Generated test row 8268,in_progress,medium,2026-12-31,
Performance task 8269,Generated test row 8269,todo,medium,2026-12-31,
Performance task 8270,Generated test row 8270,todo,high,2026-12-31,
Performance task 8271,Generated test row 8271,in_progress,medium,2026-12-31,
Performance task 8272,Generated test row 8272,todo,medium,2026-12-31,
Performance task 8273,Generated test row 8273,todo,medium,2026-12-31,
Performance task 8274,Generated test row 8274,in_progress,medium,2026-12-31,
Performance task 8275,Generated test row 8275,todo,medium,2026-12-31,
Performance task 8276,Generated test row 8276,todo,medium,2026-12-31,
Performance task 8277,Generated test row 8277,in_progress,medium,2026-12-31,
Performance task 8278,Generated test row 8278,todo,medium,2026-12-31,
Performance task 8279,Generated test row 8279,todo,medium,2026-12-31,
Performance task 8280,Generated test row 8280,in_progress,high,2026-12-31,
Performance task 8281,Generated test row 8281,todo,medium,2026-12-31,
Performance task 8282,Generated test row 8282,todo,medium,2026-12-31,
Performance task 8283,Generated test row 8283,in_progress,medium,2026-12-31,
Performance task 8284,Generated test row 8284,todo,medium,2026-12-31,
Performance task 8285,Generated test row 8285,todo,medium,2026-12-31,
Performance task 8286,Generated test row 8286,in_progress,medium,2026-12-31,
Performance task 8287,Generated test row 8287,todo,medium,2026-12-31,
Performance task 8288,Generated test row 8288,todo,medium,2026-12-31,
Performance task 8289,Generated test row 8289,in_progress,medium,2026-12-31,
Performance task 8290,Generated test row 8290,todo,high,2026-12-31,
Performance task 8291,Generated test row 8291,todo,medium,2026-12-31,
Performance task 8292,Generated test row 8292,in_progress,medium,2026-12-31,
Performance task 8293,Generated test row 8293,todo,medium,2026-12-31,
Performance task 8294,Generated test row 8294,todo,medium,2026-12-31,
Performance task 8295,Generated test row 8295,in_progress,medium,2026-12-31,
Performance task 8296,Generated test row 8296,todo,medium,2026-12-31,
Performance task 8297,Generated test row 8297,todo,medium,2026-12-31,
Performance task 8298,Generated test row 8298,in_progress,medium,2026-12-31,
Performance task 8299,Generated test row 8299,todo,medium,2026-12-31,
Performance task 8300,Generated test row 8300,invalid_status,high,2026-12-31,
Performance task 8301,Generated test row 8301,in_progress,medium,2026-12-31,
Performance task 8302,Generated test row 8302,todo,medium,2026-12-31,
Performance task 8303,Generated test row 8303,todo,medium,2026-12-31,
Performance task 8304,Generated test row 8304,in_progress,medium,2026-12-31,
Performance task 8305,Generated test row 8305,todo,medium,2026-12-31,
Performance task 8306,Generated test row 8306,todo,medium,2026-12-31,
Performance task 8307,Generated test row 8307,in_progress,medium,2026-12-31,
Performance task 8308,Generated test row 8308,todo,medium,2026-12-31,
Performance task 8309,Generated test row 8309,todo,medium,2026-12-31,
Performance task 8310,Generated test row 8310,in_progress,high,2026-12-31,
Performance task 8311,Generated test row 8311,todo,medium,2026-12-31,
Performance task 8312,Generated test row 8312,todo,medium,2026-12-31,
Performance task 8313,Generated test row 8313,in_progress,medium,2026-12-31,
Performance task 8314,Generated test row 8314,todo,medium,2026-12-31,
Performance task 8315,Generated test row 8315,todo,medium,2026-12-31,
Performance task 8316,Generated test row 8316,in_progress,medium,2026-12-31,
Performance task 8317,Generated test row 8317,todo,medium,2026-12-31,
Performance task 8318,Generated test row 8318,todo,medium,2026-12-31,
Performance task 8319,Generated test row 8319,in_progress,medium,2026-12-31,
Performance task 8320,Generated test row 8320,todo,high,2026-12-31,
Performance task 8321,Generated test row 8321,todo,medium,2026-12-31,
Performance task 8322,Generated test row 8322,in_progress,medium,2026-12-31,
Performance task 8323,Generated test row 8323,todo,medium,2026-12-31,
Performance task 8324,Generated test row 8324,todo,medium,2026-12-31,
Performance task 8325,Generated test row 8325,in_progress,medium,2026-12-31,
Performance task 8326,Generated test row 8326,todo,medium,2026-12-31,
Performance task 8327,Generated test row 8327,todo,medium,2026-12-31,
Performance task 8328,Generated test row 8328,in_progress,medium,2026-12-31,
Performance task 8329,Generated test row 8329,todo,medium,2026-12-31,
Performance task 8330,Generated test row 8330,todo,high,2026-12-31,
Performance task 8331,Generated test row 8331,in_progress,medium,2026-12-31,
Performance task 8332,Generated test row 8332,todo,medium,2026-12-31,
Performance task 8333,Generated test row 8333,todo,medium,2026-12-31,
Performance task 8334,Generated test row 8334,in_progress,medium,2026-12-31,
Performance task 8335,Generated test row 8335,todo,medium,2026-12-31,
Performance task 8336,Generated test row 8336,todo,medium,2026-12-31,
Performance task 8337,Generated test row 8337,in_progress,medium,2026-12-31,
Performance task 8338,Generated test row 8338,todo,medium,2026-12-31,
Performance task 8339,Generated test row 8339,todo,medium,2026-12-31,
Performance task 8340,Generated test row 8340,in_progress,high,2026-12-31,
Performance task 8341,Generated test row 8341,todo,medium,2026-12-31,
Performance task 8342,Generated test row 8342,todo,medium,2026-12-31,
Performance task 8343,Generated test row 8343,in_progress,medium,2026-12-31,
Performance task 8344,Generated test row 8344,todo,medium,2026-12-31,
Performance task 8345,Generated test row 8345,todo,medium,2026-12-31,
Performance task 8346,Generated test row 8346,in_progress,medium,2026-12-31,
Performance task 8347,Generated test row 8347,todo,medium,2026-12-31,
Performance task 8348,Generated test row 8348,todo,medium,2026-12-31,
Performance task 8349,Generated test row 8349,in_progress,medium,2026-12-31,
Performance task 8350,Generated test row 8350,todo,high,2026-12-31,
Performance task 8351,Generated test row 8351,todo,medium,2026-12-31,
Performance task 8352,Generated test row 8352,in_progress,medium,2026-12-31,
Performance task 8353,Generated test row 8353,todo,medium,2026-12-31,
Performance task 8354,Generated test row 8354,todo,medium,2026-12-31,
Performance task 8355,Generated test row 8355,in_progress,medium,2026-12-31,
Performance task 8356,Generated test row 8356,todo,medium,2026-12-31,
Performance task 8357,Generated test row 8357,todo,medium,2026-12-31,
Performance task 8358,Generated test row 8358,in_progress,medium,2026-12-31,
Performance task 8359,Generated test row 8359,todo,medium,2026-12-31,
Performance task 8360,Generated test row 8360,todo,high,2026-12-31,
Performance task 8361,Generated test row 8361,in_progress,medium,2026-12-31,
Performance task 8362,Generated test row 8362,todo,medium,2026-12-31,
Performance task 8363,Generated test row 8363,todo,medium,2026-12-31,
Performance task 8364,Generated test row 8364,in_progress,medium,2026-12-31,
Performance task 8365,Generated test row 8365,todo,medium,2026-12-31,
Performance task 8366,Generated test row 8366,todo,medium,2026-12-31,
Performance task 8367,Generated test row 8367,in_progress,medium,2026-12-31,
Performance task 8368,Generated test row 8368,todo,medium,2026-12-31,
Performance task 8369,Generated test row 8369,todo,medium,2026-12-31,
Performance task 8370,Generated test row 8370,in_progress,high,2026-12-31,
Performance task 8371,Generated test row 8371,todo,medium,2026-12-31,
Performance task 8372,Generated test row 8372,todo,medium,2026-12-31,
Performance task 8373,Generated test row 8373,in_progress,medium,2026-12-31,
Performance task 8374,Generated test row 8374,todo,medium,2026-12-31,
Performance task 8375,Generated test row 8375,todo,medium,2026-12-31,
Performance task 8376,Generated test row 8376,in_progress,medium,2026-12-31,
Performance task 8377,Generated test row 8377,todo,medium,2026-12-31,
Performance task 8378,Generated test row 8378,todo,medium,2026-12-31,
Performance task 8379,Generated test row 8379,in_progress,medium,2026-12-31,
Performance task 8380,Generated test row 8380,todo,high,2026-12-31,
Performance task 8381,Generated test row 8381,todo,medium,2026-12-31,
Performance task 8382,Generated test row 8382,in_progress,medium,2026-12-31,
Performance task 8383,Generated test row 8383,todo,medium,2026-12-31,
Performance task 8384,Generated test row 8384,todo,medium,2026-12-31,
Performance task 8385,Generated test row 8385,in_progress,medium,2026-12-31,
Performance task 8386,Generated test row 8386,todo,medium,2026-12-31,
Performance task 8387,Generated test row 8387,todo,medium,2026-12-31,
Performance task 8388,Generated test row 8388,in_progress,medium,2026-12-31,
Performance task 8389,Generated test row 8389,todo,medium,2026-12-31,
Performance task 8390,Generated test row 8390,todo,high,2026-12-31,
Performance task 8391,Generated test row 8391,in_progress,medium,2026-12-31,
Performance task 8392,Generated test row 8392,todo,medium,2026-12-31,
Performance task 8393,Generated test row 8393,todo,medium,2026-12-31,
Performance task 8394,Generated test row 8394,in_progress,medium,2026-12-31,
Performance task 8395,Generated test row 8395,todo,medium,2026-12-31,
Performance task 8396,Generated test row 8396,todo,medium,2026-12-31,
Performance task 8397,Generated test row 8397,in_progress,medium,2026-12-31,
Performance task 8398,Generated test row 8398,todo,medium,2026-12-31,
Performance task 8399,Generated test row 8399,todo,medium,2026-12-31,
Performance task 8400,Generated test row 8400,invalid_status,high,2026-12-31,
Performance task 8401,Generated test row 8401,todo,medium,2026-12-31,
Performance task 8402,Generated test row 8402,todo,medium,2026-12-31,
Performance task 8403,Generated test row 8403,in_progress,medium,2026-12-31,
Performance task 8404,Generated test row 8404,todo,medium,2026-12-31,
Performance task 8405,Generated test row 8405,todo,medium,2026-12-31,
Performance task 8406,Generated test row 8406,in_progress,medium,2026-12-31,
Performance task 8407,Generated test row 8407,todo,medium,2026-12-31,
Performance task 8408,Generated test row 8408,todo,medium,2026-12-31,
Performance task 8409,Generated test row 8409,in_progress,medium,2026-12-31,
Performance task 8410,Generated test row 8410,todo,high,2026-12-31,
Performance task 8411,Generated test row 8411,todo,medium,2026-12-31,
Performance task 8412,Generated test row 8412,in_progress,medium,2026-12-31,
Performance task 8413,Generated test row 8413,todo,medium,2026-12-31,
Performance task 8414,Generated test row 8414,todo,medium,2026-12-31,
Performance task 8415,Generated test row 8415,in_progress,medium,2026-12-31,
Performance task 8416,Generated test row 8416,todo,medium,2026-12-31,
Performance task 8417,Generated test row 8417,todo,medium,2026-12-31,
Performance task 8418,Generated test row 8418,in_progress,medium,2026-12-31,
Performance task 8419,Generated test row 8419,todo,medium,2026-12-31,
Performance task 8420,Generated test row 8420,todo,high,2026-12-31,
Performance task 8421,Generated test row 8421,in_progress,medium,2026-12-31,
Performance task 8422,Generated test row 8422,todo,medium,2026-12-31,
Performance task 8423,Generated test row 8423,todo,medium,2026-12-31,
Performance task 8424,Generated test row 8424,in_progress,medium,2026-12-31,
Performance task 8425,Generated test row 8425,todo,medium,2026-12-31,
Performance task 8426,Generated test row 8426,todo,medium,2026-12-31,
Performance task 8427,Generated test row 8427,in_progress,medium,2026-12-31,
Performance task 8428,Generated test row 8428,todo,medium,2026-12-31,
Performance task 8429,Generated test row 8429,todo,medium,2026-12-31,
Performance task 8430,Generated test row 8430,in_progress,high,2026-12-31,
Performance task 8431,Generated test row 8431,todo,medium,2026-12-31,
Performance task 8432,Generated test row 8432,todo,medium,2026-12-31,
Performance task 8433,Generated test row 8433,in_progress,medium,2026-12-31,
Performance task 8434,Generated test row 8434,todo,medium,2026-12-31,
Performance task 8435,Generated test row 8435,todo,medium,2026-12-31,
Performance task 8436,Generated test row 8436,in_progress,medium,2026-12-31,
Performance task 8437,Generated test row 8437,todo,medium,2026-12-31,
Performance task 8438,Generated test row 8438,todo,medium,2026-12-31,
Performance task 8439,Generated test row 8439,in_progress,medium,2026-12-31,
Performance task 8440,Generated test row 8440,todo,high,2026-12-31,
Performance task 8441,Generated test row 8441,todo,medium,2026-12-31,
Performance task 8442,Generated test row 8442,in_progress,medium,2026-12-31,
Performance task 8443,Generated test row 8443,todo,medium,2026-12-31,
Performance task 8444,Generated test row 8444,todo,medium,2026-12-31,
Performance task 8445,Generated test row 8445,in_progress,medium,2026-12-31,
Performance task 8446,Generated test row 8446,todo,medium,2026-12-31,
Performance task 8447,Generated test row 8447,todo,medium,2026-12-31,
Performance task 8448,Generated test row 8448,in_progress,medium,2026-12-31,
Performance task 8449,Generated test row 8449,todo,medium,2026-12-31,
Performance task 8450,Generated test row 8450,todo,high,2026-12-31,
Performance task 8451,Generated test row 8451,in_progress,medium,2026-12-31,
Performance task 8452,Generated test row 8452,todo,medium,2026-12-31,
Performance task 8453,Generated test row 8453,todo,medium,2026-12-31,
Performance task 8454,Generated test row 8454,in_progress,medium,2026-12-31,
Performance task 8455,Generated test row 8455,todo,medium,2026-12-31,
Performance task 8456,Generated test row 8456,todo,medium,2026-12-31,
Performance task 8457,Generated test row 8457,in_progress,medium,2026-12-31,
Performance task 8458,Generated test row 8458,todo,medium,2026-12-31,
Performance task 8459,Generated test row 8459,todo,medium,2026-12-31,
Performance task 8460,Generated test row 8460,in_progress,high,2026-12-31,
Performance task 8461,Generated test row 8461,todo,medium,2026-12-31,
Performance task 8462,Generated test row 8462,todo,medium,2026-12-31,
Performance task 8463,Generated test row 8463,in_progress,medium,2026-12-31,
Performance task 8464,Generated test row 8464,todo,medium,2026-12-31,
Performance task 8465,Generated test row 8465,todo,medium,2026-12-31,
Performance task 8466,Generated test row 8466,in_progress,medium,2026-12-31,
Performance task 8467,Generated test row 8467,todo,medium,2026-12-31,
Performance task 8468,Generated test row 8468,todo,medium,2026-12-31,
Performance task 8469,Generated test row 8469,in_progress,medium,2026-12-31,
Performance task 8470,Generated test row 8470,todo,high,2026-12-31,
Performance task 8471,Generated test row 8471,todo,medium,2026-12-31,
Performance task 8472,Generated test row 8472,in_progress,medium,2026-12-31,
Performance task 8473,Generated test row 8473,todo,medium,2026-12-31,
Performance task 8474,Generated test row 8474,todo,medium,2026-12-31,
Performance task 8475,Generated test row 8475,in_progress,medium,2026-12-31,
Performance task 8476,Generated test row 8476,todo,medium,2026-12-31,
Performance task 8477,Generated test row 8477,todo,medium,2026-12-31,
Performance task 8478,Generated test row 8478,in_progress,medium,2026-12-31,
Performance task 8479,Generated test row 8479,todo,medium,2026-12-31,
Performance task 8480,Generated test row 8480,todo,high,2026-12-31,
Performance task 8481,Generated test row 8481,in_progress,medium,2026-12-31,
Performance task 8482,Generated test row 8482,todo,medium,2026-12-31,
Performance task 8483,Generated test row 8483,todo,medium,2026-12-31,
Performance task 8484,Generated test row 8484,in_progress,medium,2026-12-31,
Performance task 8485,Generated test row 8485,todo,medium,2026-12-31,
Performance task 8486,Generated test row 8486,todo,medium,2026-12-31,
Performance task 8487,Generated test row 8487,in_progress,medium,2026-12-31,
Performance task 8488,Generated test row 8488,todo,medium,2026-12-31,
Performance task 8489,Generated test row 8489,todo,medium,2026-12-31,
Performance task 8490,Generated test row 8490,in_progress,high,2026-12-31,
Performance task 8491,Generated test row 8491,todo,medium,2026-12-31,
Performance task 8492,Generated test row 8492,todo,medium,2026-12-31,
Performance task 8493,Generated test row 8493,in_progress,medium,2026-12-31,
Performance task 8494,Generated test row 8494,todo,medium,2026-12-31,
Performance task 8495,Generated test row 8495,todo,medium,2026-12-31,
Performance task 8496,Generated test row 8496,in_progress,medium,2026-12-31,
Performance task 8497,Generated test row 8497,todo,medium,2026-12-31,
Performance task 8498,Generated test row 8498,todo,medium,2026-12-31,
Performance task 8499,Generated test row 8499,in_progress,medium,2026-12-31,
Performance task 8500,Generated test row 8500,invalid_status,high,2026-12-31,
Performance task 8501,Generated test row 8501,todo,medium,2026-12-31,
Performance task 8502,Generated test row 8502,in_progress,medium,2026-12-31,
Performance task 8503,Generated test row 8503,todo,medium,2026-12-31,
Performance task 8504,Generated test row 8504,todo,medium,2026-12-31,
Performance task 8505,Generated test row 8505,in_progress,medium,2026-12-31,
Performance task 8506,Generated test row 8506,todo,medium,2026-12-31,
Performance task 8507,Generated test row 8507,todo,medium,2026-12-31,
Performance task 8508,Generated test row 8508,in_progress,medium,2026-12-31,
Performance task 8509,Generated test row 8509,todo,medium,2026-12-31,
Performance task 8510,Generated test row 8510,todo,high,2026-12-31,
Performance task 8511,Generated test row 8511,in_progress,medium,2026-12-31,
Performance task 8512,Generated test row 8512,todo,medium,2026-12-31,
Performance task 8513,Generated test row 8513,todo,medium,2026-12-31,
Performance task 8514,Generated test row 8514,in_progress,medium,2026-12-31,
Performance task 8515,Generated test row 8515,todo,medium,2026-12-31,
Performance task 8516,Generated test row 8516,todo,medium,2026-12-31,
Performance task 8517,Generated test row 8517,in_progress,medium,2026-12-31,
Performance task 8518,Generated test row 8518,todo,medium,2026-12-31,
Performance task 8519,Generated test row 8519,todo,medium,2026-12-31,
Performance task 8520,Generated test row 8520,in_progress,high,2026-12-31,
Performance task 8521,Generated test row 8521,todo,medium,2026-12-31,
Performance task 8522,Generated test row 8522,todo,medium,2026-12-31,
Performance task 8523,Generated test row 8523,in_progress,medium,2026-12-31,
Performance task 8524,Generated test row 8524,todo,medium,2026-12-31,
Performance task 8525,Generated test row 8525,todo,medium,2026-12-31,
Performance task 8526,Generated test row 8526,in_progress,medium,2026-12-31,
Performance task 8527,Generated test row 8527,todo,medium,2026-12-31,
Performance task 8528,Generated test row 8528,todo,medium,2026-12-31,
Performance task 8529,Generated test row 8529,in_progress,medium,2026-12-31,
Performance task 8530,Generated test row 8530,todo,high,2026-12-31,
Performance task 8531,Generated test row 8531,todo,medium,2026-12-31,
Performance task 8532,Generated test row 8532,in_progress,medium,2026-12-31,
Performance task 8533,Generated test row 8533,todo,medium,2026-12-31,
Performance task 8534,Generated test row 8534,todo,medium,2026-12-31,
Performance task 8535,Generated test row 8535,in_progress,medium,2026-12-31,
Performance task 8536,Generated test row 8536,todo,medium,2026-12-31,
Performance task 8537,Generated test row 8537,todo,medium,2026-12-31,
Performance task 8538,Generated test row 8538,in_progress,medium,2026-12-31,
Performance task 8539,Generated test row 8539,todo,medium,2026-12-31,
Performance task 8540,Generated test row 8540,todo,high,2026-12-31,
Performance task 8541,Generated test row 8541,in_progress,medium,2026-12-31,
Performance task 8542,Generated test row 8542,todo,medium,2026-12-31,
Performance task 8543,Generated test row 8543,todo,medium,2026-12-31,
Performance task 8544,Generated test row 8544,in_progress,medium,2026-12-31,
Performance task 8545,Generated test row 8545,todo,medium,2026-12-31,
Performance task 8546,Generated test row 8546,todo,medium,2026-12-31,
Performance task 8547,Generated test row 8547,in_progress,medium,2026-12-31,
Performance task 8548,Generated test row 8548,todo,medium,2026-12-31,
Performance task 8549,Generated test row 8549,todo,medium,2026-12-31,
Performance task 8550,Generated test row 8550,in_progress,high,2026-12-31,
Performance task 8551,Generated test row 8551,todo,medium,2026-12-31,
Performance task 8552,Generated test row 8552,todo,medium,2026-12-31,
Performance task 8553,Generated test row 8553,in_progress,medium,2026-12-31,
Performance task 8554,Generated test row 8554,todo,medium,2026-12-31,
Performance task 8555,Generated test row 8555,todo,medium,2026-12-31,
Performance task 8556,Generated test row 8556,in_progress,medium,2026-12-31,
Performance task 8557,Generated test row 8557,todo,medium,2026-12-31,
Performance task 8558,Generated test row 8558,todo,medium,2026-12-31,
Performance task 8559,Generated test row 8559,in_progress,medium,2026-12-31,
Performance task 8560,Generated test row 8560,todo,high,2026-12-31,
Performance task 8561,Generated test row 8561,todo,medium,2026-12-31,
Performance task 8562,Generated test row 8562,in_progress,medium,2026-12-31,
Performance task 8563,Generated test row 8563,todo,medium,2026-12-31,
Performance task 8564,Generated test row 8564,todo,medium,2026-12-31,
Performance task 8565,Generated test row 8565,in_progress,medium,2026-12-31,
Performance task 8566,Generated test row 8566,todo,medium,2026-12-31,
Performance task 8567,Generated test row 8567,todo,medium,2026-12-31,
Performance task 8568,Generated test row 8568,in_progress,medium,2026-12-31,
Performance task 8569,Generated test row 8569,todo,medium,2026-12-31,
Performance task 8570,Generated test row 8570,todo,high,2026-12-31,
Performance task 8571,Generated test row 8571,in_progress,medium,2026-12-31,
Performance task 8572,Generated test row 8572,todo,medium,2026-12-31,
Performance task 8573,Generated test row 8573,todo,medium,2026-12-31,
Performance task 8574,Generated test row 8574,in_progress,medium,2026-12-31,
Performance task 8575,Generated test row 8575,todo,medium,2026-12-31,
Performance task 8576,Generated test row 8576,todo,medium,2026-12-31,
Performance task 8577,Generated test row 8577,in_progress,medium,2026-12-31,
Performance task 8578,Generated test row 8578,todo,medium,2026-12-31,
Performance task 8579,Generated test row 8579,todo,medium,2026-12-31,
Performance task 8580,Generated test row 8580,in_progress,high,2026-12-31,
Performance task 8581,Generated test row 8581,todo,medium,2026-12-31,
Performance task 8582,Generated test row 8582,todo,medium,2026-12-31,
Performance task 8583,Generated test row 8583,in_progress,medium,2026-12-31,
Performance task 8584,Generated test row 8584,todo,medium,2026-12-31,
Performance task 8585,Generated test row 8585,todo,medium,2026-12-31,
Performance task 8586,Generated test row 8586,in_progress,medium,2026-12-31,
Performance task 8587,Generated test row 8587,todo,medium,2026-12-31,
Performance task 8588,Generated test row 8588,todo,medium,2026-12-31,
Performance task 8589,Generated test row 8589,in_progress,medium,2026-12-31,
Performance task 8590,Generated test row 8590,todo,high,2026-12-31,
Performance task 8591,Generated test row 8591,todo,medium,2026-12-31,
Performance task 8592,Generated test row 8592,in_progress,medium,2026-12-31,
Performance task 8593,Generated test row 8593,todo,medium,2026-12-31,
Performance task 8594,Generated test row 8594,todo,medium,2026-12-31,
Performance task 8595,Generated test row 8595,in_progress,medium,2026-12-31,
Performance task 8596,Generated test row 8596,todo,medium,2026-12-31,
Performance task 8597,Generated test row 8597,todo,medium,2026-12-31,
Performance task 8598,Generated test row 8598,in_progress,medium,2026-12-31,
Performance task 8599,Generated test row 8599,todo,medium,2026-12-31,
Performance task 8600,Generated test row 8600,invalid_status,high,2026-12-31,
Performance task 8601,Generated test row 8601,in_progress,medium,2026-12-31,
Performance task 8602,Generated test row 8602,todo,medium,2026-12-31,
Performance task 8603,Generated test row 8603,todo,medium,2026-12-31,
Performance task 8604,Generated test row 8604,in_progress,medium,2026-12-31,
Performance task 8605,Generated test row 8605,todo,medium,2026-12-31,
Performance task 8606,Generated test row 8606,todo,medium,2026-12-31,
Performance task 8607,Generated test row 8607,in_progress,medium,2026-12-31,
Performance task 8608,Generated test row 8608,todo,medium,2026-12-31,
Performance task 8609,Generated test row 8609,todo,medium,2026-12-31,
Performance task 8610,Generated test row 8610,in_progress,high,2026-12-31,
Performance task 8611,Generated test row 8611,todo,medium,2026-12-31,
Performance task 8612,Generated test row 8612,todo,medium,2026-12-31,
Performance task 8613,Generated test row 8613,in_progress,medium,2026-12-31,
Performance task 8614,Generated test row 8614,todo,medium,2026-12-31,
Performance task 8615,Generated test row 8615,todo,medium,2026-12-31,
Performance task 8616,Generated test row 8616,in_progress,medium,2026-12-31,
Performance task 8617,Generated test row 8617,todo,medium,2026-12-31,
Performance task 8618,Generated test row 8618,todo,medium,2026-12-31,
Performance task 8619,Generated test row 8619,in_progress,medium,2026-12-31,
Performance task 8620,Generated test row 8620,todo,high,2026-12-31,
Performance task 8621,Generated test row 8621,todo,medium,2026-12-31,
Performance task 8622,Generated test row 8622,in_progress,medium,2026-12-31,
Performance task 8623,Generated test row 8623,todo,medium,2026-12-31,
Performance task 8624,Generated test row 8624,todo,medium,2026-12-31,
Performance task 8625,Generated test row 8625,in_progress,medium,2026-12-31,
Performance task 8626,Generated test row 8626,todo,medium,2026-12-31,
Performance task 8627,Generated test row 8627,todo,medium,2026-12-31,
Performance task 8628,Generated test row 8628,in_progress,medium,2026-12-31,
Performance task 8629,Generated test row 8629,todo,medium,2026-12-31,
Performance task 8630,Generated test row 8630,todo,high,2026-12-31,
Performance task 8631,Generated test row 8631,in_progress,medium,2026-12-31,
Performance task 8632,Generated test row 8632,todo,medium,2026-12-31,
Performance task 8633,Generated test row 8633,todo,medium,2026-12-31,
Performance task 8634,Generated test row 8634,in_progress,medium,2026-12-31,
Performance task 8635,Generated test row 8635,todo,medium,2026-12-31,
Performance task 8636,Generated test row 8636,todo,medium,2026-12-31,
Performance task 8637,Generated test row 8637,in_progress,medium,2026-12-31,
Performance task 8638,Generated test row 8638,todo,medium,2026-12-31,
Performance task 8639,Generated test row 8639,todo,medium,2026-12-31,
Performance task 8640,Generated test row 8640,in_progress,high,2026-12-31,
Performance task 8641,Generated test row 8641,todo,medium,2026-12-31,
Performance task 8642,Generated test row 8642,todo,medium,2026-12-31,
Performance task 8643,Generated test row 8643,in_progress,medium,2026-12-31,
Performance task 8644,Generated test row 8644,todo,medium,2026-12-31,
Performance task 8645,Generated test row 8645,todo,medium,2026-12-31,
Performance task 8646,Generated test row 8646,in_progress,medium,2026-12-31,
Performance task 8647,Generated test row 8647,todo,medium,2026-12-31,
Performance task 8648,Generated test row 8648,todo,medium,2026-12-31,
Performance task 8649,Generated test row 8649,in_progress,medium,2026-12-31,
Performance task 8650,Generated test row 8650,todo,high,2026-12-31,
Performance task 8651,Generated test row 8651,todo,medium,2026-12-31,
Performance task 8652,Generated test row 8652,in_progress,medium,2026-12-31,
Performance task 8653,Generated test row 8653,todo,medium,2026-12-31,
Performance task 8654,Generated test row 8654,todo,medium,2026-12-31,
Performance task 8655,Generated test row 8655,in_progress,medium,2026-12-31,
Performance task 8656,Generated test row 8656,todo,medium,2026-12-31,
Performance task 8657,Generated test row 8657,todo,medium,2026-12-31,
Performance task 8658,Generated test row 8658,in_progress,medium,2026-12-31,
Performance task 8659,Generated test row 8659,todo,medium,2026-12-31,
Performance task 8660,Generated test row 8660,todo,high,2026-12-31,
Performance task 8661,Generated test row 8661,in_progress,medium,2026-12-31,
Performance task 8662,Generated test row 8662,todo,medium,2026-12-31,
Performance task 8663,Generated test row 8663,todo,medium,2026-12-31,
Performance task 8664,Generated test row 8664,in_progress,medium,2026-12-31,
Performance task 8665,Generated test row 8665,todo,medium,2026-12-31,
Performance task 8666,Generated test row 8666,todo,medium,2026-12-31,
Performance task 8667,Generated test row 8667,in_progress,medium,2026-12-31,
Performance task 8668,Generated test row 8668,todo,medium,2026-12-31,
Performance task 8669,Generated test row 8669,todo,medium,2026-12-31,
Performance task 8670,Generated test row 8670,in_progress,high,2026-12-31,
Performance task 8671,Generated test row 8671,todo,medium,2026-12-31,
Performance task 8672,Generated test row 8672,todo,medium,2026-12-31,
Performance task 8673,Generated test row 8673,in_progress,medium,2026-12-31,
Performance task 8674,Generated test row 8674,todo,medium,2026-12-31,
Performance task 8675,Generated test row 8675,todo,medium,2026-12-31,
Performance task 8676,Generated test row 8676,in_progress,medium,2026-12-31,
Performance task 8677,Generated test row 8677,todo,medium,2026-12-31,
Performance task 8678,Generated test row 8678,todo,medium,2026-12-31,
Performance task 8679,Generated test row 8679,in_progress,medium,2026-12-31,
Performance task 8680,Generated test row 8680,todo,high,2026-12-31,
Performance task 8681,Generated test row 8681,todo,medium,2026-12-31,
Performance task 8682,Generated test row 8682,in_progress,medium,2026-12-31,
Performance task 8683,Generated test row 8683,todo,medium,2026-12-31,
Performance task 8684,Generated test row 8684,todo,medium,2026-12-31,
Performance task 8685,Generated test row 8685,in_progress,medium,2026-12-31,
Performance task 8686,Generated test row 8686,todo,medium,2026-12-31,
Performance task 8687,Generated test row 8687,todo,medium,2026-12-31,
Performance task 8688,Generated test row 8688,in_progress,medium,2026-12-31,
Performance task 8689,Generated test row 8689,todo,medium,2026-12-31,
Performance task 8690,Generated test row 8690,todo,high,2026-12-31,
Performance task 8691,Generated test row 8691,in_progress,medium,2026-12-31,
Performance task 8692,Generated test row 8692,todo,medium,2026-12-31,
Performance task 8693,Generated test row 8693,todo,medium,2026-12-31,
Performance task 8694,Generated test row 8694,in_progress,medium,2026-12-31,
Performance task 8695,Generated test row 8695,todo,medium,2026-12-31,
Performance task 8696,Generated test row 8696,todo,medium,2026-12-31,
Performance task 8697,Generated test row 8697,in_progress,medium,2026-12-31,
Performance task 8698,Generated test row 8698,todo,medium,2026-12-31,
Performance task 8699,Generated test row 8699,todo,medium,2026-12-31,
Performance task 8700,Generated test row 8700,invalid_status,high,2026-12-31,
Performance task 8701,Generated test row 8701,todo,medium,2026-12-31,
Performance task 8702,Generated test row 8702,todo,medium,2026-12-31,
Performance task 8703,Generated test row 8703,in_progress,medium,2026-12-31,
Performance task 8704,Generated test row 8704,todo,medium,2026-12-31,
Performance task 8705,Generated test row 8705,todo,medium,2026-12-31,
Performance task 8706,Generated test row 8706,in_progress,medium,2026-12-31,
Performance task 8707,Generated test row 8707,todo,medium,2026-12-31,
Performance task 8708,Generated test row 8708,todo,medium,2026-12-31,
Performance task 8709,Generated test row 8709,in_progress,medium,2026-12-31,
Performance task 8710,Generated test row 8710,todo,high,2026-12-31,
Performance task 8711,Generated test row 8711,todo,medium,2026-12-31,
Performance task 8712,Generated test row 8712,in_progress,medium,2026-12-31,
Performance task 8713,Generated test row 8713,todo,medium,2026-12-31,
Performance task 8714,Generated test row 8714,todo,medium,2026-12-31,
Performance task 8715,Generated test row 8715,in_progress,medium,2026-12-31,
Performance task 8716,Generated test row 8716,todo,medium,2026-12-31,
Performance task 8717,Generated test row 8717,todo,medium,2026-12-31,
Performance task 8718,Generated test row 8718,in_progress,medium,2026-12-31,
Performance task 8719,Generated test row 8719,todo,medium,2026-12-31,
Performance task 8720,Generated test row 8720,todo,high,2026-12-31,
Performance task 8721,Generated test row 8721,in_progress,medium,2026-12-31,
Performance task 8722,Generated test row 8722,todo,medium,2026-12-31,
Performance task 8723,Generated test row 8723,todo,medium,2026-12-31,
Performance task 8724,Generated test row 8724,in_progress,medium,2026-12-31,
Performance task 8725,Generated test row 8725,todo,medium,2026-12-31,
Performance task 8726,Generated test row 8726,todo,medium,2026-12-31,
Performance task 8727,Generated test row 8727,in_progress,medium,2026-12-31,
Performance task 8728,Generated test row 8728,todo,medium,2026-12-31,
Performance task 8729,Generated test row 8729,todo,medium,2026-12-31,
Performance task 8730,Generated test row 8730,in_progress,high,2026-12-31,
Performance task 8731,Generated test row 8731,todo,medium,2026-12-31,
Performance task 8732,Generated test row 8732,todo,medium,2026-12-31,
Performance task 8733,Generated test row 8733,in_progress,medium,2026-12-31,
Performance task 8734,Generated test row 8734,todo,medium,2026-12-31,
Performance task 8735,Generated test row 8735,todo,medium,2026-12-31,
Performance task 8736,Generated test row 8736,in_progress,medium,2026-12-31,
Performance task 8737,Generated test row 8737,todo,medium,2026-12-31,
Performance task 8738,Generated test row 8738,todo,medium,2026-12-31,
Performance task 8739,Generated test row 8739,in_progress,medium,2026-12-31,
Performance task 8740,Generated test row 8740,todo,high,2026-12-31,
Performance task 8741,Generated test row 8741,todo,medium,2026-12-31,
Performance task 8742,Generated test row 8742,in_progress,medium,2026-12-31,
Performance task 8743,Generated test row 8743,todo,medium,2026-12-31,
Performance task 8744,Generated test row 8744,todo,medium,2026-12-31,
Performance task 8745,Generated test row 8745,in_progress,medium,2026-12-31,
Performance task 8746,Generated test row 8746,todo,medium,2026-12-31,
Performance task 8747,Generated test row 8747,todo,medium,2026-12-31,
Performance task 8748,Generated test row 8748,in_progress,medium,2026-12-31,
Performance task 8749,Generated test row 8749,todo,medium,2026-12-31,
Performance task 8750,Generated test row 8750,todo,high,2026-12-31,
Performance task 8751,Generated test row 8751,in_progress,medium,2026-12-31,
Performance task 8752,Generated test row 8752,todo,medium,2026-12-31,
Performance task 8753,Generated test row 8753,todo,medium,2026-12-31,
Performance task 8754,Generated test row 8754,in_progress,medium,2026-12-31,
Performance task 8755,Generated test row 8755,todo,medium,2026-12-31,
Performance task 8756,Generated test row 8756,todo,medium,2026-12-31,
Performance task 8757,Generated test row 8757,in_progress,medium,2026-12-31,
Performance task 8758,Generated test row 8758,todo,medium,2026-12-31,
Performance task 8759,Generated test row 8759,todo,medium,2026-12-31,
Performance task 8760,Generated test row 8760,in_progress,high,2026-12-31,
Performance task 8761,Generated test row 8761,todo,medium,2026-12-31,
Performance task 8762,Generated test row 8762,todo,medium,2026-12-31,
Performance task 8763,Generated test row 8763,in_progress,medium,2026-12-31,
Performance task 8764,Generated test row 8764,todo,medium,2026-12-31,
Performance task 8765,Generated test row 8765,todo,medium,2026-12-31,
Performance task 8766,Generated test row 8766,in_progress,medium,2026-12-31,
Performance task 8767,Generated test row 8767,todo,medium,2026-12-31,
Performance task 8768,Generated test row 8768,todo,medium,2026-12-31,
Performance task 8769,Generated test row 8769,in_progress,medium,2026-12-31,
Performance task 8770,Generated test row 8770,todo,high,2026-12-31,
Performance task 8771,Generated test row 8771,todo,medium,2026-12-31,
Performance task 8772,Generated test row 8772,in_progress,medium,2026-12-31,
Performance task 8773,Generated test row 8773,todo,medium,2026-12-31,
Performance task 8774,Generated test row 8774,todo,medium,2026-12-31,
Performance task 8775,Generated test row 8775,in_progress,medium,2026-12-31,
Performance task 8776,Generated test row 8776,todo,medium,2026-12-31,
Performance task 8777,Generated test row 8777,todo,medium,2026-12-31,
Performance task 8778,Generated test row 8778,in_progress,medium,2026-12-31,
Performance task 8779,Generated test row 8779,todo,medium,2026-12-31,
Performance task 8780,Generated test row 8780,todo,high,2026-12-31,
Performance task 8781,Generated test row 8781,in_progress,medium,2026-12-31,
Performance task 8782,Generated test row 8782,todo,medium,2026-12-31,
Performance task 8783,Generated test row 8783,todo,medium,2026-12-31,
Performance task 8784,Generated test row 8784,in_progress,medium,2026-12-31,
Performance task 8785,Generated test row 8785,todo,medium,2026-12-31,
Performance task 8786,Generated test row 8786,todo,medium,2026-12-31,
Performance task 8787,Generated test row 8787,in_progress,medium,2026-12-31,
Performance task 8788,Generated test row 8788,todo,medium,2026-12-31,
Performance task 8789,Generated test row 8789,todo,medium,2026-12-31,
Performance task 8790,Generated test row 8790,in_progress,high,2026-12-31,
Performance task 8791,Generated test row 8791,todo,medium,2026-12-31,
Performance task 8792,Generated test row 8792,todo,medium,2026-12-31,
Performance task 8793,Generated test row 8793,in_progress,medium,2026-12-31,
Performance task 8794,Generated test row 8794,todo,medium,2026-12-31,
Performance task 8795,Generated test row 8795,todo,medium,2026-12-31,
Performance task 8796,Generated test row 8796,in_progress,medium,2026-12-31,
Performance task 8797,Generated test row 8797,todo,medium,2026-12-31,
Performance task 8798,Generated test row 8798,todo,medium,2026-12-31,
Performance task 8799,Generated test row 8799,in_progress,medium,2026-12-31,
Performance task 8800,Generated test row 8800,invalid_status,high,2026-12-31,
Performance task 8801,Generated test row 8801,todo,medium,2026-12-31,
Performance task 8802,Generated test row 8802,in_progress,medium,2026-12-31,
Performance task 8803,Generated test row 8803,todo,medium,2026-12-31,
Performance task 8804,Generated test row 8804,todo,medium,2026-12-31,
Performance task 8805,Generated test row 8805,in_progress,medium,2026-12-31,
Performance task 8806,Generated test row 8806,todo,medium,2026-12-31,
Performance task 8807,Generated test row 8807,todo,medium,2026-12-31,
Performance task 8808,Generated test row 8808,in_progress,medium,2026-12-31,
Performance task 8809,Generated test row 8809,todo,medium,2026-12-31,
Performance task 8810,Generated test row 8810,todo,high,2026-12-31,
Performance task 8811,Generated test row 8811,in_progress,medium,2026-12-31,
Performance task 8812,Generated test row 8812,todo,medium,2026-12-31,
Performance task 8813,Generated test row 8813,todo,medium,2026-12-31,
Performance task 8814,Generated test row 8814,in_progress,medium,2026-12-31,
Performance task 8815,Generated test row 8815,todo,medium,2026-12-31,
Performance task 8816,Generated test row 8816,todo,medium,2026-12-31,
Performance task 8817,Generated test row 8817,in_progress,medium,2026-12-31,
Performance task 8818,Generated test row 8818,todo,medium,2026-12-31,
Performance task 8819,Generated test row 8819,todo,medium,2026-12-31,
Performance task 8820,Generated test row 8820,in_progress,high,2026-12-31,
Performance task 8821,Generated test row 8821,todo,medium,2026-12-31,
Performance task 8822,Generated test row 8822,todo,medium,2026-12-31,
Performance task 8823,Generated test row 8823,in_progress,medium,2026-12-31,
Performance task 8824,Generated test row 8824,todo,medium,2026-12-31,
Performance task 8825,Generated test row 8825,todo,medium,2026-12-31,
Performance task 8826,Generated test row 8826,in_progress,medium,2026-12-31,
Performance task 8827,Generated test row 8827,todo,medium,2026-12-31,
Performance task 8828,Generated test row 8828,todo,medium,2026-12-31,
Performance task 8829,Generated test row 8829,in_progress,medium,2026-12-31,
Performance task 8830,Generated test row 8830,todo,high,2026-12-31,
Performance task 8831,Generated test row 8831,todo,medium,2026-12-31,
Performance task 8832,Generated test row 8832,in_progress,medium,2026-12-31,
Performance task 8833,Generated test row 8833,todo,medium,2026-12-31,
Performance task 8834,Generated test row 8834,todo,medium,2026-12-31,
Performance task 8835,Generated test row 8835,in_progress,medium,2026-12-31,
Performance task 8836,Generated test row 8836,todo,medium,2026-12-31,
Performance task 8837,Generated test row 8837,todo,medium,2026-12-31,
Performance task 8838,Generated test row 8838,in_progress,medium,2026-12-31,
Performance task 8839,Generated test row 8839,todo,medium,2026-12-31,
Performance task 8840,Generated test row 8840,todo,high,2026-12-31,
Performance task 8841,Generated test row 8841,in_progress,medium,2026-12-31,
Performance task 8842,Generated test row 8842,todo,medium,2026-12-31,
Performance task 8843,Generated test row 8843,todo,medium,2026-12-31,
Performance task 8844,Generated test row 8844,in_progress,medium,2026-12-31,
Performance task 8845,Generated test row 8845,todo,medium,2026-12-31,
Performance task 8846,Generated test row 8846,todo,medium,2026-12-31,
Performance task 8847,Generated test row 8847,in_progress,medium,2026-12-31,
Performance task 8848,Generated test row 8848,todo,medium,2026-12-31,
Performance task 8849,Generated test row 8849,todo,medium,2026-12-31,
Performance task 8850,Generated test row 8850,in_progress,high,2026-12-31,
Performance task 8851,Generated test row 8851,todo,medium,2026-12-31,
Performance task 8852,Generated test row 8852,todo,medium,2026-12-31,
Performance task 8853,Generated test row 8853,in_progress,medium,2026-12-31,
Performance task 8854,Generated test row 8854,todo,medium,2026-12-31,
Performance task 8855,Generated test row 8855,todo,medium,2026-12-31,
Performance task 8856,Generated test row 8856,in_progress,medium,2026-12-31,
Performance task 8857,Generated test row 8857,todo,medium,2026-12-31,
Performance task 8858,Generated test row 8858,todo,medium,2026-12-31,
Performance task 8859,Generated test row 8859,in_progress,medium,2026-12-31,
Performance task 8860,Generated test row 8860,todo,high,2026-12-31,
Performance task 8861,Generated test row 8861,todo,medium,2026-12-31,
Performance task 8862,Generated test row 8862,in_progress,medium,2026-12-31,
Performance task 8863,Generated test row 8863,todo,medium,2026-12-31,
Performance task 8864,Generated test row 8864,todo,medium,2026-12-31,
Performance task 8865,Generated test row 8865,in_progress,medium,2026-12-31,
Performance task 8866,Generated test row 8866,todo,medium,2026-12-31,
Performance task 8867,Generated test row 8867,todo,medium,2026-12-31,
Performance task 8868,Generated test row 8868,in_progress,medium,2026-12-31,
Performance task 8869,Generated test row 8869,todo,medium,2026-12-31,
Performance task 8870,Generated test row 8870,todo,high,2026-12-31,
Performance task 8871,Generated test row 8871,in_progress,medium,2026-12-31,
Performance task 8872,Generated test row 8872,todo,medium,2026-12-31,
Performance task 8873,Generated test row 8873,todo,medium,2026-12-31,
Performance task 8874,Generated test row 8874,in_progress,medium,2026-12-31,
Performance task 8875,Generated test row 8875,todo,medium,2026-12-31,
Performance task 8876,Generated test row 8876,todo,medium,2026-12-31,
Performance task 8877,Generated test row 8877,in_progress,medium,2026-12-31,
Performance task 8878,Generated test row 8878,todo,medium,2026-12-31,
Performance task 8879,Generated test row 8879,todo,medium,2026-12-31,
Performance task 8880,Generated test row 8880,in_progress,high,2026-12-31,
Performance task 8881,Generated test row 8881,todo,medium,2026-12-31,
Performance task 8882,Generated test row 8882,todo,medium,2026-12-31,
Performance task 8883,Generated test row 8883,in_progress,medium,2026-12-31,
Performance task 8884,Generated test row 8884,todo,medium,2026-12-31,
Performance task 8885,Generated test row 8885,todo,medium,2026-12-31,
Performance task 8886,Generated test row 8886,in_progress,medium,2026-12-31,
Performance task 8887,Generated test row 8887,todo,medium,2026-12-31,
Performance task 8888,Generated test row 8888,todo,medium,2026-12-31,
Performance task 8889,Generated test row 8889,in_progress,medium,2026-12-31,
Performance task 8890,Generated test row 8890,todo,high,2026-12-31,
Performance task 8891,Generated test row 8891,todo,medium,2026-12-31,
Performance task 8892,Generated test row 8892,in_progress,medium,2026-12-31,
Performance task 8893,Generated test row 8893,todo,medium,2026-12-31,
Performance task 8894,Generated test row 8894,todo,medium,2026-12-31,
Performance task 8895,Generated test row 8895,in_progress,medium,2026-12-31,
Performance task 8896,Generated test row 8896,todo,medium,2026-12-31,
Performance task 8897,Generated test row 8897,todo,medium,2026-12-31,
Performance task 8898,Generated test row 8898,in_progress,medium,2026-12-31,
Performance task 8899,Generated test row 8899,todo,medium,2026-12-31,
Performance task 8900,Generated test row 8900,invalid_status,high,2026-12-31,
Performance task 8901,Generated test row 8901,in_progress,medium,2026-12-31,
Performance task 8902,Generated test row 8902,todo,medium,2026-12-31,
Performance task 8903,Generated test row 8903,todo,medium,2026-12-31,
Performance task 8904,Generated test row 8904,in_progress,medium,2026-12-31,
Performance task 8905,Generated test row 8905,todo,medium,2026-12-31,
Performance task 8906,Generated test row 8906,todo,medium,2026-12-31,
Performance task 8907,Generated test row 8907,in_progress,medium,2026-12-31,
Performance task 8908,Generated test row 8908,todo,medium,2026-12-31,
Performance task 8909,Generated test row 8909,todo,medium,2026-12-31,
Performance task 8910,Generated test row 8910,in_progress,high,2026-12-31,
Performance task 8911,Generated test row 8911,todo,medium,2026-12-31,
Performance task 8912,Generated test row 8912,todo,medium,2026-12-31,
Performance task 8913,Generated test row 8913,in_progress,medium,2026-12-31,
Performance task 8914,Generated test row 8914,todo,medium,2026-12-31,
Performance task 8915,Generated test row 8915,todo,medium,2026-12-31,
Performance task 8916,Generated test row 8916,in_progress,medium,2026-12-31,
Performance task 8917,Generated test row 8917,todo,medium,2026-12-31,
Performance task 8918,Generated test row 8918,todo,medium,2026-12-31,
Performance task 8919,Generated test row 8919,in_progress,medium,2026-12-31,
Performance task 8920,Generated test row 8920,todo,high,2026-12-31,
Performance task 8921,Generated test row 8921,todo,medium,2026-12-31,
Performance task 8922,Generated test row 8922,in_progress,medium,2026-12-31,
Performance task 8923,Generated test row 8923,todo,medium,2026-12-31,
Performance task 8924,Generated test row 8924,todo,medium,2026-12-31,
Performance task 8925,Generated test row 8925,in_progress,medium,2026-12-31,
Performance task 8926,Generated test row 8926,todo,medium,2026-12-31,
Performance task 8927,Generated test row 8927,todo,medium,2026-12-31,
Performance task 8928,Generated test row 8928,in_progress,medium,2026-12-31,
Performance task 8929,Generated test row 8929,todo,medium,2026-12-31,
Performance task 8930,Generated test row 8930,todo,high,2026-12-31,
Performance task 8931,Generated test row 8931,in_progress,medium,2026-12-31,
Performance task 8932,Generated test row 8932,todo,medium,2026-12-31,
Performance task 8933,Generated test row 8933,todo,medium,2026-12-31,
Performance task 8934,Generated test row 8934,in_progress,medium,2026-12-31,
Performance task 8935,Generated test row 8935,todo,medium,2026-12-31,
Performance task 8936,Generated test row 8936,todo,medium,2026-12-31,
Performance task 8937,Generated test row 8937,in_progress,medium,2026-12-31,
Performance task 8938,Generated test row 8938,todo,medium,2026-12-31,
Performance task 8939,Generated test row 8939,todo,medium,2026-12-31,
Performance task 8940,Generated test row 8940,in_progress,high,2026-12-31,
Performance task 8941,Generated test row 8941,todo,medium,2026-12-31,
Performance task 8942,Generated test row 8942,todo,medium,2026-12-31,
Performance task 8943,Generated test row 8943,in_progress,medium,2026-12-31,
Performance task 8944,Generated test row 8944,todo,medium,2026-12-31,
Performance task 8945,Generated test row 8945,todo,medium,2026-12-31,
Performance task 8946,Generated test row 8946,in_progress,medium,2026-12-31,
Performance task 8947,Generated test row 8947,todo,medium,2026-12-31,
Performance task 8948,Generated test row 8948,todo,medium,2026-12-31,
Performance task 8949,Generated test row 8949,in_progress,medium,2026-12-31,
Performance task 8950,Generated test row 8950,todo,high,2026-12-31,
Performance task 8951,Generated test row 8951,todo,medium,2026-12-31,
Performance task 8952,Generated test row 8952,in_progress,medium,2026-12-31,
Performance task 8953,Generated test row 8953,todo,medium,2026-12-31,
Performance task 8954,Generated test row 8954,todo,medium,2026-12-31,
Performance task 8955,Generated test row 8955,in_progress,medium,2026-12-31,
Performance task 8956,Generated test row 8956,todo,medium,2026-12-31,
Performance task 8957,Generated test row 8957,todo,medium,2026-12-31,
Performance task 8958,Generated test row 8958,in_progress,medium,2026-12-31,
Performance task 8959,Generated test row 8959,todo,medium,2026-12-31,
Performance task 8960,Generated test row 8960,todo,high,2026-12-31,
Performance task 8961,Generated test row 8961,in_progress,medium,2026-12-31,
Performance task 8962,Generated test row 8962,todo,medium,2026-12-31,
Performance task 8963,Generated test row 8963,todo,medium,2026-12-31,
Performance task 8964,Generated test row 8964,in_progress,medium,2026-12-31,
Performance task 8965,Generated test row 8965,todo,medium,2026-12-31,
Performance task 8966,Generated test row 8966,todo,medium,2026-12-31,
Performance task 8967,Generated test row 8967,in_progress,medium,2026-12-31,
Performance task 8968,Generated test row 8968,todo,medium,2026-12-31,
Performance task 8969,Generated test row 8969,todo,medium,2026-12-31,
Performance task 8970,Generated test row 8970,in_progress,high,2026-12-31,
Performance task 8971,Generated test row 8971,todo,medium,2026-12-31,
Performance task 8972,Generated test row 8972,todo,medium,2026-12-31,
Performance task 8973,Generated test row 8973,in_progress,medium,2026-12-31,
Performance task 8974,Generated test row 8974,todo,medium,2026-12-31,
Performance task 8975,Generated test row 8975,todo,medium,2026-12-31,
Performance task 8976,Generated test row 8976,in_progress,medium,2026-12-31,
Performance task 8977,Generated test row 8977,todo,medium,2026-12-31,
Performance task 8978,Generated test row 8978,todo,medium,2026-12-31,
Performance task 8979,Generated test row 8979,in_progress,medium,2026-12-31,
Performance task 8980,Generated test row 8980,todo,high,2026-12-31,
Performance task 8981,Generated test row 8981,todo,medium,2026-12-31,
Performance task 8982,Generated test row 8982,in_progress,medium,2026-12-31,
Performance task 8983,Generated test row 8983,todo,medium,2026-12-31,
Performance task 8984,Generated test row 8984,todo,medium,2026-12-31,
Performance task 8985,Generated test row 8985,in_progress,medium,2026-12-31,
Performance task 8986,Generated test row 8986,todo,medium,2026-12-31,
Performance task 8987,Generated test row 8987,todo,medium,2026-12-31,
Performance task 8988,Generated test row 8988,in_progress,medium,2026-12-31,
Performance task 8989,Generated test row 8989,todo,medium,2026-12-31,
Performance task 8990,Generated test row 8990,todo,high,2026-12-31,
Performance task 8991,Generated test row 8991,in_progress,medium,2026-12-31,
Performance task 8992,Generated test row 8992,todo,medium,2026-12-31,
Performance task 8993,Generated test row 8993,todo,medium,2026-12-31,
Performance task 8994,Generated test row 8994,in_progress,medium,2026-12-31,
Performance task 8995,Generated test row 8995,todo,medium,2026-12-31,
Performance task 8996,Generated test row 8996,todo,medium,2026-12-31,
Performance task 8997,Generated test row 8997,in_progress,medium,2026-12-31,
Performance task 8998,Generated test row 8998,todo,medium,2026-12-31,
Performance task 8999,Generated test row 8999,todo,medium,2026-12-31,
Performance task 9000,Generated test row 9000,invalid_status,high,2026-12-31,
Performance task 9001,Generated test row 9001,todo,medium,2026-12-31,
Performance task 9002,Generated test row 9002,todo,medium,2026-12-31,
Performance task 9003,Generated test row 9003,in_progress,medium,2026-12-31,
Performance task 9004,Generated test row 9004,todo,medium,2026-12-31,
Performance task 9005,Generated test row 9005,todo,medium,2026-12-31,
Performance task 9006,Generated test row 9006,in_progress,medium,2026-12-31,
Performance task 9007,Generated test row 9007,todo,medium,2026-12-31,
Performance task 9008,Generated test row 9008,todo,medium,2026-12-31,
Performance task 9009,Generated test row 9009,in_progress,medium,2026-12-31,
Performance task 9010,Generated test row 9010,todo,high,2026-12-31,
Performance task 9011,Generated test row 9011,todo,medium,2026-12-31,
Performance task 9012,Generated test row 9012,in_progress,medium,2026-12-31,
Performance task 9013,Generated test row 9013,todo,medium,2026-12-31,
Performance task 9014,Generated test row 9014,todo,medium,2026-12-31,
Performance task 9015,Generated test row 9015,in_progress,medium,2026-12-31,
Performance task 9016,Generated test row 9016,todo,medium,2026-12-31,
Performance task 9017,Generated test row 9017,todo,medium,2026-12-31,
Performance task 9018,Generated test row 9018,in_progress,medium,2026-12-31,
Performance task 9019,Generated test row 9019,todo,medium,2026-12-31,
Performance task 9020,Generated test row 9020,todo,high,2026-12-31,
Performance task 9021,Generated test row 9021,in_progress,medium,2026-12-31,
Performance task 9022,Generated test row 9022,todo,medium,2026-12-31,
Performance task 9023,Generated test row 9023,todo,medium,2026-12-31,
Performance task 9024,Generated test row 9024,in_progress,medium,2026-12-31,
Performance task 9025,Generated test row 9025,todo,medium,2026-12-31,
Performance task 9026,Generated test row 9026,todo,medium,2026-12-31,
Performance task 9027,Generated test row 9027,in_progress,medium,2026-12-31,
Performance task 9028,Generated test row 9028,todo,medium,2026-12-31,
Performance task 9029,Generated test row 9029,todo,medium,2026-12-31,
Performance task 9030,Generated test row 9030,in_progress,high,2026-12-31,
Performance task 9031,Generated test row 9031,todo,medium,2026-12-31,
Performance task 9032,Generated test row 9032,todo,medium,2026-12-31,
Performance task 9033,Generated test row 9033,in_progress,medium,2026-12-31,
Performance task 9034,Generated test row 9034,todo,medium,2026-12-31,
Performance task 9035,Generated test row 9035,todo,medium,2026-12-31,
Performance task 9036,Generated test row 9036,in_progress,medium,2026-12-31,
Performance task 9037,Generated test row 9037,todo,medium,2026-12-31,
Performance task 9038,Generated test row 9038,todo,medium,2026-12-31,
Performance task 9039,Generated test row 9039,in_progress,medium,2026-12-31,
Performance task 9040,Generated test row 9040,todo,high,2026-12-31,
Performance task 9041,Generated test row 9041,todo,medium,2026-12-31,
Performance task 9042,Generated test row 9042,in_progress,medium,2026-12-31,
Performance task 9043,Generated test row 9043,todo,medium,2026-12-31,
Performance task 9044,Generated test row 9044,todo,medium,2026-12-31,
Performance task 9045,Generated test row 9045,in_progress,medium,2026-12-31,
Performance task 9046,Generated test row 9046,todo,medium,2026-12-31,
Performance task 9047,Generated test row 9047,todo,medium,2026-12-31,
Performance task 9048,Generated test row 9048,in_progress,medium,2026-12-31,
Performance task 9049,Generated test row 9049,todo,medium,2026-12-31,
Performance task 9050,Generated test row 9050,todo,high,2026-12-31,
Performance task 9051,Generated test row 9051,in_progress,medium,2026-12-31,
Performance task 9052,Generated test row 9052,todo,medium,2026-12-31,
Performance task 9053,Generated test row 9053,todo,medium,2026-12-31,
Performance task 9054,Generated test row 9054,in_progress,medium,2026-12-31,
Performance task 9055,Generated test row 9055,todo,medium,2026-12-31,
Performance task 9056,Generated test row 9056,todo,medium,2026-12-31,
Performance task 9057,Generated test row 9057,in_progress,medium,2026-12-31,
Performance task 9058,Generated test row 9058,todo,medium,2026-12-31,
Performance task 9059,Generated test row 9059,todo,medium,2026-12-31,
Performance task 9060,Generated test row 9060,in_progress,high,2026-12-31,
Performance task 9061,Generated test row 9061,todo,medium,2026-12-31,
Performance task 9062,Generated test row 9062,todo,medium,2026-12-31,
Performance task 9063,Generated test row 9063,in_progress,medium,2026-12-31,
Performance task 9064,Generated test row 9064,todo,medium,2026-12-31,
Performance task 9065,Generated test row 9065,todo,medium,2026-12-31,
Performance task 9066,Generated test row 9066,in_progress,medium,2026-12-31,
Performance task 9067,Generated test row 9067,todo,medium,2026-12-31,
Performance task 9068,Generated test row 9068,todo,medium,2026-12-31,
Performance task 9069,Generated test row 9069,in_progress,medium,2026-12-31,
Performance task 9070,Generated test row 9070,todo,high,2026-12-31,
Performance task 9071,Generated test row 9071,todo,medium,2026-12-31,
Performance task 9072,Generated test row 9072,in_progress,medium,2026-12-31,
Performance task 9073,Generated test row 9073,todo,medium,2026-12-31,
Performance task 9074,Generated test row 9074,todo,medium,2026-12-31,
Performance task 9075,Generated test row 9075,in_progress,medium,2026-12-31,
Performance task 9076,Generated test row 9076,todo,medium,2026-12-31,
Performance task 9077,Generated test row 9077,todo,medium,2026-12-31,
Performance task 9078,Generated test row 9078,in_progress,medium,2026-12-31,
Performance task 9079,Generated test row 9079,todo,medium,2026-12-31,
Performance task 9080,Generated test row 9080,todo,high,2026-12-31,
Performance task 9081,Generated test row 9081,in_progress,medium,2026-12-31,
Performance task 9082,Generated test row 9082,todo,medium,2026-12-31,
Performance task 9083,Generated test row 9083,todo,medium,2026-12-31,
Performance task 9084,Generated test row 9084,in_progress,medium,2026-12-31,
Performance task 9085,Generated test row 9085,todo,medium,2026-12-31,
Performance task 9086,Generated test row 9086,todo,medium,2026-12-31,
Performance task 9087,Generated test row 9087,in_progress,medium,2026-12-31,
Performance task 9088,Generated test row 9088,todo,medium,2026-12-31,
Performance task 9089,Generated test row 9089,todo,medium,2026-12-31,
Performance task 9090,Generated test row 9090,in_progress,high,2026-12-31,
Performance task 9091,Generated test row 9091,todo,medium,2026-12-31,
Performance task 9092,Generated test row 9092,todo,medium,2026-12-31,
Performance task 9093,Generated test row 9093,in_progress,medium,2026-12-31,
Performance task 9094,Generated test row 9094,todo,medium,2026-12-31,
Performance task 9095,Generated test row 9095,todo,medium,2026-12-31,
Performance task 9096,Generated test row 9096,in_progress,medium,2026-12-31,
Performance task 9097,Generated test row 9097,todo,medium,2026-12-31,
Performance task 9098,Generated test row 9098,todo,medium,2026-12-31,
Performance task 9099,Generated test row 9099,in_progress,medium,2026-12-31,
Performance task 9100,Generated test row 9100,invalid_status,high,2026-12-31,
Performance task 9101,Generated test row 9101,todo,medium,2026-12-31,
Performance task 9102,Generated test row 9102,in_progress,medium,2026-12-31,
Performance task 9103,Generated test row 9103,todo,medium,2026-12-31,
Performance task 9104,Generated test row 9104,todo,medium,2026-12-31,
Performance task 9105,Generated test row 9105,in_progress,medium,2026-12-31,
Performance task 9106,Generated test row 9106,todo,medium,2026-12-31,
Performance task 9107,Generated test row 9107,todo,medium,2026-12-31,
Performance task 9108,Generated test row 9108,in_progress,medium,2026-12-31,
Performance task 9109,Generated test row 9109,todo,medium,2026-12-31,
Performance task 9110,Generated test row 9110,todo,high,2026-12-31,
Performance task 9111,Generated test row 9111,in_progress,medium,2026-12-31,
Performance task 9112,Generated test row 9112,todo,medium,2026-12-31,
Performance task 9113,Generated test row 9113,todo,medium,2026-12-31,
Performance task 9114,Generated test row 9114,in_progress,medium,2026-12-31,
Performance task 9115,Generated test row 9115,todo,medium,2026-12-31,
Performance task 9116,Generated test row 9116,todo,medium,2026-12-31,
Performance task 9117,Generated test row 9117,in_progress,medium,2026-12-31,
Performance task 9118,Generated test row 9118,todo,medium,2026-12-31,
Performance task 9119,Generated test row 9119,todo,medium,2026-12-31,
Performance task 9120,Generated test row 9120,in_progress,high,2026-12-31,
Performance task 9121,Generated test row 9121,todo,medium,2026-12-31,
Performance task 9122,Generated test row 9122,todo,medium,2026-12-31,
Performance task 9123,Generated test row 9123,in_progress,medium,2026-12-31,
Performance task 9124,Generated test row 9124,todo,medium,2026-12-31,
Performance task 9125,Generated test row 9125,todo,medium,2026-12-31,
Performance task 9126,Generated test row 9126,in_progress,medium,2026-12-31,
Performance task 9127,Generated test row 9127,todo,medium,2026-12-31,
Performance task 9128,Generated test row 9128,todo,medium,2026-12-31,
Performance task 9129,Generated test row 9129,in_progress,medium,2026-12-31,
Performance task 9130,Generated test row 9130,todo,high,2026-12-31,
Performance task 9131,Generated test row 9131,todo,medium,2026-12-31,
Performance task 9132,Generated test row 9132,in_progress,medium,2026-12-31,
Performance task 9133,Generated test row 9133,todo,medium,2026-12-31,
Performance task 9134,Generated test row 9134,todo,medium,2026-12-31,
Performance task 9135,Generated test row 9135,in_progress,medium,2026-12-31,
Performance task 9136,Generated test row 9136,todo,medium,2026-12-31,
Performance task 9137,Generated test row 9137,todo,medium,2026-12-31,
Performance task 9138,Generated test row 9138,in_progress,medium,2026-12-31,
Performance task 9139,Generated test row 9139,todo,medium,2026-12-31,
Performance task 9140,Generated test row 9140,todo,high,2026-12-31,
Performance task 9141,Generated test row 9141,in_progress,medium,2026-12-31,
Performance task 9142,Generated test row 9142,todo,medium,2026-12-31,
Performance task 9143,Generated test row 9143,todo,medium,2026-12-31,
Performance task 9144,Generated test row 9144,in_progress,medium,2026-12-31,
Performance task 9145,Generated test row 9145,todo,medium,2026-12-31,
Performance task 9146,Generated test row 9146,todo,medium,2026-12-31,
Performance task 9147,Generated test row 9147,in_progress,medium,2026-12-31,
Performance task 9148,Generated test row 9148,todo,medium,2026-12-31,
Performance task 9149,Generated test row 9149,todo,medium,2026-12-31,
Performance task 9150,Generated test row 9150,in_progress,high,2026-12-31,
Performance task 9151,Generated test row 9151,todo,medium,2026-12-31,
Performance task 9152,Generated test row 9152,todo,medium,2026-12-31,
Performance task 9153,Generated test row 9153,in_progress,medium,2026-12-31,
Performance task 9154,Generated test row 9154,todo,medium,2026-12-31,
Performance task 9155,Generated test row 9155,todo,medium,2026-12-31,
Performance task 9156,Generated test row 9156,in_progress,medium,2026-12-31,
Performance task 9157,Generated test row 9157,todo,medium,2026-12-31,
Performance task 9158,Generated test row 9158,todo,medium,2026-12-31,
Performance task 9159,Generated test row 9159,in_progress,medium,2026-12-31,
Performance task 9160,Generated test row 9160,todo,high,2026-12-31,
Performance task 9161,Generated test row 9161,todo,medium,2026-12-31,
Performance task 9162,Generated test row 9162,in_progress,medium,2026-12-31,
Performance task 9163,Generated test row 9163,todo,medium,2026-12-31,
Performance task 9164,Generated test row 9164,todo,medium,2026-12-31,
Performance task 9165,Generated test row 9165,in_progress,medium,2026-12-31,
Performance task 9166,Generated test row 9166,todo,medium,2026-12-31,
Performance task 9167,Generated test row 9167,todo,medium,2026-12-31,
Performance task 9168,Generated test row 9168,in_progress,medium,2026-12-31,
Performance task 9169,Generated test row 9169,todo,medium,2026-12-31,
Performance task 9170,Generated test row 9170,todo,high,2026-12-31,
Performance task 9171,Generated test row 9171,in_progress,medium,2026-12-31,
Performance task 9172,Generated test row 9172,todo,medium,2026-12-31,
Performance task 9173,Generated test row 9173,todo,medium,2026-12-31,
Performance task 9174,Generated test row 9174,in_progress,medium,2026-12-31,
Performance task 9175,Generated test row 9175,todo,medium,2026-12-31,
Performance task 9176,Generated test row 9176,todo,medium,2026-12-31,
Performance task 9177,Generated test row 9177,in_progress,medium,2026-12-31,
Performance task 9178,Generated test row 9178,todo,medium,2026-12-31,
Performance task 9179,Generated test row 9179,todo,medium,2026-12-31,
Performance task 9180,Generated test row 9180,in_progress,high,2026-12-31,
Performance task 9181,Generated test row 9181,todo,medium,2026-12-31,
Performance task 9182,Generated test row 9182,todo,medium,2026-12-31,
Performance task 9183,Generated test row 9183,in_progress,medium,2026-12-31,
Performance task 9184,Generated test row 9184,todo,medium,2026-12-31,
Performance task 9185,Generated test row 9185,todo,medium,2026-12-31,
Performance task 9186,Generated test row 9186,in_progress,medium,2026-12-31,
Performance task 9187,Generated test row 9187,todo,medium,2026-12-31,
Performance task 9188,Generated test row 9188,todo,medium,2026-12-31,
Performance task 9189,Generated test row 9189,in_progress,medium,2026-12-31,
Performance task 9190,Generated test row 9190,todo,high,2026-12-31,
Performance task 9191,Generated test row 9191,todo,medium,2026-12-31,
Performance task 9192,Generated test row 9192,in_progress,medium,2026-12-31,
Performance task 9193,Generated test row 9193,todo,medium,2026-12-31,
Performance task 9194,Generated test row 9194,todo,medium,2026-12-31,
Performance task 9195,Generated test row 9195,in_progress,medium,2026-12-31,
Performance task 9196,Generated test row 9196,todo,medium,2026-12-31,
Performance task 9197,Generated test row 9197,todo,medium,2026-12-31,
Performance task 9198,Generated test row 9198,in_progress,medium,2026-12-31,
Performance task 9199,Generated test row 9199,todo,medium,2026-12-31,
Performance task 9200,Generated test row 9200,invalid_status,high,2026-12-31,
Performance task 9201,Generated test row 9201,in_progress,medium,2026-12-31,
Performance task 9202,Generated test row 9202,todo,medium,2026-12-31,
Performance task 9203,Generated test row 9203,todo,medium,2026-12-31,
Performance task 9204,Generated test row 9204,in_progress,medium,2026-12-31,
Performance task 9205,Generated test row 9205,todo,medium,2026-12-31,
Performance task 9206,Generated test row 9206,todo,medium,2026-12-31,
Performance task 9207,Generated test row 9207,in_progress,medium,2026-12-31,
Performance task 9208,Generated test row 9208,todo,medium,2026-12-31,
Performance task 9209,Generated test row 9209,todo,medium,2026-12-31,
Performance task 9210,Generated test row 9210,in_progress,high,2026-12-31,
Performance task 9211,Generated test row 9211,todo,medium,2026-12-31,
Performance task 9212,Generated test row 9212,todo,medium,2026-12-31,
Performance task 9213,Generated test row 9213,in_progress,medium,2026-12-31,
Performance task 9214,Generated test row 9214,todo,medium,2026-12-31,
Performance task 9215,Generated test row 9215,todo,medium,2026-12-31,
Performance task 9216,Generated test row 9216,in_progress,medium,2026-12-31,
Performance task 9217,Generated test row 9217,todo,medium,2026-12-31,
Performance task 9218,Generated test row 9218,todo,medium,2026-12-31,
Performance task 9219,Generated test row 9219,in_progress,medium,2026-12-31,
Performance task 9220,Generated test row 9220,todo,high,2026-12-31,
Performance task 9221,Generated test row 9221,todo,medium,2026-12-31,
Performance task 9222,Generated test row 9222,in_progress,medium,2026-12-31,
Performance task 9223,Generated test row 9223,todo,medium,2026-12-31,
Performance task 9224,Generated test row 9224,todo,medium,2026-12-31,
Performance task 9225,Generated test row 9225,in_progress,medium,2026-12-31,
Performance task 9226,Generated test row 9226,todo,medium,2026-12-31,
Performance task 9227,Generated test row 9227,todo,medium,2026-12-31,
Performance task 9228,Generated test row 9228,in_progress,medium,2026-12-31,
Performance task 9229,Generated test row 9229,todo,medium,2026-12-31,
Performance task 9230,Generated test row 9230,todo,high,2026-12-31,
Performance task 9231,Generated test row 9231,in_progress,medium,2026-12-31,
Performance task 9232,Generated test row 9232,todo,medium,2026-12-31,
Performance task 9233,Generated test row 9233,todo,medium,2026-12-31,
Performance task 9234,Generated test row 9234,in_progress,medium,2026-12-31,
Performance task 9235,Generated test row 9235,todo,medium,2026-12-31,
Performance task 9236,Generated test row 9236,todo,medium,2026-12-31,
Performance task 9237,Generated test row 9237,in_progress,medium,2026-12-31,
Performance task 9238,Generated test row 9238,todo,medium,2026-12-31,
Performance task 9239,Generated test row 9239,todo,medium,2026-12-31,
Performance task 9240,Generated test row 9240,in_progress,high,2026-12-31,
Performance task 9241,Generated test row 9241,todo,medium,2026-12-31,
Performance task 9242,Generated test row 9242,todo,medium,2026-12-31,
Performance task 9243,Generated test row 9243,in_progress,medium,2026-12-31,
Performance task 9244,Generated test row 9244,todo,medium,2026-12-31,
Performance task 9245,Generated test row 9245,todo,medium,2026-12-31,
Performance task 9246,Generated test row 9246,in_progress,medium,2026-12-31,
Performance task 9247,Generated test row 9247,todo,medium,2026-12-31,
Performance task 9248,Generated test row 9248,todo,medium,2026-12-31,
Performance task 9249,Generated test row 9249,in_progress,medium,2026-12-31,
Performance task 9250,Generated test row 9250,todo,high,2026-12-31,
Performance task 9251,Generated test row 9251,todo,medium,2026-12-31,
Performance task 9252,Generated test row 9252,in_progress,medium,2026-12-31,
Performance task 9253,Generated test row 9253,todo,medium,2026-12-31,
Performance task 9254,Generated test row 9254,todo,medium,2026-12-31,
Performance task 9255,Generated test row 9255,in_progress,medium,2026-12-31,
Performance task 9256,Generated test row 9256,todo,medium,2026-12-31,
Performance task 9257,Generated test row 9257,todo,medium,2026-12-31,
Performance task 9258,Generated test row 9258,in_progress,medium,2026-12-31,
Performance task 9259,Generated test row 9259,todo,medium,2026-12-31,
Performance task 9260,Generated test row 9260,todo,high,2026-12-31,
Performance task 9261,Generated test row 9261,in_progress,medium,2026-12-31,
Performance task 9262,Generated test row 9262,todo,medium,2026-12-31,
Performance task 9263,Generated test row 9263,todo,medium,2026-12-31,
Performance task 9264,Generated test row 9264,in_progress,medium,2026-12-31,
Performance task 9265,Generated test row 9265,todo,medium,2026-12-31,
Performance task 9266,Generated test row 9266,todo,medium,2026-12-31,
Performance task 9267,Generated test row 9267,in_progress,medium,2026-12-31,
Performance task 9268,Generated test row 9268,todo,medium,2026-12-31,
Performance task 9269,Generated test row 9269,todo,medium,2026-12-31,
Performance task 9270,Generated test row 9270,in_progress,high,2026-12-31,
Performance task 9271,Generated test row 9271,todo,medium,2026-12-31,
Performance task 9272,Generated test row 9272,todo,medium,2026-12-31,
Performance task 9273,Generated test row 9273,in_progress,medium,2026-12-31,
Performance task 9274,Generated test row 9274,todo,medium,2026-12-31,
Performance task 9275,Generated test row 9275,todo,medium,2026-12-31,
Performance task 9276,Generated test row 9276,in_progress,medium,2026-12-31,
Performance task 9277,Generated test row 9277,todo,medium,2026-12-31,
Performance task 9278,Generated test row 9278,todo,medium,2026-12-31,
Performance task 9279,Generated test row 9279,in_progress,medium,2026-12-31,
Performance task 9280,Generated test row 9280,todo,high,2026-12-31,
Performance task 9281,Generated test row 9281,todo,medium,2026-12-31,
Performance task 9282,Generated test row 9282,in_progress,medium,2026-12-31,
Performance task 9283,Generated test row 9283,todo,medium,2026-12-31,
Performance task 9284,Generated test row 9284,todo,medium,2026-12-31,
Performance task 9285,Generated test row 9285,in_progress,medium,2026-12-31,
Performance task 9286,Generated test row 9286,todo,medium,2026-12-31,
Performance task 9287,Generated test row 9287,todo,medium,2026-12-31,
Performance task 9288,Generated test row 9288,in_progress,medium,2026-12-31,
Performance task 9289,Generated test row 9289,todo,medium,2026-12-31,
Performance task 9290,Generated test row 9290,todo,high,2026-12-31,
Performance task 9291,Generated test row 9291,in_progress,medium,2026-12-31,
Performance task 9292,Generated test row 9292,todo,medium,2026-12-31,
Performance task 9293,Generated test row 9293,todo,medium,2026-12-31,
Performance task 9294,Generated test row 9294,in_progress,medium,2026-12-31,
Performance task 9295,Generated test row 9295,todo,medium,2026-12-31,
Performance task 9296,Generated test row 9296,todo,medium,2026-12-31,
Performance task 9297,Generated test row 9297,in_progress,medium,2026-12-31,
Performance task 9298,Generated test row 9298,todo,medium,2026-12-31,
Performance task 9299,Generated test row 9299,todo,medium,2026-12-31,
Performance task 9300,Generated test row 9300,invalid_status,high,2026-12-31,
Performance task 9301,Generated test row 9301,todo,medium,2026-12-31,
Performance task 9302,Generated test row 9302,todo,medium,2026-12-31,
Performance task 9303,Generated test row 9303,in_progress,medium,2026-12-31,
Performance task 9304,Generated test row 9304,todo,medium,2026-12-31,
Performance task 9305,Generated test row 9305,todo,medium,2026-12-31,
Performance task 9306,Generated test row 9306,in_progress,medium,2026-12-31,
Performance task 9307,Generated test row 9307,todo,medium,2026-12-31,
Performance task 9308,Generated test row 9308,todo,medium,2026-12-31,
Performance task 9309,Generated test row 9309,in_progress,medium,2026-12-31,
Performance task 9310,Generated test row 9310,todo,high,2026-12-31,
Performance task 9311,Generated test row 9311,todo,medium,2026-12-31,
Performance task 9312,Generated test row 9312,in_progress,medium,2026-12-31,
Performance task 9313,Generated test row 9313,todo,medium,2026-12-31,
Performance task 9314,Generated test row 9314,todo,medium,2026-12-31,
Performance task 9315,Generated test row 9315,in_progress,medium,2026-12-31,
Performance task 9316,Generated test row 9316,todo,medium,2026-12-31,
Performance task 9317,Generated test row 9317,todo,medium,2026-12-31,
Performance task 9318,Generated test row 9318,in_progress,medium,2026-12-31,
Performance task 9319,Generated test row 9319,todo,medium,2026-12-31,
Performance task 9320,Generated test row 9320,todo,high,2026-12-31,
Performance task 9321,Generated test row 9321,in_progress,medium,2026-12-31,
Performance task 9322,Generated test row 9322,todo,medium,2026-12-31,
Performance task 9323,Generated test row 9323,todo,medium,2026-12-31,
Performance task 9324,Generated test row 9324,in_progress,medium,2026-12-31,
Performance task 9325,Generated test row 9325,todo,medium,2026-12-31,
Performance task 9326,Generated test row 9326,todo,medium,2026-12-31,
Performance task 9327,Generated test row 9327,in_progress,medium,2026-12-31,
Performance task 9328,Generated test row 9328,todo,medium,2026-12-31,
Performance task 9329,Generated test row 9329,todo,medium,2026-12-31,
Performance task 9330,Generated test row 9330,in_progress,high,2026-12-31,
Performance task 9331,Generated test row 9331,todo,medium,2026-12-31,
Performance task 9332,Generated test row 9332,todo,medium,2026-12-31,
Performance task 9333,Generated test row 9333,in_progress,medium,2026-12-31,
Performance task 9334,Generated test row 9334,todo,medium,2026-12-31,
Performance task 9335,Generated test row 9335,todo,medium,2026-12-31,
Performance task 9336,Generated test row 9336,in_progress,medium,2026-12-31,
Performance task 9337,Generated test row 9337,todo,medium,2026-12-31,
Performance task 9338,Generated test row 9338,todo,medium,2026-12-31,
Performance task 9339,Generated test row 9339,in_progress,medium,2026-12-31,
Performance task 9340,Generated test row 9340,todo,high,2026-12-31,
Performance task 9341,Generated test row 9341,todo,medium,2026-12-31,
Performance task 9342,Generated test row 9342,in_progress,medium,2026-12-31,
Performance task 9343,Generated test row 9343,todo,medium,2026-12-31,
Performance task 9344,Generated test row 9344,todo,medium,2026-12-31,
Performance task 9345,Generated test row 9345,in_progress,medium,2026-12-31,
Performance task 9346,Generated test row 9346,todo,medium,2026-12-31,
Performance task 9347,Generated test row 9347,todo,medium,2026-12-31,
Performance task 9348,Generated test row 9348,in_progress,medium,2026-12-31,
Performance task 9349,Generated test row 9349,todo,medium,2026-12-31,
Performance task 9350,Generated test row 9350,todo,high,2026-12-31,
Performance task 9351,Generated test row 9351,in_progress,medium,2026-12-31,
Performance task 9352,Generated test row 9352,todo,medium,2026-12-31,
Performance task 9353,Generated test row 9353,todo,medium,2026-12-31,
Performance task 9354,Generated test row 9354,in_progress,medium,2026-12-31,
Performance task 9355,Generated test row 9355,todo,medium,2026-12-31,
Performance task 9356,Generated test row 9356,todo,medium,2026-12-31,
Performance task 9357,Generated test row 9357,in_progress,medium,2026-12-31,
Performance task 9358,Generated test row 9358,todo,medium,2026-12-31,
Performance task 9359,Generated test row 9359,todo,medium,2026-12-31,
Performance task 9360,Generated test row 9360,in_progress,high,2026-12-31,
Performance task 9361,Generated test row 9361,todo,medium,2026-12-31,
Performance task 9362,Generated test row 9362,todo,medium,2026-12-31,
Performance task 9363,Generated test row 9363,in_progress,medium,2026-12-31,
Performance task 9364,Generated test row 9364,todo,medium,2026-12-31,
Performance task 9365,Generated test row 9365,todo,medium,2026-12-31,
Performance task 9366,Generated test row 9366,in_progress,medium,2026-12-31,
Performance task 9367,Generated test row 9367,todo,medium,2026-12-31,
Performance task 9368,Generated test row 9368,todo,medium,2026-12-31,
Performance task 9369,Generated test row 9369,in_progress,medium,2026-12-31,
Performance task 9370,Generated test row 9370,todo,high,2026-12-31,
Performance task 9371,Generated test row 9371,todo,medium,2026-12-31,
Performance task 9372,Generated test row 9372,in_progress,medium,2026-12-31,
Performance task 9373,Generated test row 9373,todo,medium,2026-12-31,
Performance task 9374,Generated test row 9374,todo,medium,2026-12-31,
Performance task 9375,Generated test row 9375,in_progress,medium,2026-12-31,
Performance task 9376,Generated test row 9376,todo,medium,2026-12-31,
Performance task 9377,Generated test row 9377,todo,medium,2026-12-31,
Performance task 9378,Generated test row 9378,in_progress,medium,2026-12-31,
Performance task 9379,Generated test row 9379,todo,medium,2026-12-31,
Performance task 9380,Generated test row 9380,todo,high,2026-12-31,
Performance task 9381,Generated test row 9381,in_progress,medium,2026-12-31,
Performance task 9382,Generated test row 9382,todo,medium,2026-12-31,
Performance task 9383,Generated test row 9383,todo,medium,2026-12-31,
Performance task 9384,Generated test row 9384,in_progress,medium,2026-12-31,
Performance task 9385,Generated test row 9385,todo,medium,2026-12-31,
Performance task 9386,Generated test row 9386,todo,medium,2026-12-31,
Performance task 9387,Generated test row 9387,in_progress,medium,2026-12-31,
Performance task 9388,Generated test row 9388,todo,medium,2026-12-31,
Performance task 9389,Generated test row 9389,todo,medium,2026-12-31,
Performance task 9390,Generated test row 9390,in_progress,high,2026-12-31,
Performance task 9391,Generated test row 9391,todo,medium,2026-12-31,
Performance task 9392,Generated test row 9392,todo,medium,2026-12-31,
Performance task 9393,Generated test row 9393,in_progress,medium,2026-12-31,
Performance task 9394,Generated test row 9394,todo,medium,2026-12-31,
Performance task 9395,Generated test row 9395,todo,medium,2026-12-31,
Performance task 9396,Generated test row 9396,in_progress,medium,2026-12-31,
Performance task 9397,Generated test row 9397,todo,medium,2026-12-31,
Performance task 9398,Generated test row 9398,todo,medium,2026-12-31,
Performance task 9399,Generated test row 9399,in_progress,medium,2026-12-31,
Performance task 9400,Generated test row 9400,invalid_status,high,2026-12-31,
Performance task 9401,Generated test row 9401,todo,medium,2026-12-31,
Performance task 9402,Generated test row 9402,in_progress,medium,2026-12-31,
Performance task 9403,Generated test row 9403,todo,medium,2026-12-31,
Performance task 9404,Generated test row 9404,todo,medium,2026-12-31,
Performance task 9405,Generated test row 9405,in_progress,medium,2026-12-31,
Performance task 9406,Generated test row 9406,todo,medium,2026-12-31,
Performance task 9407,Generated test row 9407,todo,medium,2026-12-31,
Performance task 9408,Generated test row 9408,in_progress,medium,2026-12-31,
Performance task 9409,Generated test row 9409,todo,medium,2026-12-31,
Performance task 9410,Generated test row 9410,todo,high,2026-12-31,
Performance task 9411,Generated test row 9411,in_progress,medium,2026-12-31,
Performance task 9412,Generated test row 9412,todo,medium,2026-12-31,
Performance task 9413,Generated test row 9413,todo,medium,2026-12-31,
Performance task 9414,Generated test row 9414,in_progress,medium,2026-12-31,
Performance task 9415,Generated test row 9415,todo,medium,2026-12-31,
Performance task 9416,Generated test row 9416,todo,medium,2026-12-31,
Performance task 9417,Generated test row 9417,in_progress,medium,2026-12-31,
Performance task 9418,Generated test row 9418,todo,medium,2026-12-31,
Performance task 9419,Generated test row 9419,todo,medium,2026-12-31,
Performance task 9420,Generated test row 9420,in_progress,high,2026-12-31,
Performance task 9421,Generated test row 9421,todo,medium,2026-12-31,
Performance task 9422,Generated test row 9422,todo,medium,2026-12-31,
Performance task 9423,Generated test row 9423,in_progress,medium,2026-12-31,
Performance task 9424,Generated test row 9424,todo,medium,2026-12-31,
Performance task 9425,Generated test row 9425,todo,medium,2026-12-31,
Performance task 9426,Generated test row 9426,in_progress,medium,2026-12-31,
Performance task 9427,Generated test row 9427,todo,medium,2026-12-31,
Performance task 9428,Generated test row 9428,todo,medium,2026-12-31,
Performance task 9429,Generated test row 9429,in_progress,medium,2026-12-31,
Performance task 9430,Generated test row 9430,todo,high,2026-12-31,
Performance task 9431,Generated test row 9431,todo,medium,2026-12-31,
Performance task 9432,Generated test row 9432,in_progress,medium,2026-12-31,
Performance task 9433,Generated test row 9433,todo,medium,2026-12-31,
Performance task 9434,Generated test row 9434,todo,medium,2026-12-31,
Performance task 9435,Generated test row 9435,in_progress,medium,2026-12-31,
Performance task 9436,Generated test row 9436,todo,medium,2026-12-31,
Performance task 9437,Generated test row 9437,todo,medium,2026-12-31,
Performance task 9438,Generated test row 9438,in_progress,medium,2026-12-31,
Performance task 9439,Generated test row 9439,todo,medium,2026-12-31,
Performance task 9440,Generated test row 9440,todo,high,2026-12-31,
Performance task 9441,Generated test row 9441,in_progress,medium,2026-12-31,
Performance task 9442,Generated test row 9442,todo,medium,2026-12-31,
Performance task 9443,Generated test row 9443,todo,medium,2026-12-31,
Performance task 9444,Generated test row 9444,in_progress,medium,2026-12-31,
Performance task 9445,Generated test row 9445,todo,medium,2026-12-31,
Performance task 9446,Generated test row 9446,todo,medium,2026-12-31,
Performance task 9447,Generated test row 9447,in_progress,medium,2026-12-31,
Performance task 9448,Generated test row 9448,todo,medium,2026-12-31,
Performance task 9449,Generated test row 9449,todo,medium,2026-12-31,
Performance task 9450,Generated test row 9450,in_progress,high,2026-12-31,
Performance task 9451,Generated test row 9451,todo,medium,2026-12-31,
Performance task 9452,Generated test row 9452,todo,medium,2026-12-31,
Performance task 9453,Generated test row 9453,in_progress,medium,2026-12-31,
Performance task 9454,Generated test row 9454,todo,medium,2026-12-31,
Performance task 9455,Generated test row 9455,todo,medium,2026-12-31,
Performance task 9456,Generated test row 9456,in_progress,medium,2026-12-31,
Performance task 9457,Generated test row 9457,todo,medium,2026-12-31,
Performance task 9458,Generated test row 9458,todo,medium,2026-12-31,
Performance task 9459,Generated test row 9459,in_progress,medium,2026-12-31,
Performance task 9460,Generated test row 9460,todo,high,2026-12-31,
Performance task 9461,Generated test row 9461,todo,medium,2026-12-31,
Performance task 9462,Generated test row 9462,in_progress,medium,2026-12-31,
Performance task 9463,Generated test row 9463,todo,medium,2026-12-31,
Performance task 9464,Generated test row 9464,todo,medium,2026-12-31,
Performance task 9465,Generated test row 9465,in_progress,medium,2026-12-31,
Performance task 9466,Generated test row 9466,todo,medium,2026-12-31,
Performance task 9467,Generated test row 9467,todo,medium,2026-12-31,
Performance task 9468,Generated test row 9468,in_progress,medium,2026-12-31,
Performance task 9469,Generated test row 9469,todo,medium,2026-12-31,
Performance task 9470,Generated test row 9470,todo,high,2026-12-31,
Performance task 9471,Generated test row 9471,in_progress,medium,2026-12-31,
Performance task 9472,Generated test row 9472,todo,medium,2026-12-31,
Performance task 9473,Generated test row 9473,todo,medium,2026-12-31,
Performance task 9474,Generated test row 9474,in_progress,medium,2026-12-31,
Performance task 9475,Generated test row 9475,todo,medium,2026-12-31,
Performance task 9476,Generated test row 9476,todo,medium,2026-12-31,
Performance task 9477,Generated test row 9477,in_progress,medium,2026-12-31,
Performance task 9478,Generated test row 9478,todo,medium,2026-12-31,
Performance task 9479,Generated test row 9479,todo,medium,2026-12-31,
Performance task 9480,Generated test row 9480,in_progress,high,2026-12-31,
Performance task 9481,Generated test row 9481,todo,medium,2026-12-31,
Performance task 9482,Generated test row 9482,todo,medium,2026-12-31,
Performance task 9483,Generated test row 9483,in_progress,medium,2026-12-31,
Performance task 9484,Generated test row 9484,todo,medium,2026-12-31,
Performance task 9485,Generated test row 9485,todo,medium,2026-12-31,
Performance task 9486,Generated test row 9486,in_progress,medium,2026-12-31,
Performance task 9487,Generated test row 9487,todo,medium,2026-12-31,
Performance task 9488,Generated test row 9488,todo,medium,2026-12-31,
Performance task 9489,Generated test row 9489,in_progress,medium,2026-12-31,
Performance task 9490,Generated test row 9490,todo,high,2026-12-31,
Performance task 9491,Generated test row 9491,todo,medium,2026-12-31,
Performance task 9492,Generated test row 9492,in_progress,medium,2026-12-31,
Performance task 9493,Generated test row 9493,todo,medium,2026-12-31,
Performance task 9494,Generated test row 9494,todo,medium,2026-12-31,
Performance task 9495,Generated test row 9495,in_progress,medium,2026-12-31,
Performance task 9496,Generated test row 9496,todo,medium,2026-12-31,
Performance task 9497,Generated test row 9497,todo,medium,2026-12-31,
Performance task 9498,Generated test row 9498,in_progress,medium,2026-12-31,
Performance task 9499,Generated test row 9499,todo,medium,2026-12-31,
Performance task 9500,Generated test row 9500,invalid_status,high,2026-12-31,
Performance task 9501,Generated test row 9501,in_progress,medium,2026-12-31,
Performance task 9502,Generated test row 9502,todo,medium,2026-12-31,
Performance task 9503,Generated test row 9503,todo,medium,2026-12-31,
Performance task 9504,Generated test row 9504,in_progress,medium,2026-12-31,
Performance task 9505,Generated test row 9505,todo,medium,2026-12-31,
Performance task 9506,Generated test row 9506,todo,medium,2026-12-31,
Performance task 9507,Generated test row 9507,in_progress,medium,2026-12-31,
Performance task 9508,Generated test row 9508,todo,medium,2026-12-31,
Performance task 9509,Generated test row 9509,todo,medium,2026-12-31,
Performance task 9510,Generated test row 9510,in_progress,high,2026-12-31,
Performance task 9511,Generated test row 9511,todo,medium,2026-12-31,
Performance task 9512,Generated test row 9512,todo,medium,2026-12-31,
Performance task 9513,Generated test row 9513,in_progress,medium,2026-12-31,
Performance task 9514,Generated test row 9514,todo,medium,2026-12-31,
Performance task 9515,Generated test row 9515,todo,medium,2026-12-31,
Performance task 9516,Generated test row 9516,in_progress,medium,2026-12-31,
Performance task 9517,Generated test row 9517,todo,medium,2026-12-31,
Performance task 9518,Generated test row 9518,todo,medium,2026-12-31,
Performance task 9519,Generated test row 9519,in_progress,medium,2026-12-31,
Performance task 9520,Generated test row 9520,todo,high,2026-12-31,
Performance task 9521,Generated test row 9521,todo,medium,2026-12-31,
Performance task 9522,Generated test row 9522,in_progress,medium,2026-12-31,
Performance task 9523,Generated test row 9523,todo,medium,2026-12-31,
Performance task 9524,Generated test row 9524,todo,medium,2026-12-31,
Performance task 9525,Generated test row 9525,in_progress,medium,2026-12-31,
Performance task 9526,Generated test row 9526,todo,medium,2026-12-31,
Performance task 9527,Generated test row 9527,todo,medium,2026-12-31,
Performance task 9528,Generated test row 9528,in_progress,medium,2026-12-31,
Performance task 9529,Generated test row 9529,todo,medium,2026-12-31,
Performance task 9530,Generated test row 9530,todo,high,2026-12-31,
Performance task 9531,Generated test row 9531,in_progress,medium,2026-12-31,
Performance task 9532,Generated test row 9532,todo,medium,2026-12-31,
Performance task 9533,Generated test row 9533,todo,medium,2026-12-31,
Performance task 9534,Generated test row 9534,in_progress,medium,2026-12-31,
Performance task 9535,Generated test row 9535,todo,medium,2026-12-31,
Performance task 9536,Generated test row 9536,todo,medium,2026-12-31,
Performance task 9537,Generated test row 9537,in_progress,medium,2026-12-31,
Performance task 9538,Generated test row 9538,todo,medium,2026-12-31,
Performance task 9539,Generated test row 9539,todo,medium,2026-12-31,
Performance task 9540,Generated test row 9540,in_progress,high,2026-12-31,
Performance task 9541,Generated test row 9541,todo,medium,2026-12-31,
Performance task 9542,Generated test row 9542,todo,medium,2026-12-31,
Performance task 9543,Generated test row 9543,in_progress,medium,2026-12-31,
Performance task 9544,Generated test row 9544,todo,medium,2026-12-31,
Performance task 9545,Generated test row 9545,todo,medium,2026-12-31,
Performance task 9546,Generated test row 9546,in_progress,medium,2026-12-31,
Performance task 9547,Generated test row 9547,todo,medium,2026-12-31,
Performance task 9548,Generated test row 9548,todo,medium,2026-12-31,
Performance task 9549,Generated test row 9549,in_progress,medium,2026-12-31,
Performance task 9550,Generated test row 9550,todo,high,2026-12-31,
Performance task 9551,Generated test row 9551,todo,medium,2026-12-31,
Performance task 9552,Generated test row 9552,in_progress,medium,2026-12-31,
Performance task 9553,Generated test row 9553,todo,medium,2026-12-31,
Performance task 9554,Generated test row 9554,todo,medium,2026-12-31,
Performance task 9555,Generated test row 9555,in_progress,medium,2026-12-31,
Performance task 9556,Generated test row 9556,todo,medium,2026-12-31,
Performance task 9557,Generated test row 9557,todo,medium,2026-12-31,
Performance task 9558,Generated test row 9558,in_progress,medium,2026-12-31,
Performance task 9559,Generated test row 9559,todo,medium,2026-12-31,
Performance task 9560,Generated test row 9560,todo,high,2026-12-31,
Performance task 9561,Generated test row 9561,in_progress,medium,2026-12-31,
Performance task 9562,Generated test row 9562,todo,medium,2026-12-31,
Performance task 9563,Generated test row 9563,todo,medium,2026-12-31,
Performance task 9564,Generated test row 9564,in_progress,medium,2026-12-31,
Performance task 9565,Generated test row 9565,todo,medium,2026-12-31,
Performance task 9566,Generated test row 9566,todo,medium,2026-12-31,
Performance task 9567,Generated test row 9567,in_progress,medium,2026-12-31,
Performance task 9568,Generated test row 9568,todo,medium,2026-12-31,
Performance task 9569,Generated test row 9569,todo,medium,2026-12-31,
Performance task 9570,Generated test row 9570,in_progress,high,2026-12-31,
Performance task 9571,Generated test row 9571,todo,medium,2026-12-31,
Performance task 9572,Generated test row 9572,todo,medium,2026-12-31,
Performance task 9573,Generated test row 9573,in_progress,medium,2026-12-31,
Performance task 9574,Generated test row 9574,todo,medium,2026-12-31,
Performance task 9575,Generated test row 9575,todo,medium,2026-12-31,
Performance task 9576,Generated test row 9576,in_progress,medium,2026-12-31,
Performance task 9577,Generated test row 9577,todo,medium,2026-12-31,
Performance task 9578,Generated test row 9578,todo,medium,2026-12-31,
Performance task 9579,Generated test row 9579,in_progress,medium,2026-12-31,
Performance task 9580,Generated test row 9580,todo,high,2026-12-31,
Performance task 9581,Generated test row 9581,todo,medium,2026-12-31,
Performance task 9582,Generated test row 9582,in_progress,medium,2026-12-31,
Performance task 9583,Generated test row 9583,todo,medium,2026-12-31,
Performance task 9584,Generated test row 9584,todo,medium,2026-12-31,
Performance task 9585,Generated test row 9585,in_progress,medium,2026-12-31,
Performance task 9586,Generated test row 9586,todo,medium,2026-12-31,
Performance task 9587,Generated test row 9587,todo,medium,2026-12-31,
Performance task 9588,Generated test row 9588,in_progress,medium,2026-12-31,
Performance task 9589,Generated test row 9589,todo,medium,2026-12-31,
Performance task 9590,Generated test row 9590,todo,high,2026-12-31,
Performance task 9591,Generated test row 9591,in_progress,medium,2026-12-31,
Performance task 9592,Generated test row 9592,todo,medium,2026-12-31,
Performance task 9593,Generated test row 9593,todo,medium,2026-12-31,
Performance task 9594,Generated test row 9594,in_progress,medium,2026-12-31,
Performance task 9595,Generated test row 9595,todo,medium,2026-12-31,
Performance task 9596,Generated test row 9596,todo,medium,2026-12-31,
Performance task 9597,Generated test row 9597,in_progress,medium,2026-12-31,
Performance task 9598,Generated test row 9598,todo,medium,2026-12-31,
Performance task 9599,Generated test row 9599,todo,medium,2026-12-31,
Performance task 9600,Generated test row 9600,invalid_status,high,2026-12-31,
Performance task 9601,Generated test row 9601,todo,medium,2026-12-31,
Performance task 9602,Generated test row 9602,todo,medium,2026-12-31,
Performance task 9603,Generated test row 9603,in_progress,medium,2026-12-31,
Performance task 9604,Generated test row 9604,todo,medium,2026-12-31,
Performance task 9605,Generated test row 9605,todo,medium,2026-12-31,
Performance task 9606,Generated test row 9606,in_progress,medium,2026-12-31,
Performance task 9607,Generated test row 9607,todo,medium,2026-12-31,
Performance task 9608,Generated test row 9608,todo,medium,2026-12-31,
Performance task 9609,Generated test row 9609,in_progress,medium,2026-12-31,
Performance task 9610,Generated test row 9610,todo,high,2026-12-31,
Performance task 9611,Generated test row 9611,todo,medium,2026-12-31,
Performance task 9612,Generated test row 9612,in_progress,medium,2026-12-31,
Performance task 9613,Generated test row 9613,todo,medium,2026-12-31,
Performance task 9614,Generated test row 9614,todo,medium,2026-12-31,
Performance task 9615,Generated test row 9615,in_progress,medium,2026-12-31,
Performance task 9616,Generated test row 9616,todo,medium,2026-12-31,
Performance task 9617,Generated test row 9617,todo,medium,2026-12-31,
Performance task 9618,Generated test row 9618,in_progress,medium,2026-12-31,
Performance task 9619,Generated test row 9619,todo,medium,2026-12-31,
Performance task 9620,Generated test row 9620,todo,high,2026-12-31,
Performance task 9621,Generated test row 9621,in_progress,medium,2026-12-31,
Performance task 9622,Generated test row 9622,todo,medium,2026-12-31,
Performance task 9623,Generated test row 9623,todo,medium,2026-12-31,
Performance task 9624,Generated test row 9624,in_progress,medium,2026-12-31,
Performance task 9625,Generated test row 9625,todo,medium,2026-12-31,
Performance task 9626,Generated test row 9626,todo,medium,2026-12-31,
Performance task 9627,Generated test row 9627,in_progress,medium,2026-12-31,
Performance task 9628,Generated test row 9628,todo,medium,2026-12-31,
Performance task 9629,Generated test row 9629,todo,medium,2026-12-31,
Performance task 9630,Generated test row 9630,in_progress,high,2026-12-31,
Performance task 9631,Generated test row 9631,todo,medium,2026-12-31,
Performance task 9632,Generated test row 9632,todo,medium,2026-12-31,
Performance task 9633,Generated test row 9633,in_progress,medium,2026-12-31,
Performance task 9634,Generated test row 9634,todo,medium,2026-12-31,
Performance task 9635,Generated test row 9635,todo,medium,2026-12-31,
Performance task 9636,Generated test row 9636,in_progress,medium,2026-12-31,
Performance task 9637,Generated test row 9637,todo,medium,2026-12-31,
Performance task 9638,Generated test row 9638,todo,medium,2026-12-31,
Performance task 9639,Generated test row 9639,in_progress,medium,2026-12-31,
Performance task 9640,Generated test row 9640,todo,high,2026-12-31,
Performance task 9641,Generated test row 9641,todo,medium,2026-12-31,
Performance task 9642,Generated test row 9642,in_progress,medium,2026-12-31,
Performance task 9643,Generated test row 9643,todo,medium,2026-12-31,
Performance task 9644,Generated test row 9644,todo,medium,2026-12-31,
Performance task 9645,Generated test row 9645,in_progress,medium,2026-12-31,
Performance task 9646,Generated test row 9646,todo,medium,2026-12-31,
Performance task 9647,Generated test row 9647,todo,medium,2026-12-31,
Performance task 9648,Generated test row 9648,in_progress,medium,2026-12-31,
Performance task 9649,Generated test row 9649,todo,medium,2026-12-31,
Performance task 9650,Generated test row 9650,todo,high,2026-12-31,
Performance task 9651,Generated test row 9651,in_progress,medium,2026-12-31,
Performance task 9652,Generated test row 9652,todo,medium,2026-12-31,
Performance task 9653,Generated test row 9653,todo,medium,2026-12-31,
Performance task 9654,Generated test row 9654,in_progress,medium,2026-12-31,
Performance task 9655,Generated test row 9655,todo,medium,2026-12-31,
Performance task 9656,Generated test row 9656,todo,medium,2026-12-31,
Performance task 9657,Generated test row 9657,in_progress,medium,2026-12-31,
Performance task 9658,Generated test row 9658,todo,medium,2026-12-31,
Performance task 9659,Generated test row 9659,todo,medium,2026-12-31,
Performance task 9660,Generated test row 9660,in_progress,high,2026-12-31,
Performance task 9661,Generated test row 9661,todo,medium,2026-12-31,
Performance task 9662,Generated test row 9662,todo,medium,2026-12-31,
Performance task 9663,Generated test row 9663,in_progress,medium,2026-12-31,
Performance task 9664,Generated test row 9664,todo,medium,2026-12-31,
Performance task 9665,Generated test row 9665,todo,medium,2026-12-31,
Performance task 9666,Generated test row 9666,in_progress,medium,2026-12-31,
Performance task 9667,Generated test row 9667,todo,medium,2026-12-31,
Performance task 9668,Generated test row 9668,todo,medium,2026-12-31,
Performance task 9669,Generated test row 9669,in_progress,medium,2026-12-31,
Performance task 9670,Generated test row 9670,todo,high,2026-12-31,
Performance task 9671,Generated test row 9671,todo,medium,2026-12-31,
Performance task 9672,Generated test row 9672,in_progress,medium,2026-12-31,
Performance task 9673,Generated test row 9673,todo,medium,2026-12-31,
Performance task 9674,Generated test row 9674,todo,medium,2026-12-31,
Performance task 9675,Generated test row 9675,in_progress,medium,2026-12-31,
Performance task 9676,Generated test row 9676,todo,medium,2026-12-31,
Performance task 9677,Generated test row 9677,todo,medium,2026-12-31,
Performance task 9678,Generated test row 9678,in_progress,medium,2026-12-31,
Performance task 9679,Generated test row 9679,todo,medium,2026-12-31,
Performance task 9680,Generated test row 9680,todo,high,2026-12-31,
Performance task 9681,Generated test row 9681,in_progress,medium,2026-12-31,
Performance task 9682,Generated test row 9682,todo,medium,2026-12-31,
Performance task 9683,Generated test row 9683,todo,medium,2026-12-31,
Performance task 9684,Generated test row 9684,in_progress,medium,2026-12-31,
Performance task 9685,Generated test row 9685,todo,medium,2026-12-31,
Performance task 9686,Generated test row 9686,todo,medium,2026-12-31,
Performance task 9687,Generated test row 9687,in_progress,medium,2026-12-31,
Performance task 9688,Generated test row 9688,todo,medium,2026-12-31,
Performance task 9689,Generated test row 9689,todo,medium,2026-12-31,
Performance task 9690,Generated test row 9690,in_progress,high,2026-12-31,
Performance task 9691,Generated test row 9691,todo,medium,2026-12-31,
Performance task 9692,Generated test row 9692,todo,medium,2026-12-31,
Performance task 9693,Generated test row 9693,in_progress,medium,2026-12-31,
Performance task 9694,Generated test row 9694,todo,medium,2026-12-31,
Performance task 9695,Generated test row 9695,todo,medium,2026-12-31,
Performance task 9696,Generated test row 9696,in_progress,medium,2026-12-31,
Performance task 9697,Generated test row 9697,todo,medium,2026-12-31,
Performance task 9698,Generated test row 9698,todo,medium,2026-12-31,
Performance task 9699,Generated test row 9699,in_progress,medium,2026-12-31,
Performance task 9700,Generated test row 9700,invalid_status,high,2026-12-31,
Performance task 9701,Generated test row 9701,todo,medium,2026-12-31,
Performance task 9702,Generated test row 9702,in_progress,medium,2026-12-31,
Performance task 9703,Generated test row 9703,todo,medium,2026-12-31,
Performance task 9704,Generated test row 9704,todo,medium,2026-12-31,
Performance task 9705,Generated test row 9705,in_progress,medium,2026-12-31,
Performance task 9706,Generated test row 9706,todo,medium,2026-12-31,
Performance task 9707,Generated test row 9707,todo,medium,2026-12-31,
Performance task 9708,Generated test row 9708,in_progress,medium,2026-12-31,
Performance task 9709,Generated test row 9709,todo,medium,2026-12-31,
Performance task 9710,Generated test row 9710,todo,high,2026-12-31,
Performance task 9711,Generated test row 9711,in_progress,medium,2026-12-31,
Performance task 9712,Generated test row 9712,todo,medium,2026-12-31,
Performance task 9713,Generated test row 9713,todo,medium,2026-12-31,
Performance task 9714,Generated test row 9714,in_progress,medium,2026-12-31,
Performance task 9715,Generated test row 9715,todo,medium,2026-12-31,
Performance task 9716,Generated test row 9716,todo,medium,2026-12-31,
Performance task 9717,Generated test row 9717,in_progress,medium,2026-12-31,
Performance task 9718,Generated test row 9718,todo,medium,2026-12-31,
Performance task 9719,Generated test row 9719,todo,medium,2026-12-31,
Performance task 9720,Generated test row 9720,in_progress,high,2026-12-31,
Performance task 9721,Generated test row 9721,todo,medium,2026-12-31,
Performance task 9722,Generated test row 9722,todo,medium,2026-12-31,
Performance task 9723,Generated test row 9723,in_progress,medium,2026-12-31,
Performance task 9724,Generated test row 9724,todo,medium,2026-12-31,
Performance task 9725,Generated test row 9725,todo,medium,2026-12-31,
Performance task 9726,Generated test row 9726,in_progress,medium,2026-12-31,
Performance task 9727,Generated test row 9727,todo,medium,2026-12-31,
Performance task 9728,Generated test row 9728,todo,medium,2026-12-31,
Performance task 9729,Generated test row 9729,in_progress,medium,2026-12-31,
Performance task 9730,Generated test row 9730,todo,high,2026-12-31,
Performance task 9731,Generated test row 9731,todo,medium,2026-12-31,
Performance task 9732,Generated test row 9732,in_progress,medium,2026-12-31,
Performance task 9733,Generated test row 9733,todo,medium,2026-12-31,
Performance task 9734,Generated test row 9734,todo,medium,2026-12-31,
Performance task 9735,Generated test row 9735,in_progress,medium,2026-12-31,
Performance task 9736,Generated test row 9736,todo,medium,2026-12-31,
Performance task 9737,Generated test row 9737,todo,medium,2026-12-31,
Performance task 9738,Generated test row 9738,in_progress,medium,2026-12-31,
Performance task 9739,Generated test row 9739,todo,medium,2026-12-31,
Performance task 9740,Generated test row 9740,todo,high,2026-12-31,
Performance task 9741,Generated test row 9741,in_progress,medium,2026-12-31,
Performance task 9742,Generated test row 9742,todo,medium,2026-12-31,
Performance task 9743,Generated test row 9743,todo,medium,2026-12-31,
Performance task 9744,Generated test row 9744,in_progress,medium,2026-12-31,
Performance task 9745,Generated test row 9745,todo,medium,2026-12-31,
Performance task 9746,Generated test row 9746,todo,medium,2026-12-31,
Performance task 9747,Generated test row 9747,in_progress,medium,2026-12-31,
Performance task 9748,Generated test row 9748,todo,medium,2026-12-31,
Performance task 9749,Generated test row 9749,todo,medium,2026-12-31,
Performance task 9750,Generated test row 9750,in_progress,high,2026-12-31,
Performance task 9751,Generated test row 9751,todo,medium,2026-12-31,
Performance task 9752,Generated test row 9752,todo,medium,2026-12-31,
Performance task 9753,Generated test row 9753,in_progress,medium,2026-12-31,
Performance task 9754,Generated test row 9754,todo,medium,2026-12-31,
Performance task 9755,Generated test row 9755,todo,medium,2026-12-31,
Performance task 9756,Generated test row 9756,in_progress,medium,2026-12-31,
Performance task 9757,Generated test row 9757,todo,medium,2026-12-31,
Performance task 9758,Generated test row 9758,todo,medium,2026-12-31,
Performance task 9759,Generated test row 9759,in_progress,medium,2026-12-31,
Performance task 9760,Generated test row 9760,todo,high,2026-12-31,
Performance task 9761,Generated test row 9761,todo,medium,2026-12-31,
Performance task 9762,Generated test row 9762,in_progress,medium,2026-12-31,
Performance task 9763,Generated test row 9763,todo,medium,2026-12-31,
Performance task 9764,Generated test row 9764,todo,medium,2026-12-31,
Performance task 9765,Generated test row 9765,in_progress,medium,2026-12-31,
Performance task 9766,Generated test row 9766,todo,medium,2026-12-31,
Performance task 9767,Generated test row 9767,todo,medium,2026-12-31,
Performance task 9768,Generated test row 9768,in_progress,medium,2026-12-31,
Performance task 9769,Generated test row 9769,todo,medium,2026-12-31,
Performance task 9770,Generated test row 9770,todo,high,2026-12-31,
Performance task 9771,Generated test row 9771,in_progress,medium,2026-12-31,
Performance task 9772,Generated test row 9772,todo,medium,2026-12-31,
Performance task 9773,Generated test row 9773,todo,medium,2026-12-31,
Performance task 9774,Generated test row 9774,in_progress,medium,2026-12-31,
Performance task 9775,Generated test row 9775,todo,medium,2026-12-31,
Performance task 9776,Generated test row 9776,todo,medium,2026-12-31,
Performance task 9777,Generated test row 9777,in_progress,medium,2026-12-31,
Performance task 9778,Generated test row 9778,todo,medium,2026-12-31,
Performance task 9779,Generated test row 9779,todo,medium,2026-12-31,
Performance task 9780,Generated test row 9780,in_progress,high,2026-12-31,
Performance task 9781,Generated test row 9781,todo,medium,2026-12-31,
Performance task 9782,Generated test row 9782,todo,medium,2026-12-31,
Performance task 9783,Generated test row 9783,in_progress,medium,2026-12-31,
Performance task 9784,Generated test row 9784,todo,medium,2026-12-31,
Performance task 9785,Generated test row 9785,todo,medium,2026-12-31,
Performance task 9786,Generated test row 9786,in_progress,medium,2026-12-31,
Performance task 9787,Generated test row 9787,todo,medium,2026-12-31,
Performance task 9788,Generated test row 9788,todo,medium,2026-12-31,
Performance task 9789,Generated test row 9789,in_progress,medium,2026-12-31,
Performance task 9790,Generated test row 9790,todo,high,2026-12-31,
Performance task 9791,Generated test row 9791,todo,medium,2026-12-31,
Performance task 9792,Generated test row 9792,in_progress,medium,2026-12-31,
Performance task 9793,Generated test row 9793,todo,medium,2026-12-31,
Performance task 9794,Generated test row 9794,todo,medium,2026-12-31,
Performance task 9795,Generated test row 9795,in_progress,medium,2026-12-31,
Performance task 9796,Generated test row 9796,todo,medium,2026-12-31,
Performance task 9797,Generated test row 9797,todo,medium,2026-12-31,
Performance task 9798,Generated test row 9798,in_progress,medium,2026-12-31,
Performance task 9799,Generated test row 9799,todo,medium,2026-12-31,
Performance task 9800,Generated test row 9800,invalid_status,high,2026-12-31,
Performance task 9801,Generated test row 9801,in_progress,medium,2026-12-31,
Performance task 9802,Generated test row 9802,todo,medium,2026-12-31,
Performance task 9803,Generated test row 9803,todo,medium,2026-12-31,
Performance task 9804,Generated test row 9804,in_progress,medium,2026-12-31,
Performance task 9805,Generated test row 9805,todo,medium,2026-12-31,
Performance task 9806,Generated test row 9806,todo,medium,2026-12-31,
Performance task 9807,Generated test row 9807,in_progress,medium,2026-12-31,
Performance task 9808,Generated test row 9808,todo,medium,2026-12-31,
Performance task 9809,Generated test row 9809,todo,medium,2026-12-31,
Performance task 9810,Generated test row 9810,in_progress,high,2026-12-31,
Performance task 9811,Generated test row 9811,todo,medium,2026-12-31,
Performance task 9812,Generated test row 9812,todo,medium,2026-12-31,
Performance task 9813,Generated test row 9813,in_progress,medium,2026-12-31,
Performance task 9814,Generated test row 9814,todo,medium,2026-12-31,
Performance task 9815,Generated test row 9815,todo,medium,2026-12-31,
Performance task 9816,Generated test row 9816,in_progress,medium,2026-12-31,
Performance task 9817,Generated test row 9817,todo,medium,2026-12-31,
Performance task 9818,Generated test row 9818,todo,medium,2026-12-31,
Performance task 9819,Generated test row 9819,in_progress,medium,2026-12-31,
Performance task 9820,Generated test row 9820,todo,high,2026-12-31,
Performance task 9821,Generated test row 9821,todo,medium,2026-12-31,
Performance task 9822,Generated test row 9822,in_progress,medium,2026-12-31,
Performance task 9823,Generated test row 9823,todo,medium,2026-12-31,
Performance task 9824,Generated test row 9824,todo,medium,2026-12-31,
Performance task 9825,Generated test row 9825,in_progress,medium,2026-12-31,
Performance task 9826,Generated test row 9826,todo,medium,2026-12-31,
Performance task 9827,Generated test row 9827,todo,medium,2026-12-31,
Performance task 9828,Generated test row 9828,in_progress,medium,2026-12-31,
Performance task 9829,Generated test row 9829,todo,medium,2026-12-31,
Performance task 9830,Generated test row 9830,todo,high,2026-12-31,
Performance task 9831,Generated test row 9831,in_progress,medium,2026-12-31,
Performance task 9832,Generated test row 9832,todo,medium,2026-12-31,
Performance task 9833,Generated test row 9833,todo,medium,2026-12-31,
Performance task 9834,Generated test row 9834,in_progress,medium,2026-12-31,
Performance task 9835,Generated test row 9835,todo,medium,2026-12-31,
Performance task 9836,Generated test row 9836,todo,medium,2026-12-31,
Performance task 9837,Generated test row 9837,in_progress,medium,2026-12-31,
Performance task 9838,Generated test row 9838,todo,medium,2026-12-31,
Performance task 9839,Generated test row 9839,todo,medium,2026-12-31,
Performance task 9840,Generated test row 9840,in_progress,high,2026-12-31,
Performance task 9841,Generated test row 9841,todo,medium,2026-12-31,
Performance task 9842,Generated test row 9842,todo,medium,2026-12-31,
Performance task 9843,Generated test row 9843,in_progress,medium,2026-12-31,
Performance task 9844,Generated test row 9844,todo,medium,2026-12-31,
Performance task 9845,Generated test row 9845,todo,medium,2026-12-31,
Performance task 9846,Generated test row 9846,in_progress,medium,2026-12-31,
Performance task 9847,Generated test row 9847,todo,medium,2026-12-31,
Performance task 9848,Generated test row 9848,todo,medium,2026-12-31,
Performance task 9849,Generated test row 9849,in_progress,medium,2026-12-31,
Performance task 9850,Generated test row 9850,todo,high,2026-12-31,
Performance task 9851,Generated test row 9851,todo,medium,2026-12-31,
Performance task 9852,Generated test row 9852,in_progress,medium,2026-12-31,
Performance task 9853,Generated test row 9853,todo,medium,2026-12-31,
Performance task 9854,Generated test row 9854,todo,medium,2026-12-31,
Performance task 9855,Generated test row 9855,in_progress,medium,2026-12-31,
Performance task 9856,Generated test row 9856,todo,medium,2026-12-31,
Performance task 9857,Generated test row 9857,todo,medium,2026-12-31,
Performance task 9858,Generated test row 9858,in_progress,medium,2026-12-31,
Performance task 9859,Generated test row 9859,todo,medium,2026-12-31,
Performance task 9860,Generated test row 9860,todo,high,2026-12-31,
Performance task 9861,Generated test row 9861,in_progress,medium,2026-12-31,
Performance task 9862,Generated test row 9862,todo,medium,2026-12-31,
Performance task 9863,Generated test row 9863,todo,medium,2026-12-31,
Performance task 9864,Generated test row 9864,in_progress,medium,2026-12-31,
Performance task 9865,Generated test row 9865,todo,medium,2026-12-31,
Performance task 9866,Generated test row 9866,todo,medium,2026-12-31,
Performance task 9867,Generated test row 9867,in_progress,medium,2026-12-31,
Performance task 9868,Generated test row 9868,todo,medium,2026-12-31,
Performance task 9869,Generated test row 9869,todo,medium,2026-12-31,
Performance task 9870,Generated test row 9870,in_progress,high,2026-12-31,
Performance task 9871,Generated test row 9871,todo,medium,2026-12-31,
Performance task 9872,Generated test row 9872,todo,medium,2026-12-31,
Performance task 9873,Generated test row 9873,in_progress,medium,2026-12-31,
Performance task 9874,Generated test row 9874,todo,medium,2026-12-31,
Performance task 9875,Generated test row 9875,todo,medium,2026-12-31,
Performance task 9876,Generated test row 9876,in_progress,medium,2026-12-31,
Performance task 9877,Generated test row 9877,todo,medium,2026-12-31,
Performance task 9878,Generated test row 9878,todo,medium,2026-12-31,
Performance task 9879,Generated test row 9879,in_progress,medium,2026-12-31,
Performance task 9880,Generated test row 9880,todo,high,2026-12-31,
Performance task 9881,Generated test row 9881,todo,medium,2026-12-31,
Performance task 9882,Generated test row 9882,in_progress,medium,2026-12-31,
Performance task 9883,Generated test row 9883,todo,medium,2026-12-31,
Performance task 9884,Generated test row 9884,todo,medium,2026-12-31,
Performance task 9885,Generated test row 9885,in_progress,medium,2026-12-31,
Performance task 9886,Generated test row 9886,todo,medium,2026-12-31,
Performance task 9887,Generated test row 9887,todo,medium,2026-12-31,
Performance task 9888,Generated test row 9888,in_progress,medium,2026-12-31,
Performance task 9889,Generated test row 9889,todo,medium,2026-12-31,
Performance task 9890,Generated test row 9890,todo,high,2026-12-31,
Performance task 9891,Generated test row 9891,in_progress,medium,2026-12-31,
Performance task 9892,Generated test row 9892,todo,medium,2026-12-31,
Performance task 9893,Generated test row 9893,todo,medium,2026-12-31,
Performance task 9894,Generated test row 9894,in_progress,medium,2026-12-31,
Performance task 9895,Generated test row 9895,todo,medium,2026-12-31,
Performance task 9896,Generated test row 9896,todo,medium,2026-12-31,
Performance task 9897,Generated test row 9897,in_progress,medium,2026-12-31,
Performance task 9898,Generated test row 9898,todo,medium,2026-12-31,
Performance task 9899,Generated test row 9899,todo,medium,2026-12-31,
Performance task 9900,Generated test row 9900,invalid_status,high,2026-12-31,
Performance task 9901,Generated test row 9901,todo,medium,2026-12-31,
Performance task 9902,Generated test row 9902,todo,medium,2026-12-31,
Performance task 9903,Generated test row 9903,in_progress,medium,2026-12-31,
Performance task 9904,Generated test row 9904,todo,medium,2026-12-31,
Performance task 9905,Generated test row 9905,todo,medium,2026-12-31,
Performance task 9906,Generated test row 9906,in_progress,medium,2026-12-31,
Performance task 9907,Generated test row 9907,todo,medium,2026-12-31,
Performance task 9908,Generated test row 9908,todo,medium,2026-12-31,
Performance task 9909,Generated test row 9909,in_progress,medium,2026-12-31,
Performance task 9910,Generated test row 9910,todo,high,2026-12-31,
Performance task 9911,Generated test row 9911,todo,medium,2026-12-31,
Performance task 9912,Generated test row 9912,in_progress,medium,2026-12-31,
Performance task 9913,Generated test row 9913,todo,medium,2026-12-31,
Performance task 9914,Generated test row 9914,todo,medium,2026-12-31,
Performance task 9915,Generated test row 9915,in_progress,medium,2026-12-31,
Performance task 9916,Generated test row 9916,todo,medium,2026-12-31,
Performance task 9917,Generated test row 9917,todo,medium,2026-12-31,
Performance task 9918,Generated test row 9918,in_progress,medium,2026-12-31,
Performance task 9919,Generated test row 9919,todo,medium,2026-12-31,
Performance task 9920,Generated test row 9920,todo,high,2026-12-31,
Performance task 9921,Generated test row 9921,in_progress,medium,2026-12-31,
Performance task 9922,Generated test row 9922,todo,medium,2026-12-31,
Performance task 9923,Generated test row 9923,todo,medium,2026-12-31,
Performance task 9924,Generated test row 9924,in_progress,medium,2026-12-31,
Performance task 9925,Generated test row 9925,todo,medium,2026-12-31,
Performance task 9926,Generated test row 9926,todo,medium,2026-12-31,
Performance task 9927,Generated test row 9927,in_progress,medium,2026-12-31,
Performance task 9928,Generated test row 9928,todo,medium,2026-12-31,
Performance task 9929,Generated test row 9929,todo,medium,2026-12-31,
Performance task 9930,Generated test row 9930,in_progress,high,2026-12-31,
Performance task 9931,Generated test row 9931,todo,medium,2026-12-31,
Performance task 9932,Generated test row 9932,todo,medium,2026-12-31,
Performance task 9933,Generated test row 9933,in_progress,medium,2026-12-31,
Performance task 9934,Generated test row 9934,todo,medium,2026-12-31,
Performance task 9935,Generated test row 9935,todo,medium,2026-12-31,
Performance task 9936,Generated test row 9936,in_progress,medium,2026-12-31,
Performance task 9937,Generated test row 9937,todo,medium,2026-12-31,
Performance task 9938,Generated test row 9938,todo,medium,2026-12-31,
Performance task 9939,Generated test row 9939,in_progress,medium,2026-12-31,
Performance task 9940,Generated test row 9940,todo,high,2026-12-31,
Performance task 9941,Generated test row 9941,todo,medium,2026-12-31,
Performance task 9942,Generated test row 9942,in_progress,medium,2026-12-31,
Performance task 9943,Generated test row 9943,todo,medium,2026-12-31,
Performance task 9944,Generated test row 9944,todo,medium,2026-12-31,
Performance task 9945,Generated test row 9945,in_progress,medium,2026-12-31,
Performance task 9946,Generated test row 9946,todo,medium,2026-12-31,
Performance task 9947,Generated test row 9947,todo,medium,2026-12-31,
Performance task 9948,Generated test row 9948,in_progress,medium,2026-12-31,
Performance task 9949,Generated test row 9949,todo,medium,2026-12-31,
Performance task 9950,Generated test row 9950,todo,high,2026-12-31,
Performance task 9951,Generated test row 9951,in_progress,medium,2026-12-31,
Performance task 9952,Generated test row 9952,todo,medium,2026-12-31,
Performance task 9953,Generated test row 9953,todo,medium,2026-12-31,
Performance task 9954,Generated test row 9954,in_progress,medium,2026-12-31,
Performance task 9955,Generated test row 9955,todo,medium,2026-12-31,
Performance task 9956,Generated test row 9956,todo,medium,2026-12-31,
Performance task 9957,Generated test row 9957,in_progress,medium,2026-12-31,
Performance task 9958,Generated test row 9958,todo,medium,2026-12-31,
Performance task 9959,Generated test row 9959,todo,medium,2026-12-31,
Performance task 9960,Generated test row 9960,in_progress,high,2026-12-31,
Performance task 9961,Generated test row 9961,todo,medium,2026-12-31,
Performance task 9962,Generated test row 9962,todo,medium,2026-12-31,
Performance task 9963,Generated test row 9963,in_progress,medium,2026-12-31,
Performance task 9964,Generated test row 9964,todo,medium,2026-12-31,
Performance task 9965,Generated test row 9965,todo,medium,2026-12-31,
Performance task 9966,Generated test row 9966,in_progress,medium,2026-12-31,
Performance task 9967,Generated test row 9967,todo,medium,2026-12-31,
Performance task 9968,Generated test row 9968,todo,medium,2026-12-31,
Performance task 9969,Generated test row 9969,in_progress,medium,2026-12-31,
Performance task 9970,Generated test row 9970,todo,high,2026-12-31,
Performance task 9971,Generated test row 9971,todo,medium,2026-12-31,
Performance task 9972,Generated test row 9972,in_progress,medium,2026-12-31,
Performance task 9973,Generated test row 9973,todo,medium,2026-12-31,
Performance task 9974,Generated test row 9974,todo,medium,2026-12-31,
Performance task 9975,Generated test row 9975,in_progress,medium,2026-12-31,
Performance task 9976,Generated test row 9976,todo,medium,2026-12-31,
Performance task 9977,Generated test row 9977,todo,medium,2026-12-31,
Performance task 9978,Generated test row 9978,in_progress,medium,2026-12-31,
Performance task 9979,Generated test row 9979,todo,medium,2026-12-31,
Performance task 9980,Generated test row 9980,todo,high,2026-12-31,
Performance task 9981,Generated test row 9981,in_progress,medium,2026-12-31,
Performance task 9982,Generated test row 9982,todo,medium,2026-12-31,
Performance task 9983,Generated test row 9983,todo,medium,2026-12-31,
Performance task 9984,Generated test row 9984,in_progress,medium,2026-12-31,
Performance task 9985,Generated test row 9985,todo,medium,2026-12-31,
Performance task 9986,Generated test row 9986,todo,medium,2026-12-31,
Performance task 9987,Generated test row 9987,in_progress,medium,2026-12-31,
Performance task 9988,Generated test row 9988,todo,medium,2026-12-31,
Performance task 9989,Generated test row 9989,todo,medium,2026-12-31,
Performance task 9990,Generated test row 9990,in_progress,high,2026-12-31,
Performance task 9991,Generated test row 9991,todo,medium,2026-12-31,
Performance task 9992,Generated test row 9992,todo,medium,2026-12-31,
Performance task 9993,Generated test row 9993,in_progress,medium,2026-12-31,
Performance task 9994,Generated test row 9994,todo,medium,2026-12-31,
Performance task 9995,Generated test row 9995,todo,medium,2026-12-31,
Performance task 9996,Generated test row 9996,in_progress,medium,2026-12-31,
Performance task 9997,Generated test row 9997,todo,medium,2026-12-31,
Performance task 9998,Generated test row 9998,todo,medium,2026-12-31,
Performance task 9999,Generated test row 9999,in_progress,medium,2026-12-31,
Performance task 10000,Generated test row 10000,invalid_status,high,2026-12-31,
